[NX v22.7.8 Daemon Client] - 2026-08-20T04:42:52.363Z - [Client] Starting new daemon server in background
[NX v22.7.8 Daemon Client] - 2026-08-20T04:42:52.467Z - [Client] Waiting for server (max: 6000 attempts, 10ms interval)
[NX v22.7.8 Daemon Server] - 2026-08-20T04:42:53.226Z - New daemon starting from: C:\Users\DhruvMehta\OneDrive - OmneNest Technologies Pvt Ltd\Desktop\productization-poc\node_modules\.pnpm\nx@22.7.8\node_modules\nx\dist\src\daemon\server\server.js
[NX v22.7.8 Daemon Server] - 2026-08-20T04:42:53.226Z - New daemon __dirname: C:\Users\DhruvMehta\OneDrive - OmneNest Technologies Pvt Ltd\Desktop\productization-poc\node_modules\.pnpm\nx@22.7.8\node_modules\nx\dist\src\daemon\server
[NX v22.7.8 Daemon Server] - 2026-08-20T04:42:53.227Z - New daemon nxVersion: 22.7.8
[NX v22.7.8 Daemon Server] - 2026-08-20T04:42:53.229Z - New daemon getInstalledNxVersion(): 22.7.8
[NX v22.7.8 Daemon Server] - 2026-08-20T04:42:53.232Z - Time taken for 'workspace context init' 2.4172000000000935ms
[NX v22.7.8 Daemon Server] - 2026-08-20T04:42:53.241Z - [Server] Starting outdated check interval (20ms)
[NX v22.7.8 Daemon Server] - 2026-08-20T04:42:53.242Z - Started listening on: \\.\pipe\nx\C:\Users\DHRUVM~1\AppData\Local\Temp\9150de8972d8303bc3ed\d.sock
[NX v22.7.8 Daemon Server] - 2026-08-20T04:42:53.244Z - [WATCHER]: Subscribed to changes within: C:\Users\DhruvMehta\OneDrive - OmneNest Technologies Pvt Ltd\Desktop\productization-poc (native)
[NX v22.7.8 Daemon Server] - 2026-08-20T04:42:53.244Z - [LATEST-NX]: Pulling latest Nx...
[NX v22.7.8 Daemon Client] - 2026-08-20T04:42:53.251Z - [Client] Server available
[NX v22.7.8 Daemon Server] - 2026-08-20T04:42:53.258Z - [AI-AGENTS]: Starting agent configuration status computation
[NX v22.7.8 Daemon Server] - 2026-08-20T04:42:53.259Z - Established a connection. Number of open connections: 1
[NX v22.7.8 Daemon Client] - 2026-08-20T04:42:53.258Z - [Client] Daemon server started, pid=24460
[NX v22.7.8 Daemon Server] - 2026-08-20T04:42:53.260Z - Closed a connection. Number of open connections: 0
[NX v22.7.8 Daemon Server] - 2026-08-20T04:42:53.266Z - Established a connection. Number of open connections: 1
[NX v22.7.8 Daemon Client] - 2026-08-20T04:42:53.264Z - [Messenger] Setting up socket listeners
[NX v22.7.8 Daemon Client] - 2026-08-20T04:42:53.270Z - [Messenger] listen() complete
[isolated-plugin] spawned worker for "C:\Users\DhruvMehta\OneDrive - OmneNest Technologies Pvt Ltd\Desktop\productization-poc\node_modules\.pnpm\nx@22.7.8\node_modules\nx\dist\src\plugins\js" (pid: 8592, socket: \\.\pipe\nx\C:\Users\DHRUVM~1\AppData\Local\Temp\plugin24460-0-849.0384.sock)
[isolated-plugin] spawned worker for "C:\Users\DhruvMehta\OneDrive - OmneNest Technologies Pvt Ltd\Desktop\productization-poc\node_modules\.pnpm\nx@22.7.8\node_modules\nx\dist\src\plugins\package-json" (pid: 2912, socket: \\.\pipe\nx\C:\Users\DHRUVM~1\AppData\Local\Temp\plugin24460-1-1010.3719.sock)
[isolated-plugin] spawned worker for "C:\Users\DhruvMehta\OneDrive - OmneNest Technologies Pvt Ltd\Desktop\productization-poc\node_modules\.pnpm\nx@22.7.8\node_modules\nx\dist\src\plugins\project-json\build-nodes\project-json" (pid: 6260, socket: \\.\pipe\nx\C:\Users\DHRUVM~1\AppData\Local\Temp\plugin24460-2-1114.9704.sock)
[NX v22.7.8 Daemon Server] - 2026-08-20T04:42:53.725Z - Time taken for 'loadSpecifiedNxPlugins' 370.3152ms
[plugin-worker] "C:\Users\DhruvMehta\OneDrive - OmneNest Technologies Pvt Ltd\Desktop\productization-poc\node_modules\.pnpm\nx@22.7.8\node_modules\nx\dist\src\plugins\js" (pid: 8592) listening on \\.\pipe\nx\C:\Users\DHRUVM~1\AppData\Local\Temp\plugin24460-0-849.0384.sock
[1m[33mTime taken for 'plugin worker 8592 code loading' 304.0071ms[39m[22m
[isolated-plugin] connected to worker for "C:\Users\DhruvMehta\OneDrive - OmneNest Technologies Pvt Ltd\Desktop\productization-poc\node_modules\.pnpm\nx@22.7.8\node_modules\nx\dist\src\plugins\js" (pid: 8592)
[plugin-worker] "C:\Users\DhruvMehta\OneDrive - OmneNest Technologies Pvt Ltd\Desktop\productization-poc\node_modules\.pnpm\nx@22.7.8\node_modules\nx\dist\src\plugins\js" (pid: 8592) connected
[NX v22.7.8 Daemon Server] - 2026-08-20T04:42:53.915Z - Time taken for 'start-plugin-worker:C:\Users\DhruvMehta\OneDrive - OmneNest Technologies Pvt Ltd\Desktop\productization-poc\node_modules\.pnpm\nx@22.7.8\node_modules\nx\dist\src\plugins\js' 558.2705000000001ms
[plugin-worker] "C:\Users\DhruvMehta\OneDrive - OmneNest Technologies Pvt Ltd\Desktop\productization-poc\node_modules\.pnpm\nx@22.7.8\node_modules\nx\dist\src\plugins\package-json" (pid: 2912) listening on \\.\pipe\nx\C:\Users\DHRUVM~1\AppData\Local\Temp\plugin24460-1-1010.3719.sock
[isolated-plugin] connected to worker for "C:\Users\DhruvMehta\OneDrive - OmneNest Technologies Pvt Ltd\Desktop\productization-poc\node_modules\.pnpm\nx@22.7.8\node_modules\nx\dist\src\plugins\package-json" (pid: 2912)
[1m[33mTime taken for 'plugin worker 2912 code loading' 282.8965ms[39m[22m
[NX v22.7.8 Daemon Server] - 2026-08-20T04:42:53.990Z - Time taken for 'start-plugin-worker:C:\Users\DhruvMehta\OneDrive - OmneNest Technologies Pvt Ltd\Desktop\productization-poc\node_modules\.pnpm\nx@22.7.8\node_modules\nx\dist\src\plugins\package-json' 472.7716999999999ms
[plugin-worker] "C:\Users\DhruvMehta\OneDrive - OmneNest Technologies Pvt Ltd\Desktop\productization-poc\node_modules\.pnpm\nx@22.7.8\node_modules\nx\dist\src\plugins\package-json" (pid: 2912) connected
[plugin-worker] "C:\Users\DhruvMehta\OneDrive - OmneNest Technologies Pvt Ltd\Desktop\productization-poc\node_modules\.pnpm\nx@22.7.8\node_modules\nx\dist\src\plugins\project-json\build-nodes\project-json" (pid: 6260) listening on \\.\pipe\nx\C:\Users\DHRUVM~1\AppData\Local\Temp\plugin24460-2-1114.9704.sock
[1m[33mTime taken for 'plugin worker 6260 code loading' 283.48199999999997ms[39m[22m
[isolated-plugin] connected to worker for "C:\Users\DhruvMehta\OneDrive - OmneNest Technologies Pvt Ltd\Desktop\productization-poc\node_modules\.pnpm\nx@22.7.8\node_modules\nx\dist\src\plugins\project-json\build-nodes\project-json" (pid: 6260)
[NX v22.7.8 Daemon Server] - 2026-08-20T04:42:54.107Z - Time taken for 'start-plugin-worker:C:\Users\DhruvMehta\OneDrive - OmneNest Technologies Pvt Ltd\Desktop\productization-poc\node_modules\.pnpm\nx@22.7.8\node_modules\nx\dist\src\plugins\project-json\build-nodes\project-json' 485.5543ms
[plugin-worker] "C:\Users\DhruvMehta\OneDrive - OmneNest Technologies Pvt Ltd\Desktop\productization-poc\node_modules\.pnpm\nx@22.7.8\node_modules\nx\dist\src\plugins\project-json\build-nodes\project-json" (pid: 6260) connected
[NX v22.7.8 Daemon Client] - 2026-08-20T04:42:54.123Z - [Messenger] Sending message type: REQUEST_PROJECT_GRAPH
[NX v22.7.8 Daemon Client] - 2026-08-20T04:42:54.130Z - [Messenger] Message sent
[NX v22.7.8 Daemon Server] - 2026-08-20T04:42:54.139Z - Received raw message of length 4696
[NX v22.7.8 Daemon Server] - 2026-08-20T04:42:54.139Z - Received json message of type REQUEST_PROJECT_GRAPH
[NX v22.7.8 Daemon Server] - 2026-08-20T04:42:54.139Z - [REQUEST]: Client Request for Project Graph Received
[plugin-worker] "C:\Users\DhruvMehta\OneDrive - OmneNest Technologies Pvt Ltd\Desktop\productization-poc\node_modules\.pnpm\nx@22.7.8\node_modules\nx\dist\src\plugins\package-json" (pid: 2912) loaded successfully
[NX v22.7.8 Daemon Server] - 2026-08-20T04:42:54.156Z - Time taken for 'Load Nx Plugin: C:\Users\DhruvMehta\OneDrive - OmneNest Technologies Pvt Ltd\Desktop\productization-poc\node_modules\.pnpm\nx@22.7.8\node_modules\nx\dist\src\plugins\package-json' 801.6198ms
[plugin-worker] "C:\Users\DhruvMehta\OneDrive - OmneNest Technologies Pvt Ltd\Desktop\productization-poc\node_modules\.pnpm\nx@22.7.8\node_modules\nx\dist\src\plugins\project-json\build-nodes\project-json" (pid: 6260) loaded successfully
[plugin-worker] "C:\Users\DhruvMehta\OneDrive - OmneNest Technologies Pvt Ltd\Desktop\productization-poc\node_modules\.pnpm\nx@22.7.8\node_modules\nx\dist\src\plugins\js" (pid: 8592) loaded successfully
[NX v22.7.8 Daemon Server] - 2026-08-20T04:42:54.243Z - Time taken for 'Load Nx Plugin: C:\Users\DhruvMehta\OneDrive - OmneNest Technologies Pvt Ltd\Desktop\productization-poc\node_modules\.pnpm\nx@22.7.8\node_modules\nx\dist\src\plugins\project-json\build-nodes\project-json' 888.2446000000001ms
[NX v22.7.8 Daemon Server] - 2026-08-20T04:42:54.245Z - [REQUEST]: Updated workspace context based on watched changes, recomputing project graph...
[NX v22.7.8 Daemon Server] - 2026-08-20T04:42:54.245Z - [REQUEST]: 
[NX v22.7.8 Daemon Server] - 2026-08-20T04:42:54.245Z - [REQUEST]: 
[NX v22.7.8 Daemon Server] - 2026-08-20T04:42:54.246Z - Reusing in-memory cached project graph because no files changed.
[NX v22.7.8 Daemon Server] - 2026-08-20T04:42:54.247Z - Streaming message to client: progress update for topic graph-construction
[NX v22.7.8 Daemon Client] - 2026-08-20T04:42:54.245Z - [Messenger] Received message, length: 47
[NX v22.7.8 Daemon Server] - 2026-08-20T04:42:54.250Z - Time taken for 'loadDefaultNxPlugins' 890.7158000000001ms
[NX v22.7.8 Daemon Server] - 2026-08-20T04:42:54.250Z - Time taken for 'Load Nx Plugin: C:\Users\DhruvMehta\OneDrive - OmneNest Technologies Pvt Ltd\Desktop\productization-poc\node_modules\.pnpm\nx@22.7.8\node_modules\nx\dist\src\plugins\js' 890.4876ms
[NX v22.7.8 Daemon Server] - 2026-08-20T04:42:54.250Z - Time taken for 'hash changed files from watcher' 0.10449999999991633ms
[1m[33mTime taken for 'nx/core/project-json:createNodes' 0.6677999999999997ms[39m[22m
[isolated-plugin] shutting down worker for "nx/core/project-json" after createNodes
[NX v22.7.8 Daemon Server] - 2026-08-20T04:42:54.254Z - Streaming message to client: progress update for topic graph-construction
[NX v22.7.8 Daemon Client] - 2026-08-20T04:42:54.253Z - [Messenger] Received message, length: 153
[1m[33mTime taken for 'nx/core/package-json:createNodes' 5.65969999999993ms[39m[22m
[isolated-plugin] shutting down worker for "nx/core/package-json" after createNodes
[NX v22.7.8 Daemon Server] - 2026-08-20T04:42:54.259Z - Streaming message to client: progress update for topic graph-construction
[NX v22.7.8 Daemon Client] - 2026-08-20T04:42:54.260Z - [Messenger] Received message, length: 112
[1m[33mTime taken for 'nx/js/dependencies-and-lockfile:createNodes' 47.57140000000004ms[39m[22m
[NX v22.7.8 Daemon Server] - 2026-08-20T04:42:54.301Z - Streaming message to client: progress update for topic graph-construction
[NX v22.7.8 Daemon Client] - 2026-08-20T04:42:54.300Z - [Messenger] Received message, length: 47
[NX v22.7.8 Daemon Server] - 2026-08-20T04:42:54.321Z - Streaming message to client: progress update for topic graph-construction
[NX v22.7.8 Daemon Server] - 2026-08-20T04:42:54.322Z - Time taken for 'build-project-configs' 63.329099999999926ms
[NX v22.7.8 Daemon Server] - 2026-08-20T04:42:54.322Z - Time taken for 'createNodes:merge' 7.779199999999946ms
[NX v22.7.8 Daemon Server] - 2026-08-20T04:42:54.322Z - Time taken for 'native-file-deps' 0.003400000000056025ms
[NX v22.7.8 Daemon Server] - 2026-08-20T04:42:54.322Z - Time taken for 'get-workspace-files' 0.4934000000000651ms
[NX v22.7.8 Daemon Server] - 2026-08-20T04:42:54.322Z - Time taken for 'get-all-workspace-files' 6.309500000000071ms
[NX v22.7.8 Daemon Server] - 2026-08-20T04:42:54.322Z - Time taken for 'read cache' 0.19309999999995853ms
[NX v22.7.8 Daemon Client] - 2026-08-20T04:42:54.323Z - [Messenger] Received message, length: 47
[1m[33mTime taken for 'build typescript dependencies' 1.2393999999999323ms[39m[22m
[isolated-plugin] shutting down worker for "nx/js/dependencies-and-lockfile" after createDependencies
[NX v22.7.8 Daemon Server] - 2026-08-20T04:42:54.405Z - Streaming message to client: progress update for topic graph-construction
[NX v22.7.8 Daemon Client] - 2026-08-20T04:42:54.404Z - [Messenger] Received message, length: 47
[NX v22.7.8 Daemon Server] - 2026-08-20T04:42:54.407Z - [SYNC]: collect registered sync generators
[NX v22.7.8 Daemon Server] - 2026-08-20T04:42:54.447Z - Wrote project graph cache to C:\Users\DhruvMehta\OneDrive - OmneNest Technologies Pvt Ltd\Desktop\productization-poc\.nx\workspace-data\project-graph.json
[NX v22.7.8 Daemon Server] - 2026-08-20T04:42:54.447Z - Serializing response for REQUEST_PROJECT_GRAPH message in json mode
[NX v22.7.8 Daemon Server] - 2026-08-20T04:42:54.447Z - Responding to REQUEST_PROJECT_GRAPH message
[NX v22.7.8 Daemon Server] - 2026-08-20T04:42:54.447Z - [REQUEST]: Responding to the client. project-graph
[NX v22.7.8 Daemon Server] - 2026-08-20T04:42:54.447Z - Time taken for 'total for creating and serializing project graph' 307.70399999999995ms
[NX v22.7.8 Daemon Server] - 2026-08-20T04:42:54.447Z - Time taken for 'total execution time for createProjectGraph()' 90.01729999999998ms
[NX v22.7.8 Daemon Server] - 2026-08-20T04:42:54.447Z - Time taken for 'createDependencies' 85.77869999999984ms
[NX v22.7.8 Daemon Server] - 2026-08-20T04:42:54.447Z - Time taken for 'nx/js/dependencies-and-lockfile:createDependencies' 85.38499999999999ms
[NX v22.7.8 Daemon Server] - 2026-08-20T04:42:54.447Z - Time taken for 'createMetadata' 0.019700000000057116ms
[NX v22.7.8 Daemon Server] - 2026-08-20T04:42:54.447Z - Time taken for 'serialize graph' 0.3836999999998625ms
[NX v22.7.8 Daemon Server] - 2026-08-20T04:42:54.447Z - Time taken for 'write cache' 38.42329999999993ms
[NX v22.7.8 Daemon Server] - 2026-08-20T04:42:54.450Z - Done responding to the client project-graph
[NX v22.7.8 Daemon Server] - 2026-08-20T04:42:54.450Z - Handled json message REQUEST_PROJECT_GRAPH. Handling time: 308. Response time: 3.
[NX v22.7.8 Daemon Client] - 2026-08-20T04:42:54.448Z - [Messenger] Received message, length: 185060
[NX v22.7.8 Daemon Client] - 2026-08-20T04:42:54.457Z - [Messenger] Sending message type: PRE_TASKS_EXECUTION
[NX v22.7.8 Daemon Client] - 2026-08-20T04:42:54.463Z - [Messenger] Message sent
[NX v22.7.8 Daemon Server] - 2026-08-20T04:42:54.472Z - Received raw message of length 502
[NX v22.7.8 Daemon Server] - 2026-08-20T04:42:54.472Z - Received json message of type PRE_TASKS_EXECUTION
[NX v22.7.8 Daemon Server] - 2026-08-20T04:42:54.474Z - Serializing response for PRE_TASKS_EXECUTION message in json mode
[NX v22.7.8 Daemon Server] - 2026-08-20T04:42:54.474Z - Responding to PRE_TASKS_EXECUTION message
[NX v22.7.8 Daemon Server] - 2026-08-20T04:42:54.474Z - [REQUEST]: Responding to the client. handleRunPreTasksExecution
[NX v22.7.8 Daemon Server] - 2026-08-20T04:42:54.474Z - Time taken for 'preTasksExecution' 1.4465999999999894ms
[NX v22.7.8 Daemon Server] - 2026-08-20T04:42:54.474Z - Done responding to the client handleRunPreTasksExecution
[NX v22.7.8 Daemon Server] - 2026-08-20T04:42:54.474Z - Handled json message PRE_TASKS_EXECUTION. Handling time: 2. Response time: 0.
[NX v22.7.8 Daemon Client] - 2026-08-20T04:42:54.472Z - [Messenger] Received message, length: 2
[NX v22.7.8 Daemon Client] - 2026-08-20T04:42:54.716Z - [Messenger] Sending message type: HASH_TASKS
[NX v22.7.8 Daemon Client] - 2026-08-20T04:42:54.722Z - [Messenger] Message sent
[NX v22.7.8 Daemon Server] - 2026-08-20T04:42:54.730Z - Received raw message of length 6237
[NX v22.7.8 Daemon Server] - 2026-08-20T04:42:54.730Z - Received json message of type HASH_TASKS
[NX v22.7.8 Daemon Server] - 2026-08-20T04:42:54.731Z - Reusing in-memory cached project graph because no files changed.
DEBUG nx::native::tasks::hash_planner: get_plans_internal COMPLETED in 660.7µs - processed 1 tasks (setup: 488.5µs, parallel_planning: 169.7µs)
DEBUG nx::native::tasks::hashers::hash_workspace_files: Hashing workspace fileset with inputs: Adding "4613372190725536043" ("nx.json") to hash
DEBUG nx::native::tasks::hashers::hash_workspace_files: Hashing workspace fileset with inputs: Hash Value: "17841173534815228475"
DEBUG nx::native::tasks::task_hasher: hash_plans COMPLETED in 1.623ms - processed 1 plans (setup: 83.7µs, hashing: 1.5382ms, assembly: 459µs)
[NX v22.7.8 Daemon Server] - 2026-08-20T04:42:54.736Z - Serializing response for HASH_TASKS message in json mode
[NX v22.7.8 Daemon Server] - 2026-08-20T04:42:54.736Z - Responding to HASH_TASKS message
[NX v22.7.8 Daemon Server] - 2026-08-20T04:42:54.736Z - [REQUEST]: Responding to the client. handleHashTasks
[NX v22.7.8 Daemon Server] - 2026-08-20T04:42:54.736Z - Done responding to the client handleHashTasks
[NX v22.7.8 Daemon Server] - 2026-08-20T04:42:54.736Z - Handled json message HASH_TASKS. Handling time: 6. Response time: 0.
[NX v22.7.8 Daemon Client] - 2026-08-20T04:42:54.735Z - [Messenger] Received message, length: 20034
[NX v22.7.8 Daemon Client] - 2026-08-20T04:42:54.749Z - [Messenger] Sending message type: GET_ESTIMATED_TASK_TIMINGS
[NX v22.7.8 Daemon Client] - 2026-08-20T04:42:54.755Z - [Messenger] Message sent
[NX v22.7.8 Daemon Server] - 2026-08-20T04:42:54.768Z - Received raw message of length 87
[NX v22.7.8 Daemon Server] - 2026-08-20T04:42:54.768Z - Received json message of type GET_ESTIMATED_TASK_TIMINGS
[NX v22.7.8 Daemon Server] - 2026-08-20T04:42:54.780Z - Serializing response for GET_ESTIMATED_TASK_TIMINGS message in json mode
[NX v22.7.8 Daemon Server] - 2026-08-20T04:42:54.780Z - Responding to GET_ESTIMATED_TASK_TIMINGS message
[NX v22.7.8 Daemon Server] - 2026-08-20T04:42:54.780Z - [REQUEST]: Responding to the client. handleGetEstimatedTaskTimings
[NX v22.7.8 Daemon Client] - 2026-08-20T04:42:54.778Z - [Messenger] Received message, length: 2
[NX v22.7.8 Daemon Server] - 2026-08-20T04:42:54.782Z - Done responding to the client handleGetEstimatedTaskTimings
[NX v22.7.8 Daemon Server] - 2026-08-20T04:42:54.782Z - Handled json message GET_ESTIMATED_TASK_TIMINGS. Handling time: 12. Response time: 2.
[NX v22.7.8 Daemon Server] - 2026-08-20T04:42:54.834Z - [WATCHER]: 0 file(s) created or restored, 0 file(s) modified, 0 file(s) deleted
[NX v22.7.8 Daemon Server] - 2026-08-20T04:42:54.936Z - [REQUEST]: Updated workspace context based on watched changes, recomputing project graph...
[NX v22.7.8 Daemon Server] - 2026-08-20T04:42:54.936Z - [REQUEST]: 
[NX v22.7.8 Daemon Server] - 2026-08-20T04:42:54.936Z - [REQUEST]: 
[plugin-client] restarting worker for "nx/js/dependencies-and-lockfile"
[isolated-plugin] spawned worker for "nx/js/dependencies-and-lockfile" (pid: 23836, socket: \\.\pipe\nx\C:\Users\DHRUVM~1\AppData\Local\Temp\plugin24460-3-2431.4865.sock)
[plugin-client] restarting worker for "nx/core/package-json"
[isolated-plugin] spawned worker for "nx/core/package-json" (pid: 16256, socket: \\.\pipe\nx\C:\Users\DHRUVM~1\AppData\Local\Temp\plugin24460-4-2522.994.sock)
[plugin-client] restarting worker for "nx/core/project-json"
[isolated-plugin] spawned worker for "nx/core/project-json" (pid: 24396, socket: \\.\pipe\nx\C:\Users\DHRUVM~1\AppData\Local\Temp\plugin24460-5-2625.4956.sock)
[NX v22.7.8 Daemon Server] - 2026-08-20T04:42:55.241Z - Time taken for 'hash changed files from watcher' 0.04280000000017026ms
[isolated-plugin] connected to worker for "nx/js/dependencies-and-lockfile" (pid: 23836)
[plugin-worker] "nx/js/dependencies-and-lockfile" (pid: 23836) listening on \\.\pipe\nx\C:\Users\DHRUVM~1\AppData\Local\Temp\plugin24460-3-2431.4865.sock
[NX v22.7.8 Daemon Server] - 2026-08-20T04:42:55.403Z - Time taken for 'start-plugin-worker:nx/js/dependencies-and-lockfile' 465.5609999999997ms
[plugin-worker] "nx/js/dependencies-and-lockfile" (pid: 23836) connected
[1m[33mTime taken for 'plugin worker 23836 code loading' 293.6091ms[39m[22m
[plugin-worker] "nx/core/package-json" (pid: 16256) listening on \\.\pipe\nx\C:\Users\DHRUVM~1\AppData\Local\Temp\plugin24460-4-2522.994.sock
[1m[33mTime taken for 'plugin worker 16256 code loading' 290.65729999999996ms[39m[22m
[isolated-plugin] connected to worker for "nx/core/package-json" (pid: 16256)
[NX v22.7.8 Daemon Server] - 2026-08-20T04:42:55.519Z - Time taken for 'start-plugin-worker:nx/core/package-json' 489.18139999999994ms
[plugin-worker] "nx/core/package-json" (pid: 16256) connected
[plugin-worker] "nx/js/dependencies-and-lockfile" (pid: 23836) loaded successfully
[1m[33mTime taken for 'nx/js/dependencies-and-lockfile:createNodes' 4.5464999999999804ms[39m[22m
[plugin-worker] "nx/core/project-json" (pid: 24396) listening on \\.\pipe\nx\C:\Users\DHRUVM~1\AppData\Local\Temp\plugin24460-5-2625.4956.sock
[1m[33mTime taken for 'plugin worker 24396 code loading' 271.05830000000003ms[39m[22m
[isolated-plugin] connected to worker for "nx/core/project-json" (pid: 24396)
[NX v22.7.8 Daemon Server] - 2026-08-20T04:42:55.618Z - Time taken for 'start-plugin-worker:nx/core/project-json' 486.2977999999998ms
[plugin-worker] "nx/core/project-json" (pid: 24396) connected
[plugin-worker] "nx/core/package-json" (pid: 16256) loaded successfully
[1m[33mTime taken for 'nx/core/package-json:createNodes' 5.204599999999971ms[39m[22m
[isolated-plugin] shutting down worker for "nx/core/package-json" after createNodes
[plugin-worker] "nx/core/project-json" (pid: 24396) loaded successfully
[1m[33mTime taken for 'nx/core/project-json:createNodes' 0.6142999999999574ms[39m[22m
[isolated-plugin] shutting down worker for "nx/core/project-json" after createNodes
[NX v22.7.8 Daemon Server] - 2026-08-20T04:42:55.745Z - Time taken for 'build-project-configs' 805.1496999999999ms
[NX v22.7.8 Daemon Server] - 2026-08-20T04:42:55.745Z - Time taken for 'createNodes:merge' 0.26830000000018117ms
[NX v22.7.8 Daemon Server] - 2026-08-20T04:42:55.745Z - Time taken for 'get-all-workspace-files' 0.02820000000019718ms
[1m[33mTime taken for 'build typescript dependencies' 0.10110000000008768ms[39m[22m
[isolated-plugin] shutting down worker for "nx/js/dependencies-and-lockfile" after createDependencies
[NX v22.7.8 Daemon Server] - 2026-08-20T04:42:55.751Z - [SYNC]: collect registered sync generators
[NX v22.7.8 Daemon Server] - 2026-08-20T04:42:55.752Z - [SYNC]: project graph hash is the same, not collecting task sync generators
[NX v22.7.8 Daemon Server] - 2026-08-20T04:42:55.752Z - [SYNC]: nx.json hash is the same, not collecting global sync generators
[NX v22.7.8 Daemon Server] - 2026-08-20T04:42:55.752Z - Time taken for 'total execution time for createProjectGraph()' 8.106199999999717ms
[NX v22.7.8 Daemon Server] - 2026-08-20T04:42:55.752Z - Time taken for 'createDependencies' 5.797699999999622ms
[NX v22.7.8 Daemon Server] - 2026-08-20T04:42:55.752Z - Time taken for 'nx/js/dependencies-and-lockfile:createDependencies' 5.7249000000001615ms
[NX v22.7.8 Daemon Server] - 2026-08-20T04:42:55.752Z - Time taken for 'createMetadata' 0.008499999999912689ms
[NX v22.7.8 Daemon Server] - 2026-08-20T04:42:55.752Z - Time taken for 'serialize graph' 0.433100000000195ms
Fetching nx...
[NX v22.7.8 Daemon Server] - 2026-08-20T04:43:05.506Z - [LATEST-NX]: Successfully pulled latest Nx to C:\Users\DHRUVM~1\AppData\Local\Temp\tmp-24460-pyGHj9n677uN
[NX v22.7.8 Daemon Server] - 2026-08-20T04:43:05.507Z - [NX-CONSOLE]: Using local implementation (NX_USE_LOCAL=true or inner call)
DEBUG nx::native::ide::preferences: Loaded console preferences: NxConsolePreferences { auto_install_console: Some(false), path: "C:\\Users\\DhruvMehta\\.nx\\ide.json" }
[NX v22.7.8 Daemon Server] - 2026-08-20T04:43:05.509Z - [AI-AGENTS]: Failed to compute agent configuration status from latest Nx. Error: Only URLs with a scheme in: file, data, and node are supported by the default ESM loader. On Windows, absolute paths must be valid file:// URLs. Received protocol 'c:'
DEBUG nx::native::ide::install: Detected editor: VSCode
[NX v22.7.8 Daemon Server] - 2026-08-20T04:43:05.509Z - [AI-AGENTS]: Agent configuration status computation completed: 0 fully configured, 0 outdated, 0 partially configured, 0 non-configured
DEBUG nx::native::ide::install: Checking if Nx Console extension is installed with: code.cmd --list-extensions
DEBUG nx::native::ide::install: Nx Console extension is installed
[NX v22.7.8 Daemon Server] - 2026-08-20T04:43:06.212Z - [NX-CONSOLE]: Console status check completed, shouldPrompt: false
[NX v22.7.8 Daemon Server] - 2026-08-20T04:43:15.188Z - [WATCHER]: Processing file changes in outputs
[NX v22.7.8 Daemon Server] - 2026-08-20T04:43:15.189Z - [WATCHER]: apps/portal/src/app/AppShell.tsx was modified
[NX v22.7.8 Daemon Server] - 2026-08-20T04:43:15.189Z - [WATCHER]: File changes detected:
Created:
(none)
Updated:
  - apps/portal/src/app/AppShell.tsx
Deleted:
(none)
[NX v22.7.8 Daemon Server] - 2026-08-20T04:43:15.189Z - [SYNC]: clearing sync generators cache due to file changes
[NX v22.7.8 Daemon Server] - 2026-08-20T04:43:15.394Z - [REQUEST]: Updated workspace context based on watched changes, recomputing project graph...
[NX v22.7.8 Daemon Server] - 2026-08-20T04:43:15.394Z - [REQUEST]: apps/portal/src/app/AppShell.tsx
[NX v22.7.8 Daemon Server] - 2026-08-20T04:43:15.394Z - [REQUEST]: 
[plugin-client] restarting worker for "nx/js/dependencies-and-lockfile"
[isolated-plugin] spawned worker for "nx/js/dependencies-and-lockfile" (pid: 9080, socket: \\.\pipe\nx\C:\Users\DHRUVM~1\AppData\Local\Temp\plugin24460-6-22890.419.sock)
[plugin-client] restarting worker for "nx/core/package-json"
[isolated-plugin] spawned worker for "nx/core/package-json" (pid: 20020, socket: \\.\pipe\nx\C:\Users\DHRUVM~1\AppData\Local\Temp\plugin24460-7-22980.1933.sock)
[plugin-client] restarting worker for "nx/core/project-json"
[isolated-plugin] spawned worker for "nx/core/project-json" (pid: 4440, socket: \\.\pipe\nx\C:\Users\DHRUVM~1\AppData\Local\Temp\plugin24460-8-23072.392.sock)
[NX v22.7.8 Daemon Server] - 2026-08-20T04:43:15.678Z - Time taken for 'hash changed files from watcher' 0.5869999999995343ms
[plugin-worker] "nx/js/dependencies-and-lockfile" (pid: 9080) listening on \\.\pipe\nx\C:\Users\DHRUVM~1\AppData\Local\Temp\plugin24460-6-22890.419.sock
[isolated-plugin] connected to worker for "nx/js/dependencies-and-lockfile" (pid: 9080)
[1m[33mTime taken for 'plugin worker 9080 code loading' 272.1478ms[39m[22m
[NX v22.7.8 Daemon Server] - 2026-08-20T04:43:15.831Z - Time taken for 'start-plugin-worker:nx/js/dependencies-and-lockfile' 434.08469999999943ms
[plugin-worker] "nx/js/dependencies-and-lockfile" (pid: 9080) connected
[isolated-plugin] connected to worker for "nx/core/package-json" (pid: 20020)
[plugin-worker] "nx/core/package-json" (pid: 20020) listening on \\.\pipe\nx\C:\Users\DHRUVM~1\AppData\Local\Temp\plugin24460-7-22980.1933.sock
[NX v22.7.8 Daemon Server] - 2026-08-20T04:43:15.917Z - Time taken for 'start-plugin-worker:nx/core/package-json' 430.46169999999984ms
[plugin-worker] "nx/core/package-json" (pid: 20020) connected
[1m[33mTime taken for 'plugin worker 20020 code loading' 257.1374ms[39m[22m
[plugin-worker] "nx/js/dependencies-and-lockfile" (pid: 9080) loaded successfully
[1m[33mTime taken for 'nx/js/dependencies-and-lockfile:createNodes' 3.782800000000009ms[39m[22m
[plugin-worker] "nx/core/project-json" (pid: 4440) listening on \\.\pipe\nx\C:\Users\DHRUVM~1\AppData\Local\Temp\plugin24460-8-23072.392.sock
[isolated-plugin] connected to worker for "nx/core/project-json" (pid: 4440)
[1m[33mTime taken for 'plugin worker 4440 code loading' 253.9497ms[39m[22m
[NX v22.7.8 Daemon Server] - 2026-08-20T04:43:16.010Z - Time taken for 'start-plugin-worker:nx/core/project-json' 431.46960000000036ms
[plugin-worker] "nx/core/project-json" (pid: 4440) connected
[plugin-worker] "nx/core/package-json" (pid: 20020) loaded successfully
[1m[33mTime taken for 'nx/core/package-json:createNodes' 4.608200000000011ms[39m[22m
[isolated-plugin] shutting down worker for "nx/core/package-json" after createNodes
[plugin-worker] "nx/core/project-json" (pid: 4440) loaded successfully
[1m[33mTime taken for 'nx/core/project-json:createNodes' 0.5481000000000336ms[39m[22m
[isolated-plugin] shutting down worker for "nx/core/project-json" after createNodes
[NX v22.7.8 Daemon Server] - 2026-08-20T04:43:16.134Z - Time taken for 'build-project-configs' 735.5144ms
[NX v22.7.8 Daemon Server] - 2026-08-20T04:43:16.134Z - Time taken for 'createNodes:merge' 0.3526000000019849ms
[NX v22.7.8 Daemon Server] - 2026-08-20T04:43:16.134Z - Time taken for 'get-all-workspace-files' 0.01810000000114087ms
[1m[33mTime taken for 'build typescript dependencies' 0.09969999999998436ms[39m[22m
[isolated-plugin] shutting down worker for "nx/js/dependencies-and-lockfile" after createDependencies
[NX v22.7.8 Daemon Server] - 2026-08-20T04:43:16.140Z - [SYNC]: collect registered sync generators
[NX v22.7.8 Daemon Server] - 2026-08-20T04:43:16.140Z - [SYNC]: project graph hash is the same, not collecting task sync generators
[NX v22.7.8 Daemon Server] - 2026-08-20T04:43:16.140Z - [SYNC]: nx.json hash is the same, not collecting global sync generators
[NX v22.7.8 Daemon Server] - 2026-08-20T04:43:16.140Z - Time taken for 'total execution time for createProjectGraph()' 7.893299999999726ms
[NX v22.7.8 Daemon Server] - 2026-08-20T04:43:16.140Z - Time taken for 'createDependencies' 5.4857000000010885ms
[NX v22.7.8 Daemon Server] - 2026-08-20T04:43:16.140Z - Time taken for 'nx/js/dependencies-and-lockfile:createDependencies' 5.4188000000031025ms
[NX v22.7.8 Daemon Server] - 2026-08-20T04:43:16.140Z - Time taken for 'createMetadata' 0.0067000000017287675ms
[NX v22.7.8 Daemon Server] - 2026-08-20T04:43:16.140Z - Time taken for 'serialize graph' 0.4161999999996624ms
[NX v22.7.8 Daemon Server] - 2026-08-20T04:49:32.895Z - [WATCHER]: 0 file(s) created or restored, 0 file(s) modified, 0 file(s) deleted
[NX v22.7.8 Daemon Server] - 2026-08-20T04:49:33.299Z - [REQUEST]: Updated workspace context based on watched changes, recomputing project graph...
[NX v22.7.8 Daemon Server] - 2026-08-20T04:49:33.299Z - [REQUEST]: 
[NX v22.7.8 Daemon Server] - 2026-08-20T04:49:33.299Z - [REQUEST]: 
[plugin-client] restarting worker for "nx/js/dependencies-and-lockfile"
[isolated-plugin] spawned worker for "nx/js/dependencies-and-lockfile" (pid: 3804, socket: \\.\pipe\nx\C:\Users\DHRUVM~1\AppData\Local\Temp\plugin24460-9-400794.968.sock)
[plugin-client] restarting worker for "nx/core/package-json"
[isolated-plugin] spawned worker for "nx/core/package-json" (pid: 24332, socket: \\.\pipe\nx\C:\Users\DHRUVM~1\AppData\Local\Temp\plugin24460-10-400885.5916.sock)
[plugin-client] restarting worker for "nx/core/project-json"
[isolated-plugin] spawned worker for "nx/core/project-json" (pid: 18920, socket: \\.\pipe\nx\C:\Users\DHRUVM~1\AppData\Local\Temp\plugin24460-11-400976.9846.sock)
[NX v22.7.8 Daemon Server] - 2026-08-20T04:49:33.578Z - Time taken for 'hash changed files from watcher' 0.10220000002300367ms
[plugin-worker] "nx/js/dependencies-and-lockfile" (pid: 3804) listening on \\.\pipe\nx\C:\Users\DHRUVM~1\AppData\Local\Temp\plugin24460-9-400794.968.sock
[1m[33mTime taken for 'plugin worker 3804 code loading' 256.2658ms[39m[22m
[isolated-plugin] connected to worker for "nx/js/dependencies-and-lockfile" (pid: 3804)
[NX v22.7.8 Daemon Server] - 2026-08-20T04:49:33.728Z - Time taken for 'start-plugin-worker:nx/js/dependencies-and-lockfile' 427.55429999995977ms
[plugin-worker] "nx/js/dependencies-and-lockfile" (pid: 3804) connected
[plugin-worker] "nx/core/package-json" (pid: 24332) listening on \\.\pipe\nx\C:\Users\DHRUVM~1\AppData\Local\Temp\plugin24460-10-400885.5916.sock
[isolated-plugin] connected to worker for "nx/core/package-json" (pid: 24332)
[1m[33mTime taken for 'plugin worker 24332 code loading' 244.6025ms[39m[22m
[NX v22.7.8 Daemon Server] - 2026-08-20T04:49:33.810Z - Time taken for 'start-plugin-worker:nx/core/package-json' 418.3735999999917ms
[plugin-worker] "nx/core/package-json" (pid: 24332) connected
[plugin-worker] "nx/js/dependencies-and-lockfile" (pid: 3804) loaded successfully
[1m[33mTime taken for 'nx/js/dependencies-and-lockfile:createNodes' 3.965599999999995ms[39m[22m
[plugin-worker] "nx/core/project-json" (pid: 18920) listening on \\.\pipe\nx\C:\Users\DHRUVM~1\AppData\Local\Temp\plugin24460-11-400976.9846.sock
[1m[33mTime taken for 'plugin worker 18920 code loading' 244.21369999999996ms[39m[22m
[isolated-plugin] connected to worker for "nx/core/project-json" (pid: 18920)
[NX v22.7.8 Daemon Server] - 2026-08-20T04:49:33.903Z - Time taken for 'start-plugin-worker:nx/core/project-json' 420.1687999999849ms
[plugin-worker] "nx/core/project-json" (pid: 18920) connected
[plugin-worker] "nx/core/package-json" (pid: 24332) loaded successfully
[1m[33mTime taken for 'nx/core/package-json:createNodes' 4.431899999999985ms[39m[22m
[isolated-plugin] shutting down worker for "nx/core/package-json" after createNodes
[plugin-worker] "nx/core/project-json" (pid: 18920) loaded successfully
[1m[33mTime taken for 'nx/core/project-json:createNodes' 0.5292999999999779ms[39m[22m
[isolated-plugin] shutting down worker for "nx/core/project-json" after createNodes
[NX v22.7.8 Daemon Server] - 2026-08-20T04:49:34.020Z - Time taken for 'build-project-configs' 715.5748000000021ms
[NX v22.7.8 Daemon Server] - 2026-08-20T04:49:34.020Z - Time taken for 'createNodes:merge' 1.1455999999889173ms
[NX v22.7.8 Daemon Server] - 2026-08-20T04:49:34.020Z - Time taken for 'get-all-workspace-files' 0.02869999996619299ms
[1m[33mTime taken for 'build typescript dependencies' 0.10860000000002401ms[39m[22m
[isolated-plugin] shutting down worker for "nx/js/dependencies-and-lockfile" after createDependencies
[NX v22.7.8 Daemon Server] - 2026-08-20T04:49:34.025Z - [SYNC]: collect registered sync generators
[NX v22.7.8 Daemon Server] - 2026-08-20T04:49:34.026Z - [SYNC]: project graph hash is the same, not collecting task sync generators
[NX v22.7.8 Daemon Server] - 2026-08-20T04:49:34.026Z - [SYNC]: nx.json hash is the same, not collecting global sync generators
[NX v22.7.8 Daemon Server] - 2026-08-20T04:49:34.026Z - Time taken for 'total execution time for createProjectGraph()' 8.481599999999162ms
[NX v22.7.8 Daemon Server] - 2026-08-20T04:49:34.026Z - Time taken for 'createDependencies' 5.160400000051595ms
[NX v22.7.8 Daemon Server] - 2026-08-20T04:49:34.026Z - Time taken for 'nx/js/dependencies-and-lockfile:createDependencies' 5.07929999998305ms
[NX v22.7.8 Daemon Server] - 2026-08-20T04:49:34.026Z - Time taken for 'createMetadata' 0.009399999980814755ms
[NX v22.7.8 Daemon Server] - 2026-08-20T04:49:34.026Z - Time taken for 'serialize graph' 0.5657999999821186ms
[NX v22.7.8 Daemon Server] - 2026-08-20T04:49:41.879Z - [WATCHER]: 0 file(s) created or restored, 0 file(s) modified, 0 file(s) deleted
[NX v22.7.8 Daemon Server] - 2026-08-20T04:49:42.680Z - [REQUEST]: Updated workspace context based on watched changes, recomputing project graph...
[NX v22.7.8 Daemon Server] - 2026-08-20T04:49:42.680Z - [REQUEST]: 
[NX v22.7.8 Daemon Server] - 2026-08-20T04:49:42.680Z - [REQUEST]: 
[plugin-client] restarting worker for "nx/js/dependencies-and-lockfile"
[isolated-plugin] spawned worker for "nx/js/dependencies-and-lockfile" (pid: 10232, socket: \\.\pipe\nx\C:\Users\DHRUVM~1\AppData\Local\Temp\plugin24460-12-410176.0434.sock)
[plugin-client] restarting worker for "nx/core/package-json"
[isolated-plugin] spawned worker for "nx/core/package-json" (pid: 15376, socket: \\.\pipe\nx\C:\Users\DHRUVM~1\AppData\Local\Temp\plugin24460-13-410267.5779.sock)
[plugin-client] restarting worker for "nx/core/project-json"
[isolated-plugin] spawned worker for "nx/core/project-json" (pid: 3144, socket: \\.\pipe\nx\C:\Users\DHRUVM~1\AppData\Local\Temp\plugin24460-14-410360.1652.sock)
[NX v22.7.8 Daemon Server] - 2026-08-20T04:49:42.970Z - Time taken for 'hash changed files from watcher' 0.04039999999804422ms
[plugin-worker] "nx/js/dependencies-and-lockfile" (pid: 10232) listening on \\.\pipe\nx\C:\Users\DHRUVM~1\AppData\Local\Temp\plugin24460-12-410176.0434.sock
[1m[33mTime taken for 'plugin worker 10232 code loading' 256.5955ms[39m[22m
[isolated-plugin] connected to worker for "nx/js/dependencies-and-lockfile" (pid: 10232)
[NX v22.7.8 Daemon Server] - 2026-08-20T04:49:43.111Z - Time taken for 'start-plugin-worker:nx/js/dependencies-and-lockfile' 429.27659999998286ms
[plugin-worker] "nx/js/dependencies-and-lockfile" (pid: 10232) connected
[plugin-worker] "nx/core/package-json" (pid: 15376) listening on \\.\pipe\nx\C:\Users\DHRUVM~1\AppData\Local\Temp\plugin24460-13-410267.5779.sock
[1m[33mTime taken for 'plugin worker 15376 code loading' 251.78219999999996ms[39m[22m
[isolated-plugin] connected to worker for "nx/core/package-json" (pid: 15376)
[NX v22.7.8 Daemon Server] - 2026-08-20T04:49:43.210Z - Time taken for 'start-plugin-worker:nx/core/package-json' 436.9253000000026ms
[plugin-worker] "nx/core/package-json" (pid: 15376) connected
[plugin-worker] "nx/js/dependencies-and-lockfile" (pid: 10232) loaded successfully
[1m[33mTime taken for 'nx/js/dependencies-and-lockfile:createNodes' 3.8476ms[39m[22m
[plugin-worker] "nx/core/project-json" (pid: 3144) listening on \\.\pipe\nx\C:\Users\DHRUVM~1\AppData\Local\Temp\plugin24460-14-410360.1652.sock
[1m[33mTime taken for 'plugin worker 3144 code loading' 246.3827ms[39m[22m
[isolated-plugin] connected to worker for "nx/core/project-json" (pid: 3144)
[NX v22.7.8 Daemon Server] - 2026-08-20T04:49:43.304Z - Time taken for 'start-plugin-worker:nx/core/project-json' 437.9980000000214ms
[plugin-worker] "nx/core/project-json" (pid: 3144) connected
[plugin-worker] "nx/core/package-json" (pid: 15376) loaded successfully
[1m[33mTime taken for 'nx/core/package-json:createNodes' 4.801899999999989ms[39m[22m
[isolated-plugin] shutting down worker for "nx/core/package-json" after createNodes
[plugin-worker] "nx/core/project-json" (pid: 3144) loaded successfully
[1m[33mTime taken for 'nx/core/project-json:createNodes' 0.5450000000000159ms[39m[22m
[isolated-plugin] shutting down worker for "nx/core/project-json" after createNodes
[NX v22.7.8 Daemon Server] - 2026-08-20T04:49:43.418Z - Time taken for 'build-project-configs' 734.7989999999991ms
[NX v22.7.8 Daemon Server] - 2026-08-20T04:49:43.418Z - Time taken for 'createNodes:merge' 0.2410999999847263ms
[NX v22.7.8 Daemon Server] - 2026-08-20T04:49:43.418Z - Time taken for 'get-all-workspace-files' 0.017500000016298145ms
[1m[33mTime taken for 'build typescript dependencies' 0.10190000000000055ms[39m[22m
[isolated-plugin] shutting down worker for "nx/js/dependencies-and-lockfile" after createDependencies
[NX v22.7.8 Daemon Server] - 2026-08-20T04:49:43.423Z - [SYNC]: collect registered sync generators
[NX v22.7.8 Daemon Server] - 2026-08-20T04:49:43.423Z - [SYNC]: project graph hash is the same, not collecting task sync generators
[NX v22.7.8 Daemon Server] - 2026-08-20T04:49:43.423Z - [SYNC]: nx.json hash is the same, not collecting global sync generators
[NX v22.7.8 Daemon Server] - 2026-08-20T04:49:43.423Z - Time taken for 'total execution time for createProjectGraph()' 6.645799999998417ms
[NX v22.7.8 Daemon Server] - 2026-08-20T04:49:43.423Z - Time taken for 'createDependencies' 4.62400000001071ms
[NX v22.7.8 Daemon Server] - 2026-08-20T04:49:43.423Z - Time taken for 'nx/js/dependencies-and-lockfile:createDependencies' 4.576699999975972ms
[NX v22.7.8 Daemon Server] - 2026-08-20T04:49:43.424Z - Time taken for 'createMetadata' 0.005999999993946403ms
[NX v22.7.8 Daemon Server] - 2026-08-20T04:49:43.424Z - Time taken for 'serialize graph' 0.3991999999852851ms
[NX v22.7.8 Daemon Server] - 2026-08-20T04:49:47.662Z - [WATCHER]: 0 file(s) created or restored, 0 file(s) modified, 0 file(s) deleted
[NX v22.7.8 Daemon Server] - 2026-08-20T04:49:49.264Z - [REQUEST]: Updated workspace context based on watched changes, recomputing project graph...
[NX v22.7.8 Daemon Server] - 2026-08-20T04:49:49.265Z - [REQUEST]: 
[NX v22.7.8 Daemon Server] - 2026-08-20T04:49:49.265Z - [REQUEST]: 
[plugin-client] restarting worker for "nx/js/dependencies-and-lockfile"
[isolated-plugin] spawned worker for "nx/js/dependencies-and-lockfile" (pid: 22516, socket: \\.\pipe\nx\C:\Users\DHRUVM~1\AppData\Local\Temp\plugin24460-15-416761.1631.sock)
[plugin-client] restarting worker for "nx/core/package-json"
[isolated-plugin] spawned worker for "nx/core/package-json" (pid: 8796, socket: \\.\pipe\nx\C:\Users\DHRUVM~1\AppData\Local\Temp\plugin24460-16-416947.7279.sock)
[plugin-client] restarting worker for "nx/core/project-json"
[isolated-plugin] spawned worker for "nx/core/project-json" (pid: 18652, socket: \\.\pipe\nx\C:\Users\DHRUVM~1\AppData\Local\Temp\plugin24460-17-417116.0872.sock)
[NX v22.7.8 Daemon Server] - 2026-08-20T04:49:49.780Z - Time taken for 'hash changed files from watcher' 0.09529999998630956ms
[plugin-worker] "nx/js/dependencies-and-lockfile" (pid: 22516) listening on \\.\pipe\nx\C:\Users\DHRUVM~1\AppData\Local\Temp\plugin24460-15-416761.1631.sock
[1m[33mTime taken for 'plugin worker 22516 code loading' 290.4697ms[39m[22m
[isolated-plugin] connected to worker for "nx/js/dependencies-and-lockfile" (pid: 22516)
[NX v22.7.8 Daemon Server] - 2026-08-20T04:49:49.831Z - Time taken for 'start-plugin-worker:nx/js/dependencies-and-lockfile' 563.9028000000399ms
[plugin-worker] "nx/js/dependencies-and-lockfile" (pid: 22516) connected
[plugin-worker] "nx/js/dependencies-and-lockfile" (pid: 22516) loaded successfully
[1m[33mTime taken for 'nx/js/dependencies-and-lockfile:createNodes' 4.078300000000013ms[39m[22m
[plugin-worker] "nx/core/package-json" (pid: 8796) listening on \\.\pipe\nx\C:\Users\DHRUVM~1\AppData\Local\Temp\plugin24460-16-416947.7279.sock
[1m[33mTime taken for 'plugin worker 8796 code loading' 293.2907ms[39m[22m
[isolated-plugin] connected to worker for "nx/core/package-json" (pid: 8796)
[plugin-worker] "nx/core/package-json" (pid: 8796) connected
[NX v22.7.8 Daemon Server] - 2026-08-20T04:49:50.009Z - Time taken for 'start-plugin-worker:nx/core/package-json' 555.3839999999618ms
[plugin-worker] "nx/core/package-json" (pid: 8796) loaded successfully
[plugin-worker] "nx/core/project-json" (pid: 18652) listening on \\.\pipe\nx\C:\Users\DHRUVM~1\AppData\Local\Temp\plugin24460-17-417116.0872.sock
[1m[33mTime taken for 'nx/core/package-json:createNodes' 4.816600000000051ms[39m[22m
[isolated-plugin] shutting down worker for "nx/core/package-json" after createNodes
[1m[33mTime taken for 'plugin worker 18652 code loading' 274.61019999999996ms[39m[22m
[isolated-plugin] connected to worker for "nx/core/project-json" (pid: 18652)
[plugin-worker] "nx/core/project-json" (pid: 18652) connected
[NX v22.7.8 Daemon Server] - 2026-08-20T04:49:50.148Z - Time taken for 'start-plugin-worker:nx/core/project-json' 526.1798999999883ms
[plugin-worker] "nx/core/project-json" (pid: 18652) loaded successfully
[1m[33mTime taken for 'nx/core/project-json:createNodes' 0.5896999999999935ms[39m[22m
[isolated-plugin] shutting down worker for "nx/core/project-json" after createNodes
[NX v22.7.8 Daemon Server] - 2026-08-20T04:49:50.269Z - Time taken for 'build-project-configs' 998.649000000034ms
[NX v22.7.8 Daemon Server] - 2026-08-20T04:49:50.269Z - Time taken for 'createNodes:merge' 0.5042000000248663ms
[NX v22.7.8 Daemon Server] - 2026-08-20T04:49:50.269Z - Time taken for 'get-all-workspace-files' 0.031100000021979213ms
[isolated-plugin] shutting down worker for "nx/js/dependencies-and-lockfile" after createDependencies
[NX v22.7.8 Daemon Server] - 2026-08-20T04:49:50.276Z - [SYNC]: collect registered sync generators
[NX v22.7.8 Daemon Server] - 2026-08-20T04:49:50.277Z - [SYNC]: project graph hash is the same, not collecting task sync generators
[NX v22.7.8 Daemon Server] - 2026-08-20T04:49:50.277Z - [SYNC]: nx.json hash is the same, not collecting global sync generators
[NX v22.7.8 Daemon Server] - 2026-08-20T04:49:50.277Z - Time taken for 'total execution time for createProjectGraph()' 9.477500000037253ms
[NX v22.7.8 Daemon Server] - 2026-08-20T04:49:50.277Z - Time taken for 'createDependencies' 6.5310999999637716ms
[NX v22.7.8 Daemon Server] - 2026-08-20T04:49:50.277Z - Time taken for 'nx/js/dependencies-and-lockfile:createDependencies' 6.442500000004657ms
[NX v22.7.8 Daemon Server] - 2026-08-20T04:49:50.277Z - Time taken for 'createMetadata' 0.01049999997485429ms
[NX v22.7.8 Daemon Server] - 2026-08-20T04:49:50.277Z - Time taken for 'serialize graph' 0.9977000000071712ms
[NX v22.7.8 Daemon Server] - 2026-08-20T04:50:18.041Z - [WATCHER]: apps/portal/src/products/trading/Trading.tsx was created or restored
[NX v22.7.8 Daemon Server] - 2026-08-20T04:50:18.042Z - [WATCHER]: File changes detected:
Created:
  - apps/portal/src/products/trading/Trading.tsx
Updated:
(none)
Deleted:
(none)
[NX v22.7.8 Daemon Server] - 2026-08-20T04:50:18.042Z - [SYNC]: clearing sync generators cache due to file changes
[NX v22.7.8 Daemon Server] - 2026-08-20T04:50:18.042Z - [WATCHER]: Processing file changes in outputs
[NX v22.7.8 Daemon Server] - 2026-08-20T04:50:18.146Z - [REQUEST]: Updated workspace context based on watched changes, recomputing project graph...
[NX v22.7.8 Daemon Server] - 2026-08-20T04:50:18.146Z - [REQUEST]: apps/portal/src/products/trading/Trading.tsx
[NX v22.7.8 Daemon Server] - 2026-08-20T04:50:18.146Z - [REQUEST]: 
[plugin-client] restarting worker for "nx/js/dependencies-and-lockfile"
[isolated-plugin] spawned worker for "nx/js/dependencies-and-lockfile" (pid: 4892, socket: \\.\pipe\nx\C:\Users\DHRUVM~1\AppData\Local\Temp\plugin24460-18-445642.5233.sock)
[plugin-client] restarting worker for "nx/core/package-json"
[isolated-plugin] spawned worker for "nx/core/package-json" (pid: 8024, socket: \\.\pipe\nx\C:\Users\DHRUVM~1\AppData\Local\Temp\plugin24460-19-445942.1308.sock)
[plugin-client] restarting worker for "nx/core/project-json"
[isolated-plugin] spawned worker for "nx/core/project-json" (pid: 23516, socket: \\.\pipe\nx\C:\Users\DHRUVM~1\AppData\Local\Temp\plugin24460-20-446093.6335.sock)
[NX v22.7.8 Daemon Server] - 2026-08-20T04:50:18.753Z - Time taken for 'hash changed files from watcher' 0.4823999999789521ms
[plugin-worker] "nx/js/dependencies-and-lockfile" (pid: 4892) listening on \\.\pipe\nx\C:\Users\DHRUVM~1\AppData\Local\Temp\plugin24460-18-445642.5233.sock
[isolated-plugin] connected to worker for "nx/js/dependencies-and-lockfile" (pid: 4892)
[1m[33mTime taken for 'plugin worker 4892 code loading' 260.5315ms[39m[22m
[plugin-worker] "nx/js/dependencies-and-lockfile" (pid: 4892) connected
[NX v22.7.8 Daemon Server] - 2026-08-20T04:50:18.796Z - Time taken for 'start-plugin-worker:nx/js/dependencies-and-lockfile' 646.9751000000397ms
[plugin-worker] "nx/js/dependencies-and-lockfile" (pid: 4892) loaded successfully
[plugin-worker] "nx/core/package-json" (pid: 8024) listening on \\.\pipe\nx\C:\Users\DHRUVM~1\AppData\Local\Temp\plugin24460-19-445942.1308.sock
[1m[33mTime taken for 'plugin worker 8024 code loading' 290.8159ms[39m[22m
[isolated-plugin] connected to worker for "nx/core/package-json" (pid: 8024)
[NX v22.7.8 Daemon Server] - 2026-08-20T04:50:18.971Z - Time taken for 'start-plugin-worker:nx/core/package-json' 523.225999999966ms
[plugin-worker] "nx/core/package-json" (pid: 8024) connected
[1m[33mTime taken for 'nx/js/dependencies-and-lockfile:createNodes' 3.883699999999976ms[39m[22m
[plugin-worker] "nx/core/package-json" (pid: 8024) loaded successfully
[1m[33mTime taken for 'nx/core/package-json:createNodes' 4.339400000000012ms[39m[22m
[isolated-plugin] shutting down worker for "nx/core/package-json" after createNodes
[plugin-worker] "nx/core/project-json" (pid: 23516) listening on \\.\pipe\nx\C:\Users\DHRUVM~1\AppData\Local\Temp\plugin24460-20-446093.6335.sock
[1m[33mTime taken for 'plugin worker 23516 code loading' 277.1839ms[39m[22m
[isolated-plugin] connected to worker for "nx/core/project-json" (pid: 23516)
[plugin-worker] "nx/core/project-json" (pid: 23516) connected
[NX v22.7.8 Daemon Server] - 2026-08-20T04:50:19.132Z - Time taken for 'start-plugin-worker:nx/core/project-json' 532.4934999999823ms
[plugin-worker] "nx/core/project-json" (pid: 23516) loaded successfully
[1m[33mTime taken for 'nx/core/project-json:createNodes' 0.581799999999987ms[39m[22m
[isolated-plugin] shutting down worker for "nx/core/project-json" after createNodes
[NX v22.7.8 Daemon Server] - 2026-08-20T04:50:19.260Z - Time taken for 'build-project-configs' 1109.2675999999628ms
[NX v22.7.8 Daemon Server] - 2026-08-20T04:50:19.260Z - Time taken for 'createNodes:merge' 0.40950000000884756ms
[NX v22.7.8 Daemon Server] - 2026-08-20T04:50:19.260Z - Time taken for 'get-all-workspace-files' 0.025800000003073364ms
[isolated-plugin] shutting down worker for "nx/js/dependencies-and-lockfile" after createDependencies
[NX v22.7.8 Daemon Server] - 2026-08-20T04:50:19.271Z - [SYNC]: collect registered sync generators
[NX v22.7.8 Daemon Server] - 2026-08-20T04:50:19.272Z - [SYNC]: project graph hash is the same, not collecting task sync generators
[NX v22.7.8 Daemon Server] - 2026-08-20T04:50:19.272Z - [SYNC]: nx.json hash is the same, not collecting global sync generators
[NX v22.7.8 Daemon Server] - 2026-08-20T04:50:19.272Z - Time taken for 'total execution time for createProjectGraph()' 12.948099999979604ms
[NX v22.7.8 Daemon Server] - 2026-08-20T04:50:19.272Z - Time taken for 'createDependencies' 10.003900000010617ms
[NX v22.7.8 Daemon Server] - 2026-08-20T04:50:19.272Z - Time taken for 'nx/js/dependencies-and-lockfile:createDependencies' 9.840800000005402ms
[NX v22.7.8 Daemon Server] - 2026-08-20T04:50:19.272Z - Time taken for 'createMetadata' 0.020699999993667006ms
[NX v22.7.8 Daemon Server] - 2026-08-20T04:50:19.272Z - Time taken for 'serialize graph' 0.8671000000322238ms
[NX v22.7.8 Daemon Server] - 2026-08-20T04:50:23.529Z - [WATCHER]: apps/portal/src/products/trading/Trading.tsx was modified
[NX v22.7.8 Daemon Server] - 2026-08-20T04:50:23.530Z - [WATCHER]: File changes detected:
Created:
(none)
Updated:
  - apps/portal/src/products/trading/Trading.tsx
Deleted:
(none)
[NX v22.7.8 Daemon Server] - 2026-08-20T04:50:23.530Z - [SYNC]: clearing sync generators cache due to file changes
[NX v22.7.8 Daemon Server] - 2026-08-20T04:50:23.530Z - [WATCHER]: Processing file changes in outputs
[NX v22.7.8 Daemon Server] - 2026-08-20T04:50:23.736Z - [REQUEST]: Updated workspace context based on watched changes, recomputing project graph...
[NX v22.7.8 Daemon Server] - 2026-08-20T04:50:23.736Z - [REQUEST]: apps/portal/src/products/trading/Trading.tsx
[NX v22.7.8 Daemon Server] - 2026-08-20T04:50:23.736Z - [REQUEST]: 
[plugin-client] restarting worker for "nx/js/dependencies-and-lockfile"
[isolated-plugin] spawned worker for "nx/js/dependencies-and-lockfile" (pid: 4440, socket: \\.\pipe\nx\C:\Users\DHRUVM~1\AppData\Local\Temp\plugin24460-21-451232.4509.sock)
[plugin-client] restarting worker for "nx/core/package-json"
[isolated-plugin] spawned worker for "nx/core/package-json" (pid: 21324, socket: \\.\pipe\nx\C:\Users\DHRUVM~1\AppData\Local\Temp\plugin24460-22-451320.7816.sock)
[plugin-client] restarting worker for "nx/core/project-json"
[isolated-plugin] spawned worker for "nx/core/project-json" (pid: 10528, socket: \\.\pipe\nx\C:\Users\DHRUVM~1\AppData\Local\Temp\plugin24460-23-451412.4567.sock)
[NX v22.7.8 Daemon Server] - 2026-08-20T04:50:24.016Z - [WATCHER]: Processing file changes in outputs
[NX v22.7.8 Daemon Server] - 2026-08-20T04:50:24.016Z - [WATCHER]: apps/portal/src/products/trading/Trading.tsx was modified
[NX v22.7.8 Daemon Server] - 2026-08-20T04:50:24.017Z - [WATCHER]: File changes detected:
Created:
(none)
Updated:
  - apps/portal/src/products/trading/Trading.tsx
Deleted:
(none)
[NX v22.7.8 Daemon Server] - 2026-08-20T04:50:24.017Z - [SYNC]: clearing sync generators cache due to file changes
[NX v22.7.8 Daemon Server] - 2026-08-20T04:50:24.017Z - Time taken for 'hash changed files from watcher' 0.4422999999951571ms
[plugin-worker] "nx/js/dependencies-and-lockfile" (pid: 4440) listening on \\.\pipe\nx\C:\Users\DHRUVM~1\AppData\Local\Temp\plugin24460-21-451232.4509.sock
[1m[33mTime taken for 'plugin worker 4440 code loading' 251.14170000000001ms[39m[22m
[isolated-plugin] connected to worker for "nx/js/dependencies-and-lockfile" (pid: 4440)
[NX v22.7.8 Daemon Server] - 2026-08-20T04:50:24.155Z - Time taken for 'start-plugin-worker:nx/js/dependencies-and-lockfile' 417.1162000000477ms
[plugin-worker] "nx/js/dependencies-and-lockfile" (pid: 4440) connected
[plugin-worker] "nx/core/package-json" (pid: 21324) listening on \\.\pipe\nx\C:\Users\DHRUVM~1\AppData\Local\Temp\plugin24460-22-451320.7816.sock
[isolated-plugin] connected to worker for "nx/core/package-json" (pid: 21324)
[1m[33mTime taken for 'plugin worker 21324 code loading' 249.2458ms[39m[22m
[NX v22.7.8 Daemon Server] - 2026-08-20T04:50:24.248Z - Time taken for 'start-plugin-worker:nx/core/package-json' 420.98319999995874ms
[plugin-worker] "nx/core/package-json" (pid: 21324) connected
[plugin-worker] "nx/js/dependencies-and-lockfile" (pid: 4440) loaded successfully
[1m[33mTime taken for 'nx/js/dependencies-and-lockfile:createNodes' 3.8815999999999917ms[39m[22m
[plugin-worker] "nx/core/project-json" (pid: 10528) listening on \\.\pipe\nx\C:\Users\DHRUVM~1\AppData\Local\Temp\plugin24460-23-451412.4567.sock
[1m[33mTime taken for 'plugin worker 10528 code loading' 240.7774ms[39m[22m
[isolated-plugin] connected to worker for "nx/core/project-json" (pid: 10528)
[NX v22.7.8 Daemon Server] - 2026-08-20T04:50:24.343Z - Time taken for 'start-plugin-worker:nx/core/project-json' 425.2125000000233ms
[plugin-worker] "nx/core/project-json" (pid: 10528) connected
[plugin-worker] "nx/core/package-json" (pid: 21324) loaded successfully
[1m[33mTime taken for 'nx/core/package-json:createNodes' 4.5721000000000345ms[39m[22m
[isolated-plugin] shutting down worker for "nx/core/package-json" after createNodes
[NX v22.7.8 Daemon Server] - 2026-08-20T04:50:24.425Z - [REQUEST]: Updated workspace context based on watched changes, recomputing project graph...
[NX v22.7.8 Daemon Server] - 2026-08-20T04:50:24.425Z - [REQUEST]: apps/portal/src/products/trading/Trading.tsx
[NX v22.7.8 Daemon Server] - 2026-08-20T04:50:24.425Z - [REQUEST]: 
[plugin-client] restarting worker for "nx/core/package-json"
[isolated-plugin] spawned worker for "nx/core/package-json" (pid: 22192, socket: \\.\pipe\nx\C:\Users\DHRUVM~1\AppData\Local\Temp\plugin24460-24-451921.2937.sock)
[plugin-worker] "nx/core/project-json" (pid: 10528) loaded successfully
[NX v22.7.8 Daemon Server] - 2026-08-20T04:50:24.519Z - Time taken for 'hash changed files from watcher' 0.42989999998826534ms
[1m[33mTime taken for 'nx/core/project-json:createNodes' 0.40569999999996753ms[39m[22m
[1m[33mTime taken for 'nx/core/project-json:createNodes' 0.507000000000005ms[39m[22m
[isolated-plugin] shutting down worker for "nx/core/project-json" after createNodes
[NX v22.7.8 Daemon Server] - 2026-08-20T04:50:24.524Z - Time taken for 'build-project-configs' 96.93800000002375ms
[NX v22.7.8 Daemon Server] - 2026-08-20T04:50:24.524Z - Time taken for 'createNodes:merge' 0.35899999999674037ms
[1m[33mTime taken for 'nx/js/dependencies-and-lockfile:createNodes' 4.680499999999938ms[39m[22m
[plugin-worker] "nx/core/package-json" (pid: 22192) listening on \\.\pipe\nx\C:\Users\DHRUVM~1\AppData\Local\Temp\plugin24460-24-451921.2937.sock
[1m[33mTime taken for 'plugin worker 22192 code loading' 216.8475ms[39m[22m
[isolated-plugin] connected to worker for "nx/core/package-json" (pid: 22192)
[NX v22.7.8 Daemon Server] - 2026-08-20T04:50:24.816Z - Time taken for 'start-plugin-worker:nx/core/package-json' 388.60980000003474ms
[plugin-worker] "nx/core/package-json" (pid: 22192) connected
[plugin-worker] "nx/core/package-json" (pid: 22192) loaded successfully
[isolated-plugin] shutting down worker for "nx/core/package-json" after createNodes
[NX v22.7.8 Daemon Server] - 2026-08-20T04:50:24.936Z - Time taken for 'build-project-configs' 506.923300000024ms
[NX v22.7.8 Daemon Server] - 2026-08-20T04:50:24.936Z - Time taken for 'createNodes:merge' 0.21170000004349276ms
[NX v22.7.8 Daemon Server] - 2026-08-20T04:50:24.936Z - Time taken for 'get-all-workspace-files' 0.01739999995334074ms
[1m[33mTime taken for 'build typescript dependencies' 1.106800000000021ms[39m[22m
[isolated-plugin] shutting down worker for "nx/js/dependencies-and-lockfile" after createDependencies
[NX v22.7.8 Daemon Server] - 2026-08-20T04:50:24.942Z - [SYNC]: collect registered sync generators
[NX v22.7.8 Daemon Server] - 2026-08-20T04:50:24.942Z - [SYNC]: project graph hash is the same, not collecting task sync generators
[NX v22.7.8 Daemon Server] - 2026-08-20T04:50:24.942Z - [SYNC]: nx.json hash is the same, not collecting global sync generators
[NX v22.7.8 Daemon Server] - 2026-08-20T04:50:24.942Z - [SYNC]: collect registered sync generators
[NX v22.7.8 Daemon Server] - 2026-08-20T04:50:24.943Z - [SYNC]: project graph hash is the same, not collecting task sync generators
[NX v22.7.8 Daemon Server] - 2026-08-20T04:50:24.943Z - [SYNC]: nx.json hash is the same, not collecting global sync generators
[NX v22.7.8 Daemon Server] - 2026-08-20T04:50:24.943Z - Time taken for 'total execution time for createProjectGraph()' 7.957800000032876ms
[NX v22.7.8 Daemon Server] - 2026-08-20T04:50:24.943Z - Time taken for 'createDependencies' 6.128499999991618ms
[NX v22.7.8 Daemon Server] - 2026-08-20T04:50:24.943Z - Time taken for 'nx/js/dependencies-and-lockfile:createDependencies' 6.068700000003446ms
[NX v22.7.8 Daemon Server] - 2026-08-20T04:50:24.943Z - Time taken for 'createMetadata' 0.007299999997485429ms
[NX v22.7.8 Daemon Server] - 2026-08-20T04:50:24.943Z - Time taken for 'serialize graph' 0.46779999998398125ms
[NX v22.7.8 Daemon Server] - 2026-08-20T04:50:52.028Z - [WATCHER]: Processing file changes in outputs
[NX v22.7.8 Daemon Server] - 2026-08-20T04:50:52.031Z - [WATCHER]: apps/portal/src/app/App.tsx was modified
[NX v22.7.8 Daemon Server] - 2026-08-20T04:50:52.031Z - [WATCHER]: File changes detected:
Created:
(none)
Updated:
  - apps/portal/src/app/App.tsx
Deleted:
(none)
[NX v22.7.8 Daemon Server] - 2026-08-20T04:50:52.031Z - [SYNC]: clearing sync generators cache due to file changes
[NX v22.7.8 Daemon Server] - 2026-08-20T04:50:52.833Z - [REQUEST]: Updated workspace context based on watched changes, recomputing project graph...
[NX v22.7.8 Daemon Server] - 2026-08-20T04:50:52.833Z - [REQUEST]: apps/portal/src/app/App.tsx
[NX v22.7.8 Daemon Server] - 2026-08-20T04:50:52.833Z - [REQUEST]: 
[plugin-client] restarting worker for "nx/js/dependencies-and-lockfile"
[isolated-plugin] spawned worker for "nx/js/dependencies-and-lockfile" (pid: 23548, socket: \\.\pipe\nx\C:\Users\DHRUVM~1\AppData\Local\Temp\plugin24460-25-480327.5294.sock)
[plugin-client] restarting worker for "nx/core/package-json"
[isolated-plugin] spawned worker for "nx/core/package-json" (pid: 19172, socket: \\.\pipe\nx\C:\Users\DHRUVM~1\AppData\Local\Temp\plugin24460-26-480418.435.sock)
[plugin-client] restarting worker for "nx/core/project-json"
[isolated-plugin] spawned worker for "nx/core/project-json" (pid: 18240, socket: \\.\pipe\nx\C:\Users\DHRUVM~1\AppData\Local\Temp\plugin24460-27-480513.7255.sock)
[NX v22.7.8 Daemon Server] - 2026-08-20T04:50:53.120Z - Time taken for 'hash changed files from watcher' 0.26989999995566905ms
[plugin-worker] "nx/js/dependencies-and-lockfile" (pid: 23548) listening on \\.\pipe\nx\C:\Users\DHRUVM~1\AppData\Local\Temp\plugin24460-25-480327.5294.sock
[isolated-plugin] connected to worker for "nx/js/dependencies-and-lockfile" (pid: 23548)
[1m[33mTime taken for 'plugin worker 23548 code loading' 261.6943ms[39m[22m
[NX v22.7.8 Daemon Server] - 2026-08-20T04:50:53.259Z - Time taken for 'start-plugin-worker:nx/js/dependencies-and-lockfile' 424.6154999999562ms
[plugin-worker] "nx/js/dependencies-and-lockfile" (pid: 23548) connected
[plugin-worker] "nx/core/package-json" (pid: 19172) listening on \\.\pipe\nx\C:\Users\DHRUVM~1\AppData\Local\Temp\plugin24460-26-480418.435.sock
[isolated-plugin] connected to worker for "nx/core/package-json" (pid: 19172)
[NX v22.7.8 Daemon Server] - 2026-08-20T04:50:53.361Z - Time taken for 'start-plugin-worker:nx/core/package-json' 436.1814000000013ms
[plugin-worker] "nx/core/package-json" (pid: 19172) connected
[1m[33mTime taken for 'plugin worker 19172 code loading' 263.4811ms[39m[22m
[plugin-worker] "nx/js/dependencies-and-lockfile" (pid: 23548) loaded successfully
[1m[33mTime taken for 'nx/js/dependencies-and-lockfile:createNodes' 4.286800000000028ms[39m[22m
[plugin-worker] "nx/core/project-json" (pid: 18240) listening on \\.\pipe\nx\C:\Users\DHRUVM~1\AppData\Local\Temp\plugin24460-27-480513.7255.sock
[1m[33mTime taken for 'plugin worker 18240 code loading' 257.2582ms[39m[22m
[isolated-plugin] connected to worker for "nx/core/project-json" (pid: 18240)
[NX v22.7.8 Daemon Server] - 2026-08-20T04:50:53.479Z - Time taken for 'start-plugin-worker:nx/core/project-json' 459.3976000000257ms
[plugin-worker] "nx/core/package-json" (pid: 19172) loaded successfully
[plugin-worker] "nx/core/project-json" (pid: 18240) connected
[1m[33mTime taken for 'nx/core/package-json:createNodes' 4.7678000000000225ms[39m[22m
[isolated-plugin] shutting down worker for "nx/core/package-json" after createNodes
[plugin-worker] "nx/core/project-json" (pid: 18240) loaded successfully
[1m[33mTime taken for 'nx/core/project-json:createNodes' 0.6190000000000282ms[39m[22m
[isolated-plugin] shutting down worker for "nx/core/project-json" after createNodes
[NX v22.7.8 Daemon Server] - 2026-08-20T04:50:53.595Z - Time taken for 'build-project-configs' 758.9029999999912ms
[NX v22.7.8 Daemon Server] - 2026-08-20T04:50:53.595Z - Time taken for 'createNodes:merge' 0.22820000001229346ms
[NX v22.7.8 Daemon Server] - 2026-08-20T04:50:53.595Z - Time taken for 'get-all-workspace-files' 0.01760000002104789ms
[1m[33mTime taken for 'build typescript dependencies' 1.1319999999999482ms[39m[22m
[isolated-plugin] shutting down worker for "nx/js/dependencies-and-lockfile" after createDependencies
[NX v22.7.8 Daemon Server] - 2026-08-20T04:50:53.601Z - [SYNC]: collect registered sync generators
[NX v22.7.8 Daemon Server] - 2026-08-20T04:50:53.602Z - [SYNC]: project graph hash is the same, not collecting task sync generators
[NX v22.7.8 Daemon Server] - 2026-08-20T04:50:53.602Z - [SYNC]: nx.json hash is the same, not collecting global sync generators
[NX v22.7.8 Daemon Server] - 2026-08-20T04:50:53.602Z - Time taken for 'total execution time for createProjectGraph()' 8.435200000007171ms
[NX v22.7.8 Daemon Server] - 2026-08-20T04:50:53.602Z - Time taken for 'createDependencies' 6.352899999998044ms
[NX v22.7.8 Daemon Server] - 2026-08-20T04:50:53.602Z - Time taken for 'nx/js/dependencies-and-lockfile:createDependencies' 6.273599999956787ms
[NX v22.7.8 Daemon Server] - 2026-08-20T04:50:53.602Z - Time taken for 'createMetadata' 0.007699999958276749ms
[NX v22.7.8 Daemon Server] - 2026-08-20T04:50:53.602Z - Time taken for 'serialize graph' 0.3769999999785796ms
[NX v22.7.8 Daemon Server] - 2026-08-20T04:51:02.079Z - [WATCHER]: apps/portal/src/app/App.tsx was modified
[NX v22.7.8 Daemon Server] - 2026-08-20T04:51:02.079Z - [WATCHER]: File changes detected:
Created:
(none)
Updated:
  - apps/portal/src/app/App.tsx
Deleted:
(none)
[NX v22.7.8 Daemon Server] - 2026-08-20T04:51:02.079Z - [SYNC]: clearing sync generators cache due to file changes
[NX v22.7.8 Daemon Server] - 2026-08-20T04:51:02.079Z - [WATCHER]: Processing file changes in outputs
[NX v22.7.8 Daemon Server] - 2026-08-20T04:51:03.329Z - [WATCHER]: Processing file changes in outputs
[NX v22.7.8 Daemon Server] - 2026-08-20T04:51:03.329Z - [WATCHER]: apps/portal/src/app/App.tsx was modified
[NX v22.7.8 Daemon Server] - 2026-08-20T04:51:03.329Z - [WATCHER]: File changes detected:
Created:
(none)
Updated:
  - apps/portal/src/app/App.tsx
Deleted:
(none)
[NX v22.7.8 Daemon Server] - 2026-08-20T04:51:03.329Z - [SYNC]: clearing sync generators cache due to file changes
[NX v22.7.8 Daemon Server] - 2026-08-20T04:51:03.695Z - [REQUEST]: Updated workspace context based on watched changes, recomputing project graph...
[NX v22.7.8 Daemon Server] - 2026-08-20T04:51:03.695Z - [REQUEST]: apps/portal/src/app/App.tsx
[NX v22.7.8 Daemon Server] - 2026-08-20T04:51:03.695Z - [REQUEST]: 
[plugin-client] restarting worker for "nx/js/dependencies-and-lockfile"
[isolated-plugin] spawned worker for "nx/js/dependencies-and-lockfile" (pid: 23484, socket: \\.\pipe\nx\C:\Users\DHRUVM~1\AppData\Local\Temp\plugin24460-28-491190.9584.sock)
[plugin-client] restarting worker for "nx/core/package-json"
[isolated-plugin] spawned worker for "nx/core/package-json" (pid: 23372, socket: \\.\pipe\nx\C:\Users\DHRUVM~1\AppData\Local\Temp\plugin24460-29-491282.4957.sock)
[plugin-client] restarting worker for "nx/core/project-json"
[isolated-plugin] spawned worker for "nx/core/project-json" (pid: 22568, socket: \\.\pipe\nx\C:\Users\DHRUVM~1\AppData\Local\Temp\plugin24460-30-491373.3161.sock)
[NX v22.7.8 Daemon Server] - 2026-08-20T04:51:03.978Z - Time taken for 'hash changed files from watcher' 0.6427999999723397ms
[plugin-worker] "nx/js/dependencies-and-lockfile" (pid: 23484) listening on \\.\pipe\nx\C:\Users\DHRUVM~1\AppData\Local\Temp\plugin24460-28-491190.9584.sock
[1m[33mTime taken for 'plugin worker 23484 code loading' 256.4014ms[39m[22m
[isolated-plugin] connected to worker for "nx/js/dependencies-and-lockfile" (pid: 23484)
[NX v22.7.8 Daemon Server] - 2026-08-20T04:51:04.129Z - Time taken for 'start-plugin-worker:nx/js/dependencies-and-lockfile' 431.5908000000054ms
[plugin-worker] "nx/js/dependencies-and-lockfile" (pid: 23484) connected
[plugin-worker] "nx/core/package-json" (pid: 23372) listening on \\.\pipe\nx\C:\Users\DHRUVM~1\AppData\Local\Temp\plugin24460-29-491282.4957.sock
[1m[33mTime taken for 'plugin worker 23372 code loading' 259.7214ms[39m[22m
[isolated-plugin] connected to worker for "nx/core/package-json" (pid: 23372)
[NX v22.7.8 Daemon Server] - 2026-08-20T04:51:04.228Z - Time taken for 'start-plugin-worker:nx/core/package-json' 438.97990000003483ms
[plugin-worker] "nx/core/package-json" (pid: 23372) connected
[plugin-worker] "nx/js/dependencies-and-lockfile" (pid: 23484) loaded successfully
[1m[33mTime taken for 'nx/js/dependencies-and-lockfile:createNodes' 4.740599999999972ms[39m[22m
[plugin-worker] "nx/core/project-json" (pid: 22568) listening on \\.\pipe\nx\C:\Users\DHRUVM~1\AppData\Local\Temp\plugin24460-30-491373.3161.sock
[isolated-plugin] connected to worker for "nx/core/project-json" (pid: 22568)
[NX v22.7.8 Daemon Server] - 2026-08-20T04:51:04.310Z - Time taken for 'start-plugin-worker:nx/core/project-json' 430.3568999999552ms
[plugin-worker] "nx/core/project-json" (pid: 22568) connected
[1m[33mTime taken for 'plugin worker 22568 code loading' 251.22560000000001ms[39m[22m
[plugin-worker] "nx/core/package-json" (pid: 23372) loaded successfully
[1m[33mTime taken for 'nx/core/package-json:createNodes' 4.562700000000007ms[39m[22m
[isolated-plugin] shutting down worker for "nx/core/package-json" after createNodes
[plugin-worker] "nx/core/project-json" (pid: 22568) loaded successfully
[1m[33mTime taken for 'nx/core/project-json:createNodes' 0.5874000000000024ms[39m[22m
[isolated-plugin] shutting down worker for "nx/core/project-json" after createNodes
[NX v22.7.8 Daemon Server] - 2026-08-20T04:51:04.430Z - Time taken for 'build-project-configs' 730.3250999999582ms
[NX v22.7.8 Daemon Server] - 2026-08-20T04:51:04.430Z - Time taken for 'createNodes:merge' 0.2569000000366941ms
[NX v22.7.8 Daemon Server] - 2026-08-20T04:51:04.430Z - Time taken for 'get-all-workspace-files' 0.02079999999841675ms
[1m[33mTime taken for 'build typescript dependencies' 0.10439999999994143ms[39m[22m
[isolated-plugin] shutting down worker for "nx/js/dependencies-and-lockfile" after createDependencies
[NX v22.7.8 Daemon Server] - 2026-08-20T04:51:04.434Z - [SYNC]: collect registered sync generators
[NX v22.7.8 Daemon Server] - 2026-08-20T04:51:04.435Z - [SYNC]: project graph hash is the same, not collecting task sync generators
[NX v22.7.8 Daemon Server] - 2026-08-20T04:51:04.435Z - [SYNC]: nx.json hash is the same, not collecting global sync generators
[NX v22.7.8 Daemon Server] - 2026-08-20T04:51:04.435Z - Time taken for 'total execution time for createProjectGraph()' 7.041499999992084ms
[NX v22.7.8 Daemon Server] - 2026-08-20T04:51:04.435Z - Time taken for 'createDependencies' 4.916999999957625ms
[NX v22.7.8 Daemon Server] - 2026-08-20T04:51:04.435Z - Time taken for 'nx/js/dependencies-and-lockfile:createDependencies' 4.855799999961164ms
[NX v22.7.8 Daemon Server] - 2026-08-20T04:51:04.435Z - Time taken for 'createMetadata' 0.008799999952316284ms
[NX v22.7.8 Daemon Server] - 2026-08-20T04:51:04.435Z - Time taken for 'serialize graph' 0.397400000016205ms
[NX v22.7.8 Daemon Server] - 2026-08-20T04:51:29.661Z - [WATCHER]: apps/portal/src/app/AppShell.tsx was modified
[NX v22.7.8 Daemon Server] - 2026-08-20T04:51:29.661Z - [WATCHER]: File changes detected:
Created:
(none)
Updated:
  - apps/portal/src/app/AppShell.tsx
Deleted:
(none)
[NX v22.7.8 Daemon Server] - 2026-08-20T04:51:29.661Z - [SYNC]: clearing sync generators cache due to file changes
[NX v22.7.8 Daemon Server] - 2026-08-20T04:51:29.662Z - [WATCHER]: Processing file changes in outputs
[NX v22.7.8 Daemon Server] - 2026-08-20T04:51:31.044Z - [WATCHER]: Processing file changes in outputs
[NX v22.7.8 Daemon Server] - 2026-08-20T04:51:31.044Z - [WATCHER]: apps/portal/src/app/AppShell.tsx was modified
[NX v22.7.8 Daemon Server] - 2026-08-20T04:51:31.044Z - [WATCHER]: File changes detected:
Created:
(none)
Updated:
  - apps/portal/src/app/AppShell.tsx
Deleted:
(none)
[NX v22.7.8 Daemon Server] - 2026-08-20T04:51:31.044Z - [SYNC]: clearing sync generators cache due to file changes
[NX v22.7.8 Daemon Server] - 2026-08-20T04:51:32.862Z - [REQUEST]: Updated workspace context based on watched changes, recomputing project graph...
[NX v22.7.8 Daemon Server] - 2026-08-20T04:51:32.863Z - [REQUEST]: apps/portal/src/app/AppShell.tsx
[NX v22.7.8 Daemon Server] - 2026-08-20T04:51:32.863Z - [REQUEST]: 
[plugin-client] restarting worker for "nx/js/dependencies-and-lockfile"
[isolated-plugin] spawned worker for "nx/js/dependencies-and-lockfile" (pid: 15584, socket: \\.\pipe\nx\C:\Users\DHRUVM~1\AppData\Local\Temp\plugin24460-31-520359.0903.sock)
[plugin-client] restarting worker for "nx/core/package-json"
[isolated-plugin] spawned worker for "nx/core/package-json" (pid: 19224, socket: \\.\pipe\nx\C:\Users\DHRUVM~1\AppData\Local\Temp\plugin24460-32-520546.8222.sock)
[plugin-client] restarting worker for "nx/core/project-json"
[isolated-plugin] spawned worker for "nx/core/project-json" (pid: 20816, socket: \\.\pipe\nx\C:\Users\DHRUVM~1\AppData\Local\Temp\plugin24460-33-520683.4158.sock)
[NX v22.7.8 Daemon Server] - 2026-08-20T04:51:33.337Z - Time taken for 'hash changed files from watcher' 0.5212000000174157ms
[plugin-worker] "nx/js/dependencies-and-lockfile" (pid: 15584) listening on \\.\pipe\nx\C:\Users\DHRUVM~1\AppData\Local\Temp\plugin24460-31-520359.0903.sock
[isolated-plugin] connected to worker for "nx/js/dependencies-and-lockfile" (pid: 15584)
[1m[33mTime taken for 'plugin worker 15584 code loading' 267.3718ms[39m[22m
[plugin-worker] "nx/js/dependencies-and-lockfile" (pid: 15584) connected
[NX v22.7.8 Daemon Server] - 2026-08-20T04:51:33.394Z - Time taken for 'start-plugin-worker:nx/js/dependencies-and-lockfile' 528.4451000000117ms
[plugin-worker] "nx/js/dependencies-and-lockfile" (pid: 15584) loaded successfully
[1m[33mTime taken for 'nx/js/dependencies-and-lockfile:createNodes' 5.6872000000000185ms[39m[22m
[isolated-plugin] connected to worker for "nx/core/package-json" (pid: 19224)
[plugin-worker] "nx/core/package-json" (pid: 19224) listening on \\.\pipe\nx\C:\Users\DHRUVM~1\AppData\Local\Temp\plugin24460-32-520546.8222.sock
[1m[33mTime taken for 'plugin worker 19224 code loading' 275.4434ms[39m[22m
[plugin-worker] "nx/core/package-json" (pid: 19224) connected
[NX v22.7.8 Daemon Server] - 2026-08-20T04:51:33.543Z - Time taken for 'start-plugin-worker:nx/core/package-json' 488.7560999999987ms
[plugin-worker] "nx/core/package-json" (pid: 19224) loaded successfully
[1m[33mTime taken for 'nx/core/package-json:createNodes' 5.282700000000034ms[39m[22m
[isolated-plugin] shutting down worker for "nx/core/package-json" after createNodes
[plugin-worker] "nx/core/project-json" (pid: 20816) listening on \\.\pipe\nx\C:\Users\DHRUVM~1\AppData\Local\Temp\plugin24460-33-520683.4158.sock
[1m[33mTime taken for 'plugin worker 20816 code loading' 256.217ms[39m[22m
[isolated-plugin] connected to worker for "nx/core/project-json" (pid: 20816)
[NX v22.7.8 Daemon Server] - 2026-08-20T04:51:33.686Z - Time taken for 'start-plugin-worker:nx/core/project-json' 496.84600000001956ms
[plugin-worker] "nx/core/project-json" (pid: 20816) connected
[plugin-worker] "nx/core/project-json" (pid: 20816) loaded successfully
[1m[33mTime taken for 'nx/core/project-json:createNodes' 0.6191000000000031ms[39m[22m
[isolated-plugin] shutting down worker for "nx/core/project-json" after createNodes
[NX v22.7.8 Daemon Server] - 2026-08-20T04:51:33.816Z - Time taken for 'build-project-configs' 947.2766000000411ms
[NX v22.7.8 Daemon Server] - 2026-08-20T04:51:33.816Z - Time taken for 'createNodes:merge' 0.43149999994784594ms
[NX v22.7.8 Daemon Server] - 2026-08-20T04:51:33.816Z - Time taken for 'get-all-workspace-files' 0.034299999999348074ms
[1m[33mTime taken for 'build typescript dependencies' 1.3123999999999114ms[39m[22m
[isolated-plugin] shutting down worker for "nx/js/dependencies-and-lockfile" after createDependencies
[NX v22.7.8 Daemon Server] - 2026-08-20T04:51:33.827Z - [SYNC]: collect registered sync generators
[NX v22.7.8 Daemon Server] - 2026-08-20T04:51:33.827Z - [SYNC]: project graph hash is the same, not collecting task sync generators
[NX v22.7.8 Daemon Server] - 2026-08-20T04:51:33.827Z - [SYNC]: nx.json hash is the same, not collecting global sync generators
[NX v22.7.8 Daemon Server] - 2026-08-20T04:51:33.828Z - Time taken for 'total execution time for createProjectGraph()' 13.802299999981187ms
[NX v22.7.8 Daemon Server] - 2026-08-20T04:51:33.828Z - Time taken for 'createDependencies' 10.444099999964237ms
[NX v22.7.8 Daemon Server] - 2026-08-20T04:51:33.828Z - Time taken for 'nx/js/dependencies-and-lockfile:createDependencies' 10.307200000039302ms
[NX v22.7.8 Daemon Server] - 2026-08-20T04:51:33.828Z - Time taken for 'createMetadata' 0.011200000008102506ms
[NX v22.7.8 Daemon Server] - 2026-08-20T04:51:33.828Z - Time taken for 'serialize graph' 0.7315999999991618ms
[NX v22.7.8 Daemon Server] - 2026-08-20T04:54:09.260Z - [WATCHER]: Processing file changes in outputs
[NX v22.7.8 Daemon Server] - 2026-08-20T04:54:09.260Z - [WATCHER]: _tmp_24116_9514d2b04d8ba7a1932d6e8257f892f9 was deleted
[NX v22.7.8 Daemon Server] - 2026-08-20T04:54:09.260Z - [WATCHER]: File changes detected:
Created:
(none)
Updated:
(none)
Deleted:
  - _tmp_24116_9514d2b04d8ba7a1932d6e8257f892f9
[NX v22.7.8 Daemon Server] - 2026-08-20T04:54:09.260Z - [SYNC]: clearing sync generators cache due to file changes
[NX v22.7.8 Daemon Server] - 2026-08-20T04:54:09.786Z - [WATCHER]: Processing file changes in outputs
[NX v22.7.8 Daemon Server] - 2026-08-20T04:54:09.786Z - [WATCHER]: _tmp_10300_015b76018ee3ae49a455dc213e528753 was deleted
[NX v22.7.8 Daemon Server] - 2026-08-20T04:54:09.786Z - [WATCHER]: File changes detected:
Created:
(none)
Updated:
(none)
Deleted:
  - _tmp_10300_015b76018ee3ae49a455dc213e528753
[NX v22.7.8 Daemon Server] - 2026-08-20T04:54:09.786Z - [SYNC]: clearing sync generators cache due to file changes
[NX v22.7.8 Daemon Server] - 2026-08-20T04:54:12.828Z - [Server] lock file hash changed! old=9143463548253501181, new=12796145599836472177
[NX v22.7.8 Daemon Server] - 2026-08-20T04:54:12.828Z - [Server] Daemon outdated: LOCK_FILES_CHANGED
[NX v22.7.8 Daemon Server] - 2026-08-20T04:54:12.828Z - [Server] Restarting daemon...
[NX v22.7.8 Daemon Server] - 2026-08-20T04:54:12.832Z - Restarting daemon with script: C:\Users\DhruvMehta\OneDrive - OmneNest Technologies Pvt Ltd\Desktop\productization-poc\node_modules\.pnpm\nx@22.7.8\node_modules\nx\dist\src\daemon\server\start.js
[NX v22.7.8 Daemon Server] - 2026-08-20T04:54:12.832Z - Old daemon __dirname: C:\Users\DhruvMehta\OneDrive - OmneNest Technologies Pvt Ltd\Desktop\productization-poc\node_modules\.pnpm\nx@22.7.8\node_modules\nx\dist\src\daemon\server
[NX v22.7.8 Daemon Server] - 2026-08-20T04:54:12.832Z - Current process.execPath: C:\Program Files\nodejs\node.exe
[NX v22.7.8 Daemon Server] - 2026-08-20T04:54:13.136Z - Started new daemon process in background
[NX v22.7.8 Daemon Server] - 2026-08-20T04:54:13.138Z - [WATCHER]: 2 file(s) created or restored, 0 file(s) modified, 2 file(s) deleted
[NX v22.7.8 Daemon Server] - 2026-08-20T04:54:13.138Z - [WATCHER]: File changes detected:
Created:
  - pnpm-lock.yaml
  - package.json
Updated:
(none)
Deleted:
  - pnpm-lock.yaml.2503166043
  - package.json.969217691
[NX v22.7.8 Daemon Server] - 2026-08-20T04:54:13.138Z - [SYNC]: clearing sync generators cache due to file changes
[NX v22.7.8 Daemon Server] - 2026-08-20T04:54:13.138Z - [WATCHER]: Processing file changes in outputs
[NX v22.7.8 Daemon Server] - 2026-08-20T04:54:13.138Z - [WATCHER]: Stopping the watcher for C:\Users\DhruvMehta\OneDrive - OmneNest Technologies Pvt Ltd\Desktop\productization-poc (sources)
[NX v22.7.8 Daemon Server] - 2026-08-20T04:54:13.139Z - Closed a connection. Number of open connections: 0
[NX v22.7.8 Daemon Server] - 2026-08-20T04:54:13.715Z - New daemon starting from: C:\Users\DhruvMehta\OneDrive - OmneNest Technologies Pvt Ltd\Desktop\productization-poc\node_modules\.pnpm\nx@22.7.8\node_modules\nx\dist\src\daemon\server\server.js
[NX v22.7.8 Daemon Server] - 2026-08-20T04:54:13.716Z - New daemon __dirname: C:\Users\DhruvMehta\OneDrive - OmneNest Technologies Pvt Ltd\Desktop\productization-poc\node_modules\.pnpm\nx@22.7.8\node_modules\nx\dist\src\daemon\server
[NX v22.7.8 Daemon Server] - 2026-08-20T04:54:13.716Z - New daemon nxVersion: 22.7.8
[NX v22.7.8 Daemon Server] - 2026-08-20T04:54:13.718Z - New daemon getInstalledNxVersion(): 22.7.8
[NX v22.7.8 Daemon Server] - 2026-08-20T04:54:13.721Z - Time taken for 'workspace context init' 2.6820999999999913ms
[NX v22.7.8 Daemon Server] - 2026-08-20T04:54:13.728Z - [Server] Starting outdated check interval (20ms)
[NX v22.7.8 Daemon Server] - 2026-08-20T04:54:13.730Z - Started listening on: \\.\pipe\nx\C:\Users\DHRUVM~1\AppData\Local\Temp\3e57394215abaf3a36d6\d.sock
[NX v22.7.8 Daemon Server] - 2026-08-20T04:54:13.732Z - [WATCHER]: Subscribed to changes within: C:\Users\DhruvMehta\OneDrive - OmneNest Technologies Pvt Ltd\Desktop\productization-poc (native)
[NX v22.7.8 Daemon Server] - 2026-08-20T04:54:13.732Z - [LATEST-NX]: Pulling latest Nx...
[NX v22.7.8 Daemon Server] - 2026-08-20T04:54:13.895Z - [AI-AGENTS]: Starting agent configuration status computation
[isolated-plugin] spawned worker for "C:\Users\DhruvMehta\OneDrive - OmneNest Technologies Pvt Ltd\Desktop\productization-poc\node_modules\.pnpm\nx@22.7.8\node_modules\nx\dist\src\plugins\js" (pid: 3764, socket: \\.\pipe\nx\C:\Users\DHRUVM~1\AppData\Local\Temp\plugin5404-0-719.6653.sock)
[isolated-plugin] spawned worker for "C:\Users\DhruvMehta\OneDrive - OmneNest Technologies Pvt Ltd\Desktop\productization-poc\node_modules\.pnpm\nx@22.7.8\node_modules\nx\dist\src\plugins\package-json" (pid: 17028, socket: \\.\pipe\nx\C:\Users\DHRUVM~1\AppData\Local\Temp\plugin5404-1-836.1766.sock)
[isolated-plugin] spawned worker for "C:\Users\DhruvMehta\OneDrive - OmneNest Technologies Pvt Ltd\Desktop\productization-poc\node_modules\.pnpm\nx@22.7.8\node_modules\nx\dist\src\plugins\project-json\build-nodes\project-json" (pid: 3384, socket: \\.\pipe\nx\C:\Users\DHRUVM~1\AppData\Local\Temp\plugin5404-2-1030.415.sock)
[plugin-worker] "C:\Users\DhruvMehta\OneDrive - OmneNest Technologies Pvt Ltd\Desktop\productization-poc\node_modules\.pnpm\nx@22.7.8\node_modules\nx\dist\src\plugins\js" (pid: 3764) listening on \\.\pipe\nx\C:\Users\DHRUVM~1\AppData\Local\Temp\plugin5404-0-719.6653.sock
[1m[33mTime taken for 'plugin worker 3764 code loading' 283.3296ms[39m[22m
[NX v22.7.8 Daemon Server] - 2026-08-20T04:54:14.543Z - Time taken for 'loadSpecifiedNxPlugins' 642.2569000000001ms
[isolated-plugin] connected to worker for "C:\Users\DhruvMehta\OneDrive - OmneNest Technologies Pvt Ltd\Desktop\productization-poc\node_modules\.pnpm\nx@22.7.8\node_modules\nx\dist\src\plugins\js" (pid: 3764)
[plugin-worker] "C:\Users\DhruvMehta\OneDrive - OmneNest Technologies Pvt Ltd\Desktop\productization-poc\node_modules\.pnpm\nx@22.7.8\node_modules\nx\dist\src\plugins\js" (pid: 3764) connected
[NX v22.7.8 Daemon Server] - 2026-08-20T04:54:14.549Z - Time taken for 'start-plugin-worker:C:\Users\DhruvMehta\OneDrive - OmneNest Technologies Pvt Ltd\Desktop\productization-poc\node_modules\.pnpm\nx@22.7.8\node_modules\nx\dist\src\plugins\js' 646.8475000000001ms
[plugin-worker] "C:\Users\DhruvMehta\OneDrive - OmneNest Technologies Pvt Ltd\Desktop\productization-poc\node_modules\.pnpm\nx@22.7.8\node_modules\nx\dist\src\plugins\package-json" (pid: 17028) listening on \\.\pipe\nx\C:\Users\DHRUVM~1\AppData\Local\Temp\plugin5404-1-836.1766.sock
[1m[33mTime taken for 'plugin worker 17028 code loading' 279.4748ms[39m[22m
[isolated-plugin] connected to worker for "C:\Users\DhruvMehta\OneDrive - OmneNest Technologies Pvt Ltd\Desktop\productization-poc\node_modules\.pnpm\nx@22.7.8\node_modules\nx\dist\src\plugins\package-json" (pid: 17028)
[NX v22.7.8 Daemon Server] - 2026-08-20T04:54:14.594Z - Time taken for 'start-plugin-worker:C:\Users\DhruvMehta\OneDrive - OmneNest Technologies Pvt Ltd\Desktop\productization-poc\node_modules\.pnpm\nx@22.7.8\node_modules\nx\dist\src\plugins\package-json' 576.6158999999999ms
[plugin-worker] "C:\Users\DhruvMehta\OneDrive - OmneNest Technologies Pvt Ltd\Desktop\productization-poc\node_modules\.pnpm\nx@22.7.8\node_modules\nx\dist\src\plugins\package-json" (pid: 17028) connected
[plugin-worker] "C:\Users\DhruvMehta\OneDrive - OmneNest Technologies Pvt Ltd\Desktop\productization-poc\node_modules\.pnpm\nx@22.7.8\node_modules\nx\dist\src\plugins\js" (pid: 3764) loaded successfully
[NX v22.7.8 Daemon Server] - 2026-08-20T04:54:14.716Z - Time taken for 'Load Nx Plugin: C:\Users\DhruvMehta\OneDrive - OmneNest Technologies Pvt Ltd\Desktop\productization-poc\node_modules\.pnpm\nx@22.7.8\node_modules\nx\dist\src\plugins\js' 816.8637ms
[plugin-worker] "C:\Users\DhruvMehta\OneDrive - OmneNest Technologies Pvt Ltd\Desktop\productization-poc\node_modules\.pnpm\nx@22.7.8\node_modules\nx\dist\src\plugins\package-json" (pid: 17028) loaded successfully
[NX v22.7.8 Daemon Server] - 2026-08-20T04:54:14.737Z - Time taken for 'Load Nx Plugin: C:\Users\DhruvMehta\OneDrive - OmneNest Technologies Pvt Ltd\Desktop\productization-poc\node_modules\.pnpm\nx@22.7.8\node_modules\nx\dist\src\plugins\package-json' 837.9599ms
[plugin-worker] "C:\Users\DhruvMehta\OneDrive - OmneNest Technologies Pvt Ltd\Desktop\productization-poc\node_modules\.pnpm\nx@22.7.8\node_modules\nx\dist\src\plugins\project-json\build-nodes\project-json" (pid: 3384) listening on \\.\pipe\nx\C:\Users\DHRUVM~1\AppData\Local\Temp\plugin5404-2-1030.415.sock
[isolated-plugin] connected to worker for "C:\Users\DhruvMehta\OneDrive - OmneNest Technologies Pvt Ltd\Desktop\productization-poc\node_modules\.pnpm\nx@22.7.8\node_modules\nx\dist\src\plugins\project-json\build-nodes\project-json" (pid: 3384)
[1m[33mTime taken for 'plugin worker 3384 code loading' 267.31080000000003ms[39m[22m
[NX v22.7.8 Daemon Server] - 2026-08-20T04:54:14.911Z - Time taken for 'start-plugin-worker:C:\Users\DhruvMehta\OneDrive - OmneNest Technologies Pvt Ltd\Desktop\productization-poc\node_modules\.pnpm\nx@22.7.8\node_modules\nx\dist\src\plugins\project-json\build-nodes\project-json' 700.0965000000001ms
[plugin-worker] "C:\Users\DhruvMehta\OneDrive - OmneNest Technologies Pvt Ltd\Desktop\productization-poc\node_modules\.pnpm\nx@22.7.8\node_modules\nx\dist\src\plugins\project-json\build-nodes\project-json" (pid: 3384) connected
[plugin-worker] "C:\Users\DhruvMehta\OneDrive - OmneNest Technologies Pvt Ltd\Desktop\productization-poc\node_modules\.pnpm\nx@22.7.8\node_modules\nx\dist\src\plugins\project-json\build-nodes\project-json" (pid: 3384) loaded successfully
[NX v22.7.8 Daemon Server] - 2026-08-20T04:54:15.038Z - [REQUEST]: Updated workspace context based on watched changes, recomputing project graph...
[NX v22.7.8 Daemon Server] - 2026-08-20T04:54:15.038Z - [REQUEST]: 
[NX v22.7.8 Daemon Server] - 2026-08-20T04:54:15.039Z - [REQUEST]: 
[NX v22.7.8 Daemon Server] - 2026-08-20T04:54:15.044Z - Time taken for 'loadDefaultNxPlugins' 1139.6363999999999ms
[NX v22.7.8 Daemon Server] - 2026-08-20T04:54:15.044Z - Time taken for 'Load Nx Plugin: C:\Users\DhruvMehta\OneDrive - OmneNest Technologies Pvt Ltd\Desktop\productization-poc\node_modules\.pnpm\nx@22.7.8\node_modules\nx\dist\src\plugins\project-json\build-nodes\project-json' 1138.4053999999999ms
[NX v22.7.8 Daemon Server] - 2026-08-20T04:54:15.044Z - Time taken for 'hash changed files from watcher' 0.08450000000016189ms
[1m[33mTime taken for 'nx/core/project-json:createNodes' 0.6963999999999828ms[39m[22m
[isolated-plugin] shutting down worker for "nx/core/project-json" after createNodes
[1m[33mTime taken for 'nx/core/package-json:createNodes' 4.935899999999947ms[39m[22m
[isolated-plugin] shutting down worker for "nx/core/package-json" after createNodes
[1m[33mTime taken for 'nx/js/dependencies-and-lockfile:createNodes' 48.6742999999999ms[39m[22m
[NX v22.7.8 Daemon Server] - 2026-08-20T04:54:15.113Z - Time taken for 'build-project-configs' 60.34660000000008ms
[NX v22.7.8 Daemon Server] - 2026-08-20T04:54:15.114Z - Time taken for 'createNodes:merge' 5.699900000000071ms
[NX v22.7.8 Daemon Server] - 2026-08-20T04:54:15.114Z - Time taken for 'native-file-deps' 0.003500000000030923ms
[NX v22.7.8 Daemon Server] - 2026-08-20T04:54:15.114Z - Time taken for 'get-workspace-files' 0.3989999999998872ms
[NX v22.7.8 Daemon Server] - 2026-08-20T04:54:15.114Z - Time taken for 'get-all-workspace-files' 6.474699999999984ms
[NX v22.7.8 Daemon Server] - 2026-08-20T04:54:15.114Z - Time taken for 'read cache' 0.5561999999999898ms
[1m[33mTime taken for 'build typescript dependencies' 1.4231999999999516ms[39m[22m
[isolated-plugin] shutting down worker for "nx/js/dependencies-and-lockfile" after createDependencies
[NX v22.7.8 Daemon Server] - 2026-08-20T04:54:15.218Z - [SYNC]: collect registered sync generators
[NX v22.7.8 Daemon Server] - 2026-08-20T04:54:15.219Z - Time taken for 'total execution time for createProjectGraph()' 109.22910000000002ms
[NX v22.7.8 Daemon Server] - 2026-08-20T04:54:15.219Z - Time taken for 'createDependencies' 104.29390000000012ms
[NX v22.7.8 Daemon Server] - 2026-08-20T04:54:15.219Z - Time taken for 'nx/js/dependencies-and-lockfile:createDependencies' 104.09259999999995ms
[NX v22.7.8 Daemon Server] - 2026-08-20T04:54:15.219Z - Time taken for 'createMetadata' 0.020800000000008367ms
[NX v22.7.8 Daemon Server] - 2026-08-20T04:54:15.219Z - Time taken for 'serialize graph' 0.42450000000008004ms
Fetching nx...
[NX v22.7.8 Daemon Server] - 2026-08-20T04:54:20.727Z - [WATCHER]: apps/portal/src/products/kyc/Kyc.tsx was created or restored
[NX v22.7.8 Daemon Server] - 2026-08-20T04:54:20.727Z - [WATCHER]: File changes detected:
Created:
  - apps/portal/src/products/kyc/Kyc.tsx
Updated:
(none)
Deleted:
(none)
[NX v22.7.8 Daemon Server] - 2026-08-20T04:54:20.727Z - [SYNC]: clearing sync generators cache due to file changes
[NX v22.7.8 Daemon Server] - 2026-08-20T04:54:20.727Z - [WATCHER]: Processing file changes in outputs
[NX v22.7.8 Daemon Server] - 2026-08-20T04:54:20.842Z - [REQUEST]: Updated workspace context based on watched changes, recomputing project graph...
[NX v22.7.8 Daemon Server] - 2026-08-20T04:54:20.842Z - [REQUEST]: apps/portal/src/products/kyc/Kyc.tsx
[NX v22.7.8 Daemon Server] - 2026-08-20T04:54:20.842Z - [REQUEST]: 
[plugin-client] restarting worker for "nx/js/dependencies-and-lockfile"
[isolated-plugin] spawned worker for "nx/js/dependencies-and-lockfile" (pid: 15724, socket: \\.\pipe\nx\C:\Users\DHRUVM~1\AppData\Local\Temp\plugin5404-3-7663.4963.sock)
[plugin-client] restarting worker for "nx/core/package-json"
[isolated-plugin] spawned worker for "nx/core/package-json" (pid: 17312, socket: \\.\pipe\nx\C:\Users\DHRUVM~1\AppData\Local\Temp\plugin5404-4-7983.3923.sock)
[plugin-client] restarting worker for "nx/core/project-json"
[isolated-plugin] spawned worker for "nx/core/project-json" (pid: 1844, socket: \\.\pipe\nx\C:\Users\DHRUVM~1\AppData\Local\Temp\plugin5404-5-8107.489.sock)
[plugin-worker] "nx/js/dependencies-and-lockfile" (pid: 15724) listening on \\.\pipe\nx\C:\Users\DHRUVM~1\AppData\Local\Temp\plugin5404-3-7663.4963.sock
[1m[33mTime taken for 'plugin worker 15724 code loading' 343.0333ms[39m[22m
[plugin-worker] "nx/core/package-json" (pid: 17312) listening on \\.\pipe\nx\C:\Users\DHRUVM~1\AppData\Local\Temp\plugin5404-4-7983.3923.sock
[1m[33mTime taken for 'plugin worker 17312 code loading' 331.34959999999995ms[39m[22m
[NX v22.7.8 Daemon Server] - 2026-08-20T04:54:21.772Z - Time taken for 'hash changed files from watcher' 0.43219999999928405ms
[isolated-plugin] connected to worker for "nx/js/dependencies-and-lockfile" (pid: 15724)
[isolated-plugin] connected to worker for "nx/core/package-json" (pid: 17312)
[plugin-worker] "nx/js/dependencies-and-lockfile" (pid: 15724) connected
[plugin-worker] "nx/core/package-json" (pid: 17312) connected
[NX v22.7.8 Daemon Server] - 2026-08-20T04:54:21.778Z - Time taken for 'start-plugin-worker:nx/js/dependencies-and-lockfile' 932.4704999999994ms
[NX v22.7.8 Daemon Server] - 2026-08-20T04:54:21.778Z - Time taken for 'start-plugin-worker:nx/core/package-json' 613.7261000000008ms
[plugin-worker] "nx/core/package-json" (pid: 17312) loaded successfully
[1m[33mTime taken for 'nx/core/package-json:createNodes' 5.8110000000000355ms[39m[22m
[isolated-plugin] shutting down worker for "nx/core/package-json" after createNodes
[plugin-worker] "nx/js/dependencies-and-lockfile" (pid: 15724) loaded successfully
[1m[33mTime taken for 'nx/js/dependencies-and-lockfile:createNodes' 4.6416000000000395ms[39m[22m
[plugin-worker] "nx/core/project-json" (pid: 1844) listening on \\.\pipe\nx\C:\Users\DHRUVM~1\AppData\Local\Temp\plugin5404-5-8107.489.sock
[1m[33mTime taken for 'plugin worker 1844 code loading' 363.9395ms[39m[22m
[isolated-plugin] connected to worker for "nx/core/project-json" (pid: 1844)
[NX v22.7.8 Daemon Server] - 2026-08-20T04:54:22.243Z - Time taken for 'start-plugin-worker:nx/core/project-json' 954.6800999999996ms
[plugin-worker] "nx/core/project-json" (pid: 1844) connected
[plugin-worker] "nx/core/project-json" (pid: 1844) loaded successfully
[1m[33mTime taken for 'nx/core/project-json:createNodes' 0.8538999999999533ms[39m[22m
[isolated-plugin] shutting down worker for "nx/core/project-json" after createNodes
[NX v22.7.8 Daemon Server] - 2026-08-20T04:54:22.413Z - Time taken for 'build-project-configs' 1564.0289000000012ms
[NX v22.7.8 Daemon Server] - 2026-08-20T04:54:22.413Z - Time taken for 'createNodes:merge' 0.5541000000011991ms
[NX v22.7.8 Daemon Server] - 2026-08-20T04:54:22.414Z - Time taken for 'get-all-workspace-files' 0.05950000000120781ms
[1m[33mTime taken for 'build typescript dependencies' 1.4647999999999683ms[39m[22m
[isolated-plugin] shutting down worker for "nx/js/dependencies-and-lockfile" after createDependencies
[NX v22.7.8 Daemon Server] - 2026-08-20T04:54:22.426Z - [SYNC]: collect registered sync generators
[NX v22.7.8 Daemon Server] - 2026-08-20T04:54:22.427Z - [SYNC]: project graph hash is the same, not collecting task sync generators
[NX v22.7.8 Daemon Server] - 2026-08-20T04:54:22.427Z - [SYNC]: nx.json hash is the same, not collecting global sync generators
[NX v22.7.8 Daemon Server] - 2026-08-20T04:54:22.427Z - Time taken for 'total execution time for createProjectGraph()' 17.06500000000051ms
[NX v22.7.8 Daemon Server] - 2026-08-20T04:54:22.427Z - Time taken for 'createDependencies' 12.388200000001234ms
[NX v22.7.8 Daemon Server] - 2026-08-20T04:54:22.427Z - Time taken for 'nx/js/dependencies-and-lockfile:createDependencies' 12.184900000000198ms
[NX v22.7.8 Daemon Server] - 2026-08-20T04:54:22.428Z - Time taken for 'createMetadata' 0.019700000000739237ms
[NX v22.7.8 Daemon Server] - 2026-08-20T04:54:22.428Z - Time taken for 'serialize graph' 0.8881000000001222ms
[NX v22.7.8 Daemon Server] - 2026-08-20T04:54:25.093Z - [WATCHER]: apps/portal/src/products/kyc/Kyc.tsx was modified
[NX v22.7.8 Daemon Server] - 2026-08-20T04:54:25.094Z - [WATCHER]: File changes detected:
Created:
(none)
Updated:
  - apps/portal/src/products/kyc/Kyc.tsx
Deleted:
(none)
[NX v22.7.8 Daemon Server] - 2026-08-20T04:54:25.094Z - [SYNC]: clearing sync generators cache due to file changes
[NX v22.7.8 Daemon Server] - 2026-08-20T04:54:25.094Z - [WATCHER]: Processing file changes in outputs
[NX v22.7.8 Daemon Server] - 2026-08-20T04:54:25.303Z - [REQUEST]: Updated workspace context based on watched changes, recomputing project graph...
[NX v22.7.8 Daemon Server] - 2026-08-20T04:54:25.303Z - [REQUEST]: apps/portal/src/products/kyc/Kyc.tsx
[NX v22.7.8 Daemon Server] - 2026-08-20T04:54:25.303Z - [REQUEST]: 
[plugin-client] restarting worker for "nx/js/dependencies-and-lockfile"
[isolated-plugin] spawned worker for "nx/js/dependencies-and-lockfile" (pid: 15000, socket: \\.\pipe\nx\C:\Users\DHRUVM~1\AppData\Local\Temp\plugin5404-6-12123.6557.sock)
[plugin-client] restarting worker for "nx/core/package-json"
[isolated-plugin] spawned worker for "nx/core/package-json" (pid: 24284, socket: \\.\pipe\nx\C:\Users\DHRUVM~1\AppData\Local\Temp\plugin5404-7-12221.5613.sock)
[plugin-client] restarting worker for "nx/core/project-json"
[isolated-plugin] spawned worker for "nx/core/project-json" (pid: 14824, socket: \\.\pipe\nx\C:\Users\DHRUVM~1\AppData\Local\Temp\plugin5404-8-12325.5553.sock)
[NX v22.7.8 Daemon Server] - 2026-08-20T04:54:25.630Z - Time taken for 'hash changed files from watcher' 0.3135999999994965ms
[NX v22.7.8 Daemon Server] - 2026-08-20T04:54:25.630Z - [LATEST-NX]: Successfully pulled latest Nx to C:\Users\DHRUVM~1\AppData\Local\Temp\tmp-5404-Jf0DItEvwGLJ
[NX v22.7.8 Daemon Server] - 2026-08-20T04:54:25.632Z - [NX-CONSOLE]: Using local implementation (NX_USE_LOCAL=true or inner call)
DEBUG nx::native::ide::preferences: Loaded console preferences: NxConsolePreferences { auto_install_console: Some(false), path: "C:\\Users\\DhruvMehta\\.nx\\ide.json" }
[NX v22.7.8 Daemon Server] - 2026-08-20T04:54:25.633Z - [AI-AGENTS]: Failed to compute agent configuration status from latest Nx. Error: Only URLs with a scheme in: file, data, and node are supported by the default ESM loader. On Windows, absolute paths must be valid file:// URLs. Received protocol 'c:'
DEBUG nx::native::ide::install: Detected editor: VSCode
[NX v22.7.8 Daemon Server] - 2026-08-20T04:54:25.633Z - [AI-AGENTS]: Agent configuration status computation completed: 0 fully configured, 0 outdated, 0 partially configured, 0 non-configured
DEBUG nx::native::ide::install: Checking if Nx Console extension is installed with: code.cmd --list-extensions
[plugin-worker] "nx/js/dependencies-and-lockfile" (pid: 15000) listening on \\.\pipe\nx\C:\Users\DHRUVM~1\AppData\Local\Temp\plugin5404-6-12123.6557.sock
[isolated-plugin] connected to worker for "nx/js/dependencies-and-lockfile" (pid: 15000)
[1m[33mTime taken for 'plugin worker 15000 code loading' 324.9824ms[39m[22m
[NX v22.7.8 Daemon Server] - 2026-08-20T04:54:25.812Z - Time taken for 'start-plugin-worker:nx/js/dependencies-and-lockfile' 507.46819999999934ms
[plugin-worker] "nx/js/dependencies-and-lockfile" (pid: 15000) connected
[plugin-worker] "nx/core/package-json" (pid: 24284) listening on \\.\pipe\nx\C:\Users\DHRUVM~1\AppData\Local\Temp\plugin5404-7-12221.5613.sock
[1m[33mTime taken for 'plugin worker 24284 code loading' 323.7057ms[39m[22m
[isolated-plugin] connected to worker for "nx/core/package-json" (pid: 24284)
[NX v22.7.8 Daemon Server] - 2026-08-20T04:54:25.926Z - Time taken for 'start-plugin-worker:nx/core/package-json' 523.1702999999998ms
[plugin-worker] "nx/core/package-json" (pid: 24284) connected
[plugin-worker] "nx/js/dependencies-and-lockfile" (pid: 15000) loaded successfully
[1m[33mTime taken for 'nx/js/dependencies-and-lockfile:createNodes' 3.997600000000034ms[39m[22m
[plugin-worker] "nx/core/project-json" (pid: 14824) listening on \\.\pipe\nx\C:\Users\DHRUVM~1\AppData\Local\Temp\plugin5404-8-12325.5553.sock
[1m[33mTime taken for 'plugin worker 14824 code loading' 299.52720000000005ms[39m[22m
[isolated-plugin] connected to worker for "nx/core/project-json" (pid: 14824)
[NX v22.7.8 Daemon Server] - 2026-08-20T04:54:26.026Z - Time taken for 'start-plugin-worker:nx/core/project-json' 519.3821000000007ms
[plugin-worker] "nx/core/project-json" (pid: 14824) connected
[plugin-worker] "nx/core/package-json" (pid: 24284) loaded successfully
[1m[33mTime taken for 'nx/core/package-json:createNodes' 6.407600000000002ms[39m[22m
[isolated-plugin] shutting down worker for "nx/core/package-json" after createNodes
[plugin-worker] "nx/core/project-json" (pid: 14824) loaded successfully
[1m[33mTime taken for 'nx/core/project-json:createNodes' 1.2636999999999716ms[39m[22m
[isolated-plugin] shutting down worker for "nx/core/project-json" after createNodes
[NX v22.7.8 Daemon Server] - 2026-08-20T04:54:26.196Z - Time taken for 'build-project-configs' 887.5878999999986ms
[NX v22.7.8 Daemon Server] - 2026-08-20T04:54:26.197Z - Time taken for 'createNodes:merge' 0.5010999999994965ms
[NX v22.7.8 Daemon Server] - 2026-08-20T04:54:26.197Z - Time taken for 'get-all-workspace-files' 0.03949999999895226ms
[1m[33mTime taken for 'build typescript dependencies' 1.2250999999999976ms[39m[22m
[isolated-plugin] shutting down worker for "nx/js/dependencies-and-lockfile" after createDependencies
[NX v22.7.8 Daemon Server] - 2026-08-20T04:54:26.207Z - [SYNC]: collect registered sync generators
[NX v22.7.8 Daemon Server] - 2026-08-20T04:54:26.208Z - [SYNC]: project graph hash is the same, not collecting task sync generators
[NX v22.7.8 Daemon Server] - 2026-08-20T04:54:26.209Z - [SYNC]: nx.json hash is the same, not collecting global sync generators
[NX v22.7.8 Daemon Server] - 2026-08-20T04:54:26.209Z - Time taken for 'total execution time for createProjectGraph()' 14.823200000000725ms
[NX v22.7.8 Daemon Server] - 2026-08-20T04:54:26.209Z - Time taken for 'createDependencies' 10.741099999999278ms
[NX v22.7.8 Daemon Server] - 2026-08-20T04:54:26.209Z - Time taken for 'nx/js/dependencies-and-lockfile:createDependencies' 10.593800000000556ms
[NX v22.7.8 Daemon Server] - 2026-08-20T04:54:26.209Z - Time taken for 'createMetadata' 0.016499999999723514ms
[NX v22.7.8 Daemon Server] - 2026-08-20T04:54:26.209Z - Time taken for 'serialize graph' 0.8279999999995198ms
DEBUG nx::native::ide::install: Nx Console extension is installed
[NX v22.7.8 Daemon Server] - 2026-08-20T04:54:26.456Z - [NX-CONSOLE]: Console status check completed, shouldPrompt: false
[NX v22.7.8 Daemon Server] - 2026-08-20T04:54:48.533Z - [WATCHER]: 0 file(s) created or restored, 0 file(s) modified, 0 file(s) deleted
[NX v22.7.8 Daemon Server] - 2026-08-20T04:54:48.941Z - [REQUEST]: Updated workspace context based on watched changes, recomputing project graph...
[NX v22.7.8 Daemon Server] - 2026-08-20T04:54:48.941Z - [REQUEST]: 
[NX v22.7.8 Daemon Server] - 2026-08-20T04:54:48.941Z - [REQUEST]: 
[plugin-client] restarting worker for "nx/js/dependencies-and-lockfile"
[isolated-plugin] spawned worker for "nx/js/dependencies-and-lockfile" (pid: 24532, socket: \\.\pipe\nx\C:\Users\DHRUVM~1\AppData\Local\Temp\plugin5404-9-35762.2951.sock)
[plugin-client] restarting worker for "nx/core/package-json"
[isolated-plugin] spawned worker for "nx/core/package-json" (pid: 23548, socket: \\.\pipe\nx\C:\Users\DHRUVM~1\AppData\Local\Temp\plugin5404-10-35855.6615.sock)
[plugin-client] restarting worker for "nx/core/project-json"
[isolated-plugin] spawned worker for "nx/core/project-json" (pid: 23572, socket: \\.\pipe\nx\C:\Users\DHRUVM~1\AppData\Local\Temp\plugin5404-11-35951.0659.sock)
[NX v22.7.8 Daemon Server] - 2026-08-20T04:54:49.234Z - Time taken for 'hash changed files from watcher' 0.06729999999515712ms
[plugin-worker] "nx/js/dependencies-and-lockfile" (pid: 24532) listening on \\.\pipe\nx\C:\Users\DHRUVM~1\AppData\Local\Temp\plugin5404-9-35762.2951.sock
[1m[33mTime taken for 'plugin worker 24532 code loading' 285.4276ms[39m[22m
[isolated-plugin] connected to worker for "nx/js/dependencies-and-lockfile" (pid: 24532)
[NX v22.7.8 Daemon Server] - 2026-08-20T04:54:49.409Z - Time taken for 'start-plugin-worker:nx/js/dependencies-and-lockfile' 465.96719999999914ms
[plugin-worker] "nx/js/dependencies-and-lockfile" (pid: 24532) connected
[plugin-worker] "nx/core/package-json" (pid: 23548) listening on \\.\pipe\nx\C:\Users\DHRUVM~1\AppData\Local\Temp\plugin5404-10-35855.6615.sock
[1m[33mTime taken for 'plugin worker 23548 code loading' 275.6961ms[39m[22m
[isolated-plugin] connected to worker for "nx/core/package-json" (pid: 23548)
[NX v22.7.8 Daemon Server] - 2026-08-20T04:54:49.487Z - Time taken for 'start-plugin-worker:nx/core/package-json' 450.290700000005ms
[plugin-worker] "nx/core/package-json" (pid: 23548) connected
[plugin-worker] "nx/js/dependencies-and-lockfile" (pid: 24532) loaded successfully
[1m[33mTime taken for 'nx/js/dependencies-and-lockfile:createNodes' 6.422500000000014ms[39m[22m
[plugin-worker] "nx/core/project-json" (pid: 23572) listening on \\.\pipe\nx\C:\Users\DHRUVM~1\AppData\Local\Temp\plugin5404-11-35951.0659.sock
[1m[33mTime taken for 'plugin worker 23572 code loading' 278.00780000000003ms[39m[22m
[isolated-plugin] connected to worker for "nx/core/project-json" (pid: 23572)
[NX v22.7.8 Daemon Server] - 2026-08-20T04:54:49.609Z - Time taken for 'start-plugin-worker:nx/core/project-json' 476.96169999999984ms
[plugin-worker] "nx/core/project-json" (pid: 23572) connected
[plugin-worker] "nx/core/package-json" (pid: 23548) loaded successfully
[1m[33mTime taken for 'nx/core/package-json:createNodes' 4.8361000000000445ms[39m[22m
[isolated-plugin] shutting down worker for "nx/core/package-json" after createNodes
[plugin-worker] "nx/core/project-json" (pid: 23572) loaded successfully
[1m[33mTime taken for 'nx/core/project-json:createNodes' 0.5503999999999678ms[39m[22m
[isolated-plugin] shutting down worker for "nx/core/project-json" after createNodes
[NX v22.7.8 Daemon Server] - 2026-08-20T04:54:49.735Z - Time taken for 'build-project-configs' 789.7093999999997ms
[NX v22.7.8 Daemon Server] - 2026-08-20T04:54:49.735Z - Time taken for 'createNodes:merge' 0.37910000000556465ms
[NX v22.7.8 Daemon Server] - 2026-08-20T04:54:49.735Z - Time taken for 'get-all-workspace-files' 0.018199999998614658ms
[1m[33mTime taken for 'build typescript dependencies' 0.09989999999993415ms[39m[22m
[isolated-plugin] shutting down worker for "nx/js/dependencies-and-lockfile" after createDependencies
[NX v22.7.8 Daemon Server] - 2026-08-20T04:54:49.740Z - [SYNC]: collect registered sync generators
[NX v22.7.8 Daemon Server] - 2026-08-20T04:54:49.741Z - [SYNC]: project graph hash is the same, not collecting task sync generators
[NX v22.7.8 Daemon Server] - 2026-08-20T04:54:49.741Z - [SYNC]: nx.json hash is the same, not collecting global sync generators
[NX v22.7.8 Daemon Server] - 2026-08-20T04:54:49.741Z - Time taken for 'total execution time for createProjectGraph()' 7.442799999997078ms
[NX v22.7.8 Daemon Server] - 2026-08-20T04:54:49.741Z - Time taken for 'createDependencies' 5.184800000002724ms
[NX v22.7.8 Daemon Server] - 2026-08-20T04:54:49.741Z - Time taken for 'nx/js/dependencies-and-lockfile:createDependencies' 5.129800000002433ms
[NX v22.7.8 Daemon Server] - 2026-08-20T04:54:49.741Z - Time taken for 'createMetadata' 0.008800000003247987ms
[NX v22.7.8 Daemon Server] - 2026-08-20T04:54:49.741Z - Time taken for 'serialize graph' 0.43699999999807915ms
[NX v22.7.8 Daemon Server] - 2026-08-20T04:54:54.658Z - [WATCHER]: Processing file changes in outputs
[NX v22.7.8 Daemon Server] - 2026-08-20T04:54:54.659Z - [WATCHER]: apps/portal/src/products/reports/Reports.tsx was modified
[NX v22.7.8 Daemon Server] - 2026-08-20T04:54:54.659Z - [WATCHER]: File changes detected:
Created:
(none)
Updated:
  - apps/portal/src/products/reports/Reports.tsx
Deleted:
(none)
[NX v22.7.8 Daemon Server] - 2026-08-20T04:54:54.659Z - [SYNC]: clearing sync generators cache due to file changes
[NX v22.7.8 Daemon Server] - 2026-08-20T04:54:55.461Z - [REQUEST]: Updated workspace context based on watched changes, recomputing project graph...
[NX v22.7.8 Daemon Server] - 2026-08-20T04:54:55.461Z - [REQUEST]: apps/portal/src/products/reports/Reports.tsx
[NX v22.7.8 Daemon Server] - 2026-08-20T04:54:55.462Z - [REQUEST]: 
[plugin-client] restarting worker for "nx/js/dependencies-and-lockfile"
[isolated-plugin] spawned worker for "nx/js/dependencies-and-lockfile" (pid: 22464, socket: \\.\pipe\nx\C:\Users\DHRUVM~1\AppData\Local\Temp\plugin5404-12-42283.3822.sock)
[plugin-client] restarting worker for "nx/core/package-json"
[isolated-plugin] spawned worker for "nx/core/package-json" (pid: 8260, socket: \\.\pipe\nx\C:\Users\DHRUVM~1\AppData\Local\Temp\plugin5404-13-42446.1474.sock)
[plugin-client] restarting worker for "nx/core/project-json"
[isolated-plugin] spawned worker for "nx/core/project-json" (pid: 7408, socket: \\.\pipe\nx\C:\Users\DHRUVM~1\AppData\Local\Temp\plugin5404-14-42617.122.sock)
[NX v22.7.8 Daemon Server] - 2026-08-20T04:54:55.936Z - Time taken for 'hash changed files from watcher' 0.45420000000012806ms
[plugin-worker] "nx/js/dependencies-and-lockfile" (pid: 22464) listening on \\.\pipe\nx\C:\Users\DHRUVM~1\AppData\Local\Temp\plugin5404-12-42283.3822.sock
[isolated-plugin] connected to worker for "nx/js/dependencies-and-lockfile" (pid: 22464)
[1m[33mTime taken for 'plugin worker 22464 code loading' 268.62179999999995ms[39m[22m
[NX v22.7.8 Daemon Server] - 2026-08-20T04:54:55.975Z - Time taken for 'start-plugin-worker:nx/js/dependencies-and-lockfile' 510.2871000000014ms
[plugin-worker] "nx/js/dependencies-and-lockfile" (pid: 22464) connected
[plugin-worker] "nx/js/dependencies-and-lockfile" (pid: 22464) loaded successfully
[1m[33mTime taken for 'nx/js/dependencies-and-lockfile:createNodes' 4.569999999999993ms[39m[22m
[plugin-worker] "nx/core/package-json" (pid: 8260) listening on \\.\pipe\nx\C:\Users\DHRUVM~1\AppData\Local\Temp\plugin5404-13-42446.1474.sock
[isolated-plugin] connected to worker for "nx/core/package-json" (pid: 8260)
[1m[33mTime taken for 'plugin worker 8260 code loading' 283.27119999999996ms[39m[22m
[plugin-worker] "nx/core/package-json" (pid: 8260) connected
[NX v22.7.8 Daemon Server] - 2026-08-20T04:54:56.160Z - Time taken for 'start-plugin-worker:nx/core/package-json' 533.4124000000011ms
[plugin-worker] "nx/core/project-json" (pid: 7408) listening on \\.\pipe\nx\C:\Users\DHRUVM~1\AppData\Local\Temp\plugin5404-14-42617.122.sock
[plugin-worker] "nx/core/package-json" (pid: 8260) loaded successfully
[isolated-plugin] connected to worker for "nx/core/project-json" (pid: 7408)
[1m[33mTime taken for 'plugin worker 7408 code loading' 270.7389ms[39m[22m
[NX v22.7.8 Daemon Server] - 2026-08-20T04:54:56.295Z - Time taken for 'start-plugin-worker:nx/core/project-json' 496.7002999999968ms
[plugin-worker] "nx/core/project-json" (pid: 7408) connected
[1m[33mTime taken for 'nx/core/package-json:createNodes' 4.790500000000009ms[39m[22m
[isolated-plugin] shutting down worker for "nx/core/package-json" after createNodes
[plugin-worker] "nx/core/project-json" (pid: 7408) loaded successfully
[1m[33mTime taken for 'nx/core/project-json:createNodes' 0.5242000000000075ms[39m[22m
[isolated-plugin] shutting down worker for "nx/core/project-json" after createNodes
[NX v22.7.8 Daemon Server] - 2026-08-20T04:54:56.421Z - Time taken for 'build-project-configs' 952.6324999999997ms
[NX v22.7.8 Daemon Server] - 2026-08-20T04:54:56.422Z - Time taken for 'createNodes:merge' 0.6843000000008033ms
[NX v22.7.8 Daemon Server] - 2026-08-20T04:54:56.422Z - Time taken for 'get-all-workspace-files' 0.03830000000016298ms
[1m[33mTime taken for 'build typescript dependencies' 1.1006999999999607ms[39m[22m
[isolated-plugin] shutting down worker for "nx/js/dependencies-and-lockfile" after createDependencies
[NX v22.7.8 Daemon Server] - 2026-08-20T04:54:56.430Z - [SYNC]: collect registered sync generators
[NX v22.7.8 Daemon Server] - 2026-08-20T04:54:56.431Z - [SYNC]: project graph hash is the same, not collecting task sync generators
[NX v22.7.8 Daemon Server] - 2026-08-20T04:54:56.431Z - [SYNC]: nx.json hash is the same, not collecting global sync generators
[NX v22.7.8 Daemon Server] - 2026-08-20T04:54:56.431Z - Time taken for 'total execution time for createProjectGraph()' 12.621099999996659ms
[NX v22.7.8 Daemon Server] - 2026-08-20T04:54:56.431Z - Time taken for 'createDependencies' 8.000099999997474ms
[NX v22.7.8 Daemon Server] - 2026-08-20T04:54:56.432Z - Time taken for 'nx/js/dependencies-and-lockfile:createDependencies' 7.836199999997916ms
[NX v22.7.8 Daemon Server] - 2026-08-20T04:54:56.432Z - Time taken for 'createMetadata' 0.017599999999220017ms
[NX v22.7.8 Daemon Server] - 2026-08-20T04:54:56.432Z - Time taken for 'serialize graph' 1.1190999999962514ms
[NX v22.7.8 Daemon Server] - 2026-08-20T04:55:24.141Z - [WATCHER]: Processing file changes in outputs
[NX v22.7.8 Daemon Server] - 2026-08-20T04:55:24.141Z - [WATCHER]: apps/portal/src/app/routes.tsx was created or restored
[NX v22.7.8 Daemon Server] - 2026-08-20T04:55:24.142Z - [WATCHER]: File changes detected:
Created:
  - apps/portal/src/app/routes.tsx
Updated:
(none)
Deleted:
(none)
[NX v22.7.8 Daemon Server] - 2026-08-20T04:55:24.142Z - [SYNC]: clearing sync generators cache due to file changes
[NX v22.7.8 Daemon Server] - 2026-08-20T04:55:24.243Z - [REQUEST]: Updated workspace context based on watched changes, recomputing project graph...
[NX v22.7.8 Daemon Server] - 2026-08-20T04:55:24.243Z - [REQUEST]: apps/portal/src/app/routes.tsx
[NX v22.7.8 Daemon Server] - 2026-08-20T04:55:24.243Z - [REQUEST]: 
[plugin-client] restarting worker for "nx/js/dependencies-and-lockfile"
[isolated-plugin] spawned worker for "nx/js/dependencies-and-lockfile" (pid: 6864, socket: \\.\pipe\nx\C:\Users\DHRUVM~1\AppData\Local\Temp\plugin5404-15-71064.4077.sock)
[plugin-client] restarting worker for "nx/core/package-json"
[isolated-plugin] spawned worker for "nx/core/package-json" (pid: 3448, socket: \\.\pipe\nx\C:\Users\DHRUVM~1\AppData\Local\Temp\plugin5404-16-71270.266.sock)
[plugin-client] restarting worker for "nx/core/project-json"
[isolated-plugin] spawned worker for "nx/core/project-json" (pid: 3416, socket: \\.\pipe\nx\C:\Users\DHRUVM~1\AppData\Local\Temp\plugin5404-17-71391.0194.sock)
[NX v22.7.8 Daemon Server] - 2026-08-20T04:55:24.729Z - Time taken for 'hash changed files from watcher' 0.3558999999950174ms
[plugin-worker] "nx/js/dependencies-and-lockfile" (pid: 6864) listening on \\.\pipe\nx\C:\Users\DHRUVM~1\AppData\Local\Temp\plugin5404-15-71064.4077.sock
[1m[33mTime taken for 'plugin worker 6864 code loading' 315.7114ms[39m[22m
[isolated-plugin] connected to worker for "nx/js/dependencies-and-lockfile" (pid: 6864)
[plugin-worker] "nx/js/dependencies-and-lockfile" (pid: 6864) connected
[NX v22.7.8 Daemon Server] - 2026-08-20T04:55:24.868Z - Time taken for 'start-plugin-worker:nx/js/dependencies-and-lockfile' 623.2118000000046ms
[plugin-worker] "nx/core/package-json" (pid: 3448) listening on \\.\pipe\nx\C:\Users\DHRUVM~1\AppData\Local\Temp\plugin5404-16-71270.266.sock
[isolated-plugin] connected to worker for "nx/core/package-json" (pid: 3448)
[1m[33mTime taken for 'plugin worker 3448 code loading' 288.9487ms[39m[22m
[NX v22.7.8 Daemon Server] - 2026-08-20T04:55:24.959Z - Time taken for 'start-plugin-worker:nx/core/package-json' 508.1296000000002ms
[plugin-worker] "nx/core/package-json" (pid: 3448) connected
[plugin-worker] "nx/js/dependencies-and-lockfile" (pid: 6864) loaded successfully
[1m[33mTime taken for 'nx/js/dependencies-and-lockfile:createNodes' 3.4811000000000263ms[39m[22m
[plugin-worker] "nx/core/project-json" (pid: 3416) listening on \\.\pipe\nx\C:\Users\DHRUVM~1\AppData\Local\Temp\plugin5404-17-71391.0194.sock
[isolated-plugin] connected to worker for "nx/core/project-json" (pid: 3416)
[NX v22.7.8 Daemon Server] - 2026-08-20T04:55:25.094Z - Time taken for 'start-plugin-worker:nx/core/project-json' 522.1159000000043ms
[plugin-worker] "nx/core/project-json" (pid: 3416) connected
[1m[33mTime taken for 'plugin worker 3416 code loading' 272.9568ms[39m[22m
[plugin-worker] "nx/core/package-json" (pid: 3448) loaded successfully
[isolated-plugin] shutting down worker for "nx/core/package-json" after createNodes
[plugin-worker] "nx/core/project-json" (pid: 3416) loaded successfully
[1m[33mTime taken for 'nx/core/project-json:createNodes' 1.0614000000000487ms[39m[22m
[isolated-plugin] shutting down worker for "nx/core/project-json" after createNodes
[NX v22.7.8 Daemon Server] - 2026-08-20T04:55:25.248Z - Time taken for 'build-project-configs' 1000.4616999999998ms
[NX v22.7.8 Daemon Server] - 2026-08-20T04:55:25.248Z - Time taken for 'createNodes:merge' 0.3922000000020489ms
[NX v22.7.8 Daemon Server] - 2026-08-20T04:55:25.248Z - Time taken for 'get-all-workspace-files' 0.029099999999743886ms
[1m[33mTime taken for 'build typescript dependencies' 1.127299999999991ms[39m[22m
[isolated-plugin] shutting down worker for "nx/js/dependencies-and-lockfile" after createDependencies
[NX v22.7.8 Daemon Server] - 2026-08-20T04:55:25.255Z - [SYNC]: collect registered sync generators
[NX v22.7.8 Daemon Server] - 2026-08-20T04:55:25.256Z - [SYNC]: project graph hash is the same, not collecting task sync generators
[NX v22.7.8 Daemon Server] - 2026-08-20T04:55:25.256Z - [SYNC]: nx.json hash is the same, not collecting global sync generators
[NX v22.7.8 Daemon Server] - 2026-08-20T04:55:25.256Z - Time taken for 'total execution time for createProjectGraph()' 10.138099999996484ms
[NX v22.7.8 Daemon Server] - 2026-08-20T04:55:25.256Z - Time taken for 'createDependencies' 6.9958000000042375ms
[NX v22.7.8 Daemon Server] - 2026-08-20T04:55:25.256Z - Time taken for 'nx/js/dependencies-and-lockfile:createDependencies' 6.89429999999993ms
[NX v22.7.8 Daemon Server] - 2026-08-20T04:55:25.256Z - Time taken for 'createMetadata' 0.013100000011036173ms
[NX v22.7.8 Daemon Server] - 2026-08-20T04:55:25.256Z - Time taken for 'serialize graph' 0.6137000000016997ms
[NX v22.7.8 Daemon Server] - 2026-08-20T04:55:28.877Z - [WATCHER]: apps/portal/src/app/routes.tsx was modified
[NX v22.7.8 Daemon Server] - 2026-08-20T04:55:28.877Z - [WATCHER]: File changes detected:
Created:
(none)
Updated:
  - apps/portal/src/app/routes.tsx
Deleted:
(none)
[NX v22.7.8 Daemon Server] - 2026-08-20T04:55:28.877Z - [SYNC]: clearing sync generators cache due to file changes
[NX v22.7.8 Daemon Server] - 2026-08-20T04:55:28.877Z - [WATCHER]: Processing file changes in outputs
[NX v22.7.8 Daemon Server] - 2026-08-20T04:55:29.077Z - [REQUEST]: Updated workspace context based on watched changes, recomputing project graph...
[NX v22.7.8 Daemon Server] - 2026-08-20T04:55:29.078Z - [REQUEST]: apps/portal/src/app/routes.tsx
[NX v22.7.8 Daemon Server] - 2026-08-20T04:55:29.078Z - [REQUEST]: 
[plugin-client] restarting worker for "nx/js/dependencies-and-lockfile"
[isolated-plugin] spawned worker for "nx/js/dependencies-and-lockfile" (pid: 19224, socket: \\.\pipe\nx\C:\Users\DHRUVM~1\AppData\Local\Temp\plugin5404-18-75899.0893.sock)
[plugin-client] restarting worker for "nx/core/package-json"
[isolated-plugin] spawned worker for "nx/core/package-json" (pid: 24164, socket: \\.\pipe\nx\C:\Users\DHRUVM~1\AppData\Local\Temp\plugin5404-19-75989.3069.sock)
[plugin-client] restarting worker for "nx/core/project-json"
[isolated-plugin] spawned worker for "nx/core/project-json" (pid: 23960, socket: \\.\pipe\nx\C:\Users\DHRUVM~1\AppData\Local\Temp\plugin5404-20-76083.7456.sock)
[NX v22.7.8 Daemon Server] - 2026-08-20T04:55:29.364Z - Time taken for 'hash changed files from watcher' 0.27899999999499414ms
[plugin-worker] "nx/js/dependencies-and-lockfile" (pid: 19224) listening on \\.\pipe\nx\C:\Users\DHRUVM~1\AppData\Local\Temp\plugin5404-18-75899.0893.sock
[1m[33mTime taken for 'plugin worker 19224 code loading' 254.94350000000003ms[39m[22m
[isolated-plugin] connected to worker for "nx/js/dependencies-and-lockfile" (pid: 19224)
[NX v22.7.8 Daemon Server] - 2026-08-20T04:55:29.497Z - Time taken for 'start-plugin-worker:nx/js/dependencies-and-lockfile' 417.68210000000545ms
[plugin-worker] "nx/js/dependencies-and-lockfile" (pid: 19224) connected
[plugin-worker] "nx/core/package-json" (pid: 24164) listening on \\.\pipe\nx\C:\Users\DHRUVM~1\AppData\Local\Temp\plugin5404-19-75989.3069.sock
[1m[33mTime taken for 'plugin worker 24164 code loading' 264.5028ms[39m[22m
[isolated-plugin] connected to worker for "nx/core/package-json" (pid: 24164)
[NX v22.7.8 Daemon Server] - 2026-08-20T04:55:29.623Z - Time taken for 'start-plugin-worker:nx/core/package-json' 453.3497999999963ms
[plugin-worker] "nx/core/package-json" (pid: 24164) connected
[plugin-worker] "nx/js/dependencies-and-lockfile" (pid: 19224) loaded successfully
[1m[33mTime taken for 'nx/js/dependencies-and-lockfile:createNodes' 4.06110000000001ms[39m[22m
[plugin-worker] "nx/core/project-json" (pid: 23960) listening on \\.\pipe\nx\C:\Users\DHRUVM~1\AppData\Local\Temp\plugin5404-20-76083.7456.sock
[1m[33mTime taken for 'plugin worker 23960 code loading' 257.1107ms[39m[22m
[isolated-plugin] connected to worker for "nx/core/project-json" (pid: 23960)
[NX v22.7.8 Daemon Server] - 2026-08-20T04:55:29.699Z - Time taken for 'start-plugin-worker:nx/core/project-json' 434.8619999999937ms
[plugin-worker] "nx/core/project-json" (pid: 23960) connected
[plugin-worker] "nx/core/package-json" (pid: 24164) loaded successfully
[1m[33mTime taken for 'nx/core/package-json:createNodes' 4.773599999999988ms[39m[22m
[isolated-plugin] shutting down worker for "nx/core/package-json" after createNodes
[plugin-worker] "nx/core/project-json" (pid: 23960) loaded successfully
[1m[33mTime taken for 'nx/core/project-json:createNodes' 0.6182999999999765ms[39m[22m
[isolated-plugin] shutting down worker for "nx/core/project-json" after createNodes
[NX v22.7.8 Daemon Server] - 2026-08-20T04:55:29.820Z - Time taken for 'build-project-configs' 739.078600000008ms
[NX v22.7.8 Daemon Server] - 2026-08-20T04:55:29.820Z - Time taken for 'createNodes:merge' 0.22580000000016298ms
[NX v22.7.8 Daemon Server] - 2026-08-20T04:55:29.820Z - Time taken for 'get-all-workspace-files' 0.022400000001653098ms
[1m[33mTime taken for 'build typescript dependencies' 1.1336000000000013ms[39m[22m
[isolated-plugin] shutting down worker for "nx/js/dependencies-and-lockfile" after createDependencies
[NX v22.7.8 Daemon Server] - 2026-08-20T04:55:29.827Z - [SYNC]: collect registered sync generators
[NX v22.7.8 Daemon Server] - 2026-08-20T04:55:29.828Z - [SYNC]: project graph hash is the same, not collecting task sync generators
[NX v22.7.8 Daemon Server] - 2026-08-20T04:55:29.828Z - [SYNC]: nx.json hash is the same, not collecting global sync generators
[NX v22.7.8 Daemon Server] - 2026-08-20T04:55:29.828Z - Time taken for 'total execution time for createProjectGraph()' 9.086800000004587ms
[NX v22.7.8 Daemon Server] - 2026-08-20T04:55:29.828Z - Time taken for 'createDependencies' 7.060299999997369ms
[NX v22.7.8 Daemon Server] - 2026-08-20T04:55:29.828Z - Time taken for 'nx/js/dependencies-and-lockfile:createDependencies' 7.006499999988591ms
[NX v22.7.8 Daemon Server] - 2026-08-20T04:55:29.828Z - Time taken for 'createMetadata' 0.007199999992735684ms
[NX v22.7.8 Daemon Server] - 2026-08-20T04:55:29.828Z - Time taken for 'serialize graph' 0.39079999999376014ms
[NX v22.7.8 Daemon Server] - 2026-08-20T04:55:30.282Z - [WATCHER]: apps/portal/src/app/routes.tsx was modified
[NX v22.7.8 Daemon Server] - 2026-08-20T04:55:30.282Z - [WATCHER]: File changes detected:
Created:
(none)
Updated:
  - apps/portal/src/app/routes.tsx
Deleted:
(none)
[NX v22.7.8 Daemon Server] - 2026-08-20T04:55:30.282Z - [SYNC]: clearing sync generators cache due to file changes
[NX v22.7.8 Daemon Server] - 2026-08-20T04:55:30.282Z - [WATCHER]: Processing file changes in outputs
[NX v22.7.8 Daemon Server] - 2026-08-20T04:55:30.686Z - [REQUEST]: Updated workspace context based on watched changes, recomputing project graph...
[NX v22.7.8 Daemon Server] - 2026-08-20T04:55:30.686Z - [REQUEST]: apps/portal/src/app/routes.tsx
[NX v22.7.8 Daemon Server] - 2026-08-20T04:55:30.686Z - [REQUEST]: 
[plugin-client] restarting worker for "nx/js/dependencies-and-lockfile"
[isolated-plugin] spawned worker for "nx/js/dependencies-and-lockfile" (pid: 14136, socket: \\.\pipe\nx\C:\Users\DHRUVM~1\AppData\Local\Temp\plugin5404-21-77507.863.sock)
[plugin-client] restarting worker for "nx/core/package-json"
[isolated-plugin] spawned worker for "nx/core/package-json" (pid: 20756, socket: \\.\pipe\nx\C:\Users\DHRUVM~1\AppData\Local\Temp\plugin5404-22-77597.1516.sock)
[plugin-client] restarting worker for "nx/core/project-json"
[isolated-plugin] spawned worker for "nx/core/project-json" (pid: 6428, socket: \\.\pipe\nx\C:\Users\DHRUVM~1\AppData\Local\Temp\plugin5404-23-77686.6375.sock)
[NX v22.7.8 Daemon Server] - 2026-08-20T04:55:31.021Z - Time taken for 'hash changed files from watcher' 0.7228000000031898ms
[plugin-worker] "nx/js/dependencies-and-lockfile" (pid: 14136) listening on \\.\pipe\nx\C:\Users\DHRUVM~1\AppData\Local\Temp\plugin5404-21-77507.863.sock
[isolated-plugin] connected to worker for "nx/js/dependencies-and-lockfile" (pid: 14136)
[1m[33mTime taken for 'plugin worker 14136 code loading' 290.7203ms[39m[22m
[NX v22.7.8 Daemon Server] - 2026-08-20T04:55:31.141Z - Time taken for 'start-plugin-worker:nx/js/dependencies-and-lockfile' 452.29129999999714ms
[plugin-worker] "nx/js/dependencies-and-lockfile" (pid: 14136) connected
[isolated-plugin] connected to worker for "nx/core/package-json" (pid: 20756)
[plugin-worker] "nx/core/package-json" (pid: 20756) listening on \\.\pipe\nx\C:\Users\DHRUVM~1\AppData\Local\Temp\plugin5404-22-77597.1516.sock
[NX v22.7.8 Daemon Server] - 2026-08-20T04:55:31.224Z - Time taken for 'start-plugin-worker:nx/core/package-json' 446.5509999999922ms
[plugin-worker] "nx/core/package-json" (pid: 20756) connected
[1m[33mTime taken for 'plugin worker 20756 code loading' 275.4515ms[39m[22m
[plugin-worker] "nx/js/dependencies-and-lockfile" (pid: 14136) loaded successfully
[1m[33mTime taken for 'nx/js/dependencies-and-lockfile:createNodes' 4.483499999999992ms[39m[22m
[plugin-worker] "nx/core/package-json" (pid: 20756) loaded successfully
[1m[33mTime taken for 'nx/core/package-json:createNodes' 4.512200000000007ms[39m[22m
[isolated-plugin] shutting down worker for "nx/core/package-json" after createNodes
[plugin-worker] "nx/core/project-json" (pid: 6428) listening on \\.\pipe\nx\C:\Users\DHRUVM~1\AppData\Local\Temp\plugin5404-23-77686.6375.sock
[isolated-plugin] connected to worker for "nx/core/project-json" (pid: 6428)
[1m[33mTime taken for 'plugin worker 6428 code loading' 267.64639999999997ms[39m[22m
[NX v22.7.8 Daemon Server] - 2026-08-20T04:55:31.376Z - Time taken for 'start-plugin-worker:nx/core/project-json' 508.19529999999213ms
[plugin-worker] "nx/core/project-json" (pid: 6428) connected
[plugin-worker] "nx/core/project-json" (pid: 6428) loaded successfully
[1m[33mTime taken for 'nx/core/project-json:createNodes' 0.6111999999999966ms[39m[22m
[isolated-plugin] shutting down worker for "nx/core/project-json" after createNodes
[NX v22.7.8 Daemon Server] - 2026-08-20T04:55:31.501Z - Time taken for 'build-project-configs' 808.693900000013ms
[NX v22.7.8 Daemon Server] - 2026-08-20T04:55:31.501Z - Time taken for 'createNodes:merge' 0.41120000000228174ms
[NX v22.7.8 Daemon Server] - 2026-08-20T04:55:31.501Z - Time taken for 'get-all-workspace-files' 0.03999999999359716ms
[1m[33mTime taken for 'build typescript dependencies' 0.102800000000002ms[39m[22m
[isolated-plugin] shutting down worker for "nx/js/dependencies-and-lockfile" after createDependencies
[NX v22.7.8 Daemon Server] - 2026-08-20T04:55:31.507Z - [SYNC]: collect registered sync generators
[NX v22.7.8 Daemon Server] - 2026-08-20T04:55:31.507Z - [SYNC]: project graph hash is the same, not collecting task sync generators
[NX v22.7.8 Daemon Server] - 2026-08-20T04:55:31.507Z - [SYNC]: nx.json hash is the same, not collecting global sync generators
[NX v22.7.8 Daemon Server] - 2026-08-20T04:55:31.508Z - Time taken for 'total execution time for createProjectGraph()' 9.400200000003679ms
[NX v22.7.8 Daemon Server] - 2026-08-20T04:55:31.508Z - Time taken for 'createDependencies' 5.753899999996065ms
[NX v22.7.8 Daemon Server] - 2026-08-20T04:55:31.508Z - Time taken for 'nx/js/dependencies-and-lockfile:createDependencies' 5.636700000002747ms
[NX v22.7.8 Daemon Server] - 2026-08-20T04:55:31.508Z - Time taken for 'createMetadata' 0.013200000001234002ms
[NX v22.7.8 Daemon Server] - 2026-08-20T04:55:31.508Z - Time taken for 'serialize graph' 0.6955999999918276ms
[NX v22.7.8 Daemon Server] - 2026-08-20T04:56:05.924Z - [WATCHER]: apps/portal/src/app/App.tsx was modified
[NX v22.7.8 Daemon Server] - 2026-08-20T04:56:05.924Z - [WATCHER]: File changes detected:
Created:
(none)
Updated:
  - apps/portal/src/app/App.tsx
Deleted:
(none)
[NX v22.7.8 Daemon Server] - 2026-08-20T04:56:05.924Z - [SYNC]: clearing sync generators cache due to file changes
[NX v22.7.8 Daemon Server] - 2026-08-20T04:56:05.924Z - [WATCHER]: Processing file changes in outputs
[NX v22.7.8 Daemon Server] - 2026-08-20T04:56:06.727Z - [REQUEST]: Updated workspace context based on watched changes, recomputing project graph...
[NX v22.7.8 Daemon Server] - 2026-08-20T04:56:06.727Z - [REQUEST]: apps/portal/src/app/App.tsx
[NX v22.7.8 Daemon Server] - 2026-08-20T04:56:06.727Z - [REQUEST]: 
[plugin-client] restarting worker for "nx/js/dependencies-and-lockfile"
[isolated-plugin] spawned worker for "nx/js/dependencies-and-lockfile" (pid: 18668, socket: \\.\pipe\nx\C:\Users\DHRUVM~1\AppData\Local\Temp\plugin5404-24-113549.4402.sock)
[plugin-client] restarting worker for "nx/core/package-json"
[isolated-plugin] spawned worker for "nx/core/package-json" (pid: 9580, socket: \\.\pipe\nx\C:\Users\DHRUVM~1\AppData\Local\Temp\plugin5404-25-113639.9986.sock)
[plugin-client] restarting worker for "nx/core/project-json"
[isolated-plugin] spawned worker for "nx/core/project-json" (pid: 8068, socket: \\.\pipe\nx\C:\Users\DHRUVM~1\AppData\Local\Temp\plugin5404-26-113735.2429.sock)
[NX v22.7.8 Daemon Server] - 2026-08-20T04:56:07.019Z - Time taken for 'hash changed files from watcher' 0.4377999999996973ms
[plugin-worker] "nx/js/dependencies-and-lockfile" (pid: 18668) listening on \\.\pipe\nx\C:\Users\DHRUVM~1\AppData\Local\Temp\plugin5404-24-113549.4402.sock
[isolated-plugin] connected to worker for "nx/js/dependencies-and-lockfile" (pid: 18668)
[1m[33mTime taken for 'plugin worker 18668 code loading' 266.15520000000004ms[39m[22m
[NX v22.7.8 Daemon Server] - 2026-08-20T04:56:07.156Z - Time taken for 'start-plugin-worker:nx/js/dependencies-and-lockfile' 425.92369999999937ms
[plugin-worker] "nx/js/dependencies-and-lockfile" (pid: 18668) connected
[plugin-worker] "nx/core/package-json" (pid: 9580) listening on \\.\pipe\nx\C:\Users\DHRUVM~1\AppData\Local\Temp\plugin5404-25-113639.9986.sock
[1m[33mTime taken for 'plugin worker 9580 code loading' 258.3045ms[39m[22m
[isolated-plugin] connected to worker for "nx/core/package-json" (pid: 9580)
[NX v22.7.8 Daemon Server] - 2026-08-20T04:56:07.272Z - Time taken for 'start-plugin-worker:nx/core/package-json' 451.2066999999952ms
[plugin-worker] "nx/core/package-json" (pid: 9580) connected
[plugin-worker] "nx/js/dependencies-and-lockfile" (pid: 18668) loaded successfully
[1m[33mTime taken for 'nx/js/dependencies-and-lockfile:createNodes' 4.2847999999999615ms[39m[22m
[plugin-worker] "nx/core/project-json" (pid: 8068) listening on \\.\pipe\nx\C:\Users\DHRUVM~1\AppData\Local\Temp\plugin5404-26-113735.2429.sock
[1m[33mTime taken for 'plugin worker 8068 code loading' 243.4882ms[39m[22m
[isolated-plugin] connected to worker for "nx/core/project-json" (pid: 8068)
[NX v22.7.8 Daemon Server] - 2026-08-20T04:56:07.351Z - Time taken for 'start-plugin-worker:nx/core/project-json' 435.03540000000794ms
[plugin-worker] "nx/core/project-json" (pid: 8068) connected
[plugin-worker] "nx/core/package-json" (pid: 9580) loaded successfully
[1m[33mTime taken for 'nx/core/package-json:createNodes' 4.535400000000038ms[39m[22m
[isolated-plugin] shutting down worker for "nx/core/package-json" after createNodes
[plugin-worker] "nx/core/project-json" (pid: 8068) loaded successfully
[1m[33mTime taken for 'nx/core/project-json:createNodes' 0.5631000000000199ms[39m[22m
[isolated-plugin] shutting down worker for "nx/core/project-json" after createNodes
[NX v22.7.8 Daemon Server] - 2026-08-20T04:56:07.463Z - Time taken for 'build-project-configs' 732.1357000000135ms
[NX v22.7.8 Daemon Server] - 2026-08-20T04:56:07.463Z - Time taken for 'createNodes:merge' 0.26810000000114087ms
[NX v22.7.8 Daemon Server] - 2026-08-20T04:56:07.464Z - Time taken for 'get-all-workspace-files' 0.02410000000963919ms
[1m[33mTime taken for 'build typescript dependencies' 0.10119999999994889ms[39m[22m
[isolated-plugin] shutting down worker for "nx/js/dependencies-and-lockfile" after createDependencies
[NX v22.7.8 Daemon Server] - 2026-08-20T04:56:07.470Z - [SYNC]: collect registered sync generators
[NX v22.7.8 Daemon Server] - 2026-08-20T04:56:07.470Z - [SYNC]: project graph hash is the same, not collecting task sync generators
[NX v22.7.8 Daemon Server] - 2026-08-20T04:56:07.470Z - [SYNC]: nx.json hash is the same, not collecting global sync generators
[NX v22.7.8 Daemon Server] - 2026-08-20T04:56:07.470Z - Time taken for 'total execution time for createProjectGraph()' 8.492000000012922ms
[NX v22.7.8 Daemon Server] - 2026-08-20T04:56:07.470Z - Time taken for 'createDependencies' 6.30449999999837ms
[NX v22.7.8 Daemon Server] - 2026-08-20T04:56:07.470Z - Time taken for 'nx/js/dependencies-and-lockfile:createDependencies' 6.241299999994226ms
[NX v22.7.8 Daemon Server] - 2026-08-20T04:56:07.470Z - Time taken for 'createMetadata' 0.006899999993038364ms
[NX v22.7.8 Daemon Server] - 2026-08-20T04:56:07.470Z - Time taken for 'serialize graph' 0.424299999998766ms
[NX v22.7.8 Daemon Server] - 2026-08-20T04:56:07.608Z - [WATCHER]: Processing file changes in outputs
[NX v22.7.8 Daemon Server] - 2026-08-20T04:56:07.608Z - [WATCHER]: apps/portal/src/app/App.tsx was modified
[NX v22.7.8 Daemon Server] - 2026-08-20T04:56:07.608Z - [WATCHER]: File changes detected:
Created:
(none)
Updated:
  - apps/portal/src/app/App.tsx
Deleted:
(none)
[NX v22.7.8 Daemon Server] - 2026-08-20T04:56:07.608Z - [SYNC]: clearing sync generators cache due to file changes
[NX v22.7.8 Daemon Server] - 2026-08-20T04:56:08.155Z - [WATCHER]: apps/portal/src/app/App.tsx was modified
[NX v22.7.8 Daemon Server] - 2026-08-20T04:56:08.156Z - [WATCHER]: File changes detected:
Created:
(none)
Updated:
  - apps/portal/src/app/App.tsx
Deleted:
(none)
[NX v22.7.8 Daemon Server] - 2026-08-20T04:56:08.156Z - [SYNC]: clearing sync generators cache due to file changes
[NX v22.7.8 Daemon Server] - 2026-08-20T04:56:08.156Z - [WATCHER]: Processing file changes in outputs
[NX v22.7.8 Daemon Server] - 2026-08-20T04:56:09.225Z - [REQUEST]: Updated workspace context based on watched changes, recomputing project graph...
[NX v22.7.8 Daemon Server] - 2026-08-20T04:56:09.225Z - [REQUEST]: apps/portal/src/app/App.tsx
[NX v22.7.8 Daemon Server] - 2026-08-20T04:56:09.225Z - [REQUEST]: 
[plugin-client] restarting worker for "nx/js/dependencies-and-lockfile"
[isolated-plugin] spawned worker for "nx/js/dependencies-and-lockfile" (pid: 24420, socket: \\.\pipe\nx\C:\Users\DHRUVM~1\AppData\Local\Temp\plugin5404-27-116046.9479.sock)
[plugin-client] restarting worker for "nx/core/package-json"
[isolated-plugin] spawned worker for "nx/core/package-json" (pid: 12228, socket: \\.\pipe\nx\C:\Users\DHRUVM~1\AppData\Local\Temp\plugin5404-28-116508.4196.sock)
[plugin-client] restarting worker for "nx/core/project-json"
[isolated-plugin] spawned worker for "nx/core/project-json" (pid: 23924, socket: \\.\pipe\nx\C:\Users\DHRUVM~1\AppData\Local\Temp\plugin5404-29-116984.4181.sock)
[plugin-worker] "nx/js/dependencies-and-lockfile" (pid: 24420) listening on \\.\pipe\nx\C:\Users\DHRUVM~1\AppData\Local\Temp\plugin5404-27-116046.9479.sock
[1m[33mTime taken for 'plugin worker 24420 code loading' 241.39100000000002ms[39m[22m
[NX v22.7.8 Daemon Server] - 2026-08-20T04:56:10.294Z - Time taken for 'hash changed files from watcher' 0.5816999999951804ms
[isolated-plugin] connected to worker for "nx/js/dependencies-and-lockfile" (pid: 24420)
[NX v22.7.8 Daemon Server] - 2026-08-20T04:56:10.295Z - Time taken for 'start-plugin-worker:nx/js/dependencies-and-lockfile' 1068.0590999999986ms
[plugin-worker] "nx/js/dependencies-and-lockfile" (pid: 24420) connected
[plugin-worker] "nx/js/dependencies-and-lockfile" (pid: 24420) loaded successfully
[1m[33mTime taken for 'nx/js/dependencies-and-lockfile:createNodes' 4.001300000000015ms[39m[22m
[plugin-worker] "nx/core/package-json" (pid: 12228) listening on \\.\pipe\nx\C:\Users\DHRUVM~1\AppData\Local\Temp\plugin5404-28-116508.4196.sock
[1m[33mTime taken for 'plugin worker 12228 code loading' 255.3073ms[39m[22m
[isolated-plugin] connected to worker for "nx/core/package-json" (pid: 12228)
[NX v22.7.8 Daemon Server] - 2026-08-20T04:56:10.500Z - Time taken for 'start-plugin-worker:nx/core/package-json' 811.6971000000049ms
[plugin-worker] "nx/core/package-json" (pid: 12228) connected
[plugin-worker] "nx/core/package-json" (pid: 12228) loaded successfully
[1m[33mTime taken for 'nx/core/package-json:createNodes' 5.113699999999994ms[39m[22m
[isolated-plugin] shutting down worker for "nx/core/package-json" after createNodes
[plugin-worker] "nx/core/project-json" (pid: 23924) listening on \\.\pipe\nx\C:\Users\DHRUVM~1\AppData\Local\Temp\plugin5404-29-116984.4181.sock
[1m[33mTime taken for 'plugin worker 23924 code loading' 252.1193ms[39m[22m
[isolated-plugin] connected to worker for "nx/core/project-json" (pid: 23924)
[NX v22.7.8 Daemon Server] - 2026-08-20T04:56:10.644Z - Time taken for 'start-plugin-worker:nx/core/project-json' 479.4689000000071ms
[plugin-worker] "nx/core/project-json" (pid: 23924) connected
[plugin-worker] "nx/core/project-json" (pid: 23924) loaded successfully
[1m[33mTime taken for 'nx/core/project-json:createNodes' 1.0450999999999908ms[39m[22m
[isolated-plugin] shutting down worker for "nx/core/project-json" after createNodes
[NX v22.7.8 Daemon Server] - 2026-08-20T04:56:10.792Z - Time taken for 'build-project-configs' 1560.6655000000028ms
[NX v22.7.8 Daemon Server] - 2026-08-20T04:56:10.792Z - Time taken for 'createNodes:merge' 0.43119999999180436ms
[NX v22.7.8 Daemon Server] - 2026-08-20T04:56:10.792Z - Time taken for 'get-all-workspace-files' 0.042499999995925464ms
[isolated-plugin] shutting down worker for "nx/js/dependencies-and-lockfile" after createDependencies
[NX v22.7.8 Daemon Server] - 2026-08-20T04:56:10.802Z - [SYNC]: collect registered sync generators
[NX v22.7.8 Daemon Server] - 2026-08-20T04:56:10.803Z - [SYNC]: project graph hash is the same, not collecting task sync generators
[NX v22.7.8 Daemon Server] - 2026-08-20T04:56:10.803Z - [SYNC]: nx.json hash is the same, not collecting global sync generators
[NX v22.7.8 Daemon Server] - 2026-08-20T04:56:10.803Z - Time taken for 'total execution time for createProjectGraph()' 13.191200000001118ms
[NX v22.7.8 Daemon Server] - 2026-08-20T04:56:10.803Z - Time taken for 'createDependencies' 9.3125ms
[NX v22.7.8 Daemon Server] - 2026-08-20T04:56:10.803Z - Time taken for 'nx/js/dependencies-and-lockfile:createDependencies' 9.175499999997555ms
[NX v22.7.8 Daemon Server] - 2026-08-20T04:56:10.803Z - Time taken for 'createMetadata' 0.022800000006100163ms
[NX v22.7.8 Daemon Server] - 2026-08-20T04:56:10.803Z - Time taken for 'serialize graph' 0.7568000000028405ms
[NX v22.7.8 Daemon Server] - 2026-08-20T04:56:26.692Z - [WATCHER]: apps/portal/src/app/Sidebar.tsx was modified
[NX v22.7.8 Daemon Server] - 2026-08-20T04:56:26.693Z - [WATCHER]: File changes detected:
Created:
(none)
Updated:
  - apps/portal/src/app/Sidebar.tsx
Deleted:
(none)
[NX v22.7.8 Daemon Server] - 2026-08-20T04:56:26.693Z - [SYNC]: clearing sync generators cache due to file changes
[NX v22.7.8 Daemon Server] - 2026-08-20T04:56:26.693Z - [WATCHER]: Processing file changes in outputs
[NX v22.7.8 Daemon Server] - 2026-08-20T04:56:29.903Z - [REQUEST]: Updated workspace context based on watched changes, recomputing project graph...
[NX v22.7.8 Daemon Server] - 2026-08-20T04:56:29.903Z - [REQUEST]: apps/portal/src/app/Sidebar.tsx
[NX v22.7.8 Daemon Server] - 2026-08-20T04:56:29.903Z - [REQUEST]: 
[plugin-client] restarting worker for "nx/js/dependencies-and-lockfile"
[isolated-plugin] spawned worker for "nx/js/dependencies-and-lockfile" (pid: 23696, socket: \\.\pipe\nx\C:\Users\DHRUVM~1\AppData\Local\Temp\plugin5404-30-136723.8654.sock)
[plugin-client] restarting worker for "nx/core/package-json"
[isolated-plugin] spawned worker for "nx/core/package-json" (pid: 24056, socket: \\.\pipe\nx\C:\Users\DHRUVM~1\AppData\Local\Temp\plugin5404-31-136814.9542.sock)
[plugin-client] restarting worker for "nx/core/project-json"
[isolated-plugin] spawned worker for "nx/core/project-json" (pid: 20888, socket: \\.\pipe\nx\C:\Users\DHRUVM~1\AppData\Local\Temp\plugin5404-32-136906.0836.sock)
[NX v22.7.8 Daemon Server] - 2026-08-20T04:56:30.186Z - Time taken for 'hash changed files from watcher' 0.32989999998244457ms
[plugin-worker] "nx/js/dependencies-and-lockfile" (pid: 23696) listening on \\.\pipe\nx\C:\Users\DHRUVM~1\AppData\Local\Temp\plugin5404-30-136723.8654.sock
[isolated-plugin] connected to worker for "nx/js/dependencies-and-lockfile" (pid: 23696)
[NX v22.7.8 Daemon Server] - 2026-08-20T04:56:30.322Z - Time taken for 'start-plugin-worker:nx/js/dependencies-and-lockfile' 417.94659999999567ms
[plugin-worker] "nx/js/dependencies-and-lockfile" (pid: 23696) connected
[1m[33mTime taken for 'plugin worker 23696 code loading' 258.0399ms[39m[22m
[plugin-worker] "nx/core/package-json" (pid: 24056) listening on \\.\pipe\nx\C:\Users\DHRUVM~1\AppData\Local\Temp\plugin5404-31-136814.9542.sock
[1m[33mTime taken for 'plugin worker 24056 code loading' 259.7287ms[39m[22m
[isolated-plugin] connected to worker for "nx/core/package-json" (pid: 24056)
[NX v22.7.8 Daemon Server] - 2026-08-20T04:56:30.441Z - Time taken for 'start-plugin-worker:nx/core/package-json' 445.4511999999813ms
[plugin-worker] "nx/core/package-json" (pid: 24056) connected
[plugin-worker] "nx/js/dependencies-and-lockfile" (pid: 23696) loaded successfully
[1m[33mTime taken for 'nx/js/dependencies-and-lockfile:createNodes' 3.938500000000033ms[39m[22m
[plugin-worker] "nx/core/project-json" (pid: 20888) listening on \\.\pipe\nx\C:\Users\DHRUVM~1\AppData\Local\Temp\plugin5404-32-136906.0836.sock
[1m[33mTime taken for 'plugin worker 20888 code loading' 250.19989999999999ms[39m[22m
[isolated-plugin] connected to worker for "nx/core/project-json" (pid: 20888)
[NX v22.7.8 Daemon Server] - 2026-08-20T04:56:30.523Z - Time taken for 'start-plugin-worker:nx/core/project-json' 436.91909999999916ms
[plugin-worker] "nx/core/project-json" (pid: 20888) connected
[plugin-worker] "nx/core/package-json" (pid: 24056) loaded successfully
[1m[33mTime taken for 'nx/core/package-json:createNodes' 4.481200000000001ms[39m[22m
[isolated-plugin] shutting down worker for "nx/core/package-json" after createNodes
[plugin-worker] "nx/core/project-json" (pid: 20888) loaded successfully
[1m[33mTime taken for 'nx/core/project-json:createNodes' 1.1631999999999607ms[39m[22m
[isolated-plugin] shutting down worker for "nx/core/project-json" after createNodes
[NX v22.7.8 Daemon Server] - 2026-08-20T04:56:30.644Z - Time taken for 'build-project-configs' 737.4150000000081ms
[NX v22.7.8 Daemon Server] - 2026-08-20T04:56:30.644Z - Time taken for 'createNodes:merge' 0.24510000000009313ms
[NX v22.7.8 Daemon Server] - 2026-08-20T04:56:30.644Z - Time taken for 'get-all-workspace-files' 0.021500000002561137ms
[1m[33mTime taken for 'build typescript dependencies' 1.1309999999999718ms[39m[22m
[isolated-plugin] shutting down worker for "nx/js/dependencies-and-lockfile" after createDependencies
[NX v22.7.8 Daemon Server] - 2026-08-20T04:56:30.651Z - [SYNC]: collect registered sync generators
[NX v22.7.8 Daemon Server] - 2026-08-20T04:56:30.651Z - [SYNC]: project graph hash is the same, not collecting task sync generators
[NX v22.7.8 Daemon Server] - 2026-08-20T04:56:30.651Z - [SYNC]: nx.json hash is the same, not collecting global sync generators
[NX v22.7.8 Daemon Server] - 2026-08-20T04:56:30.652Z - Time taken for 'total execution time for createProjectGraph()' 9.256300000008196ms
[NX v22.7.8 Daemon Server] - 2026-08-20T04:56:30.652Z - Time taken for 'createDependencies' 7.232700000022305ms
[NX v22.7.8 Daemon Server] - 2026-08-20T04:56:30.652Z - Time taken for 'nx/js/dependencies-and-lockfile:createDependencies' 7.180000000022119ms
[NX v22.7.8 Daemon Server] - 2026-08-20T04:56:30.652Z - Time taken for 'createMetadata' 0.004799999995157123ms
[NX v22.7.8 Daemon Server] - 2026-08-20T04:56:30.652Z - Time taken for 'serialize graph' 0.42770000000018626ms
[NX v22.7.8 Daemon Server] - 2026-08-20T04:57:14.958Z - [WATCHER]: apps/portal/src/app/AppShell.tsx was modified
[NX v22.7.8 Daemon Server] - 2026-08-20T04:57:14.958Z - [WATCHER]: File changes detected:
Created:
(none)
Updated:
  - apps/portal/src/app/AppShell.tsx
Deleted:
(none)
[NX v22.7.8 Daemon Server] - 2026-08-20T04:57:14.958Z - [SYNC]: clearing sync generators cache due to file changes
[NX v22.7.8 Daemon Server] - 2026-08-20T04:57:14.958Z - [WATCHER]: Processing file changes in outputs
[NX v22.7.8 Daemon Server] - 2026-08-20T04:57:16.521Z - [WATCHER]: apps/portal/src/app/AppShell.tsx was modified
[NX v22.7.8 Daemon Server] - 2026-08-20T04:57:16.521Z - [WATCHER]: File changes detected:
Created:
(none)
Updated:
  - apps/portal/src/app/AppShell.tsx
Deleted:
(none)
[NX v22.7.8 Daemon Server] - 2026-08-20T04:57:16.521Z - [SYNC]: clearing sync generators cache due to file changes
[NX v22.7.8 Daemon Server] - 2026-08-20T04:57:16.521Z - [WATCHER]: Processing file changes in outputs
[NX v22.7.8 Daemon Server] - 2026-08-20T04:57:19.089Z - [WATCHER]: apps/portal/src/app/AppShell.tsx was modified
[NX v22.7.8 Daemon Server] - 2026-08-20T04:57:19.089Z - [WATCHER]: File changes detected:
Created:
(none)
Updated:
  - apps/portal/src/app/AppShell.tsx
Deleted:
(none)
[NX v22.7.8 Daemon Server] - 2026-08-20T04:57:19.089Z - [SYNC]: clearing sync generators cache due to file changes
[NX v22.7.8 Daemon Server] - 2026-08-20T04:57:19.089Z - [WATCHER]: Processing file changes in outputs
[NX v22.7.8 Daemon Server] - 2026-08-20T04:57:21.376Z - [REQUEST]: Updated workspace context based on watched changes, recomputing project graph...
[NX v22.7.8 Daemon Server] - 2026-08-20T04:57:21.376Z - [REQUEST]: apps/portal/src/app/AppShell.tsx
[NX v22.7.8 Daemon Server] - 2026-08-20T04:57:21.376Z - [REQUEST]: 
[plugin-client] restarting worker for "nx/js/dependencies-and-lockfile"
[isolated-plugin] spawned worker for "nx/js/dependencies-and-lockfile" (pid: 4964, socket: \\.\pipe\nx\C:\Users\DHRUVM~1\AppData\Local\Temp\plugin5404-33-188197.34.sock)
[plugin-client] restarting worker for "nx/core/package-json"
[isolated-plugin] spawned worker for "nx/core/package-json" (pid: 3796, socket: \\.\pipe\nx\C:\Users\DHRUVM~1\AppData\Local\Temp\plugin5404-34-188286.596.sock)
[plugin-client] restarting worker for "nx/core/project-json"
[isolated-plugin] spawned worker for "nx/core/project-json" (pid: 21236, socket: \\.\pipe\nx\C:\Users\DHRUVM~1\AppData\Local\Temp\plugin5404-35-188376.9794.sock)
[NX v22.7.8 Daemon Server] - 2026-08-20T04:57:21.659Z - Time taken for 'hash changed files from watcher' 0.2731999999959953ms
[plugin-worker] "nx/js/dependencies-and-lockfile" (pid: 4964) listening on \\.\pipe\nx\C:\Users\DHRUVM~1\AppData\Local\Temp\plugin5404-33-188197.34.sock
[isolated-plugin] connected to worker for "nx/js/dependencies-and-lockfile" (pid: 4964)
[1m[33mTime taken for 'plugin worker 4964 code loading' 275.193ms[39m[22m
[NX v22.7.8 Daemon Server] - 2026-08-20T04:57:21.820Z - Time taken for 'start-plugin-worker:nx/js/dependencies-and-lockfile' 441.62470000001485ms
[plugin-worker] "nx/js/dependencies-and-lockfile" (pid: 4964) connected
[plugin-worker] "nx/core/package-json" (pid: 3796) listening on \\.\pipe\nx\C:\Users\DHRUVM~1\AppData\Local\Temp\plugin5404-34-188286.596.sock
[isolated-plugin] connected to worker for "nx/core/package-json" (pid: 3796)
[1m[33mTime taken for 'plugin worker 3796 code loading' 264.1942ms[39m[22m
[NX v22.7.8 Daemon Server] - 2026-08-20T04:57:21.909Z - Time taken for 'start-plugin-worker:nx/core/package-json' 441.3603000000003ms
[plugin-worker] "nx/core/package-json" (pid: 3796) connected
[plugin-worker] "nx/js/dependencies-and-lockfile" (pid: 4964) loaded successfully
[1m[33mTime taken for 'nx/js/dependencies-and-lockfile:createNodes' 4.068299999999965ms[39m[22m
[plugin-worker] "nx/core/project-json" (pid: 21236) listening on \\.\pipe\nx\C:\Users\DHRUVM~1\AppData\Local\Temp\plugin5404-35-188376.9794.sock
[1m[33mTime taken for 'plugin worker 21236 code loading' 253.5069ms[39m[22m
[isolated-plugin] connected to worker for "nx/core/project-json" (pid: 21236)
[NX v22.7.8 Daemon Server] - 2026-08-20T04:57:22.007Z - Time taken for 'start-plugin-worker:nx/core/project-json' 449.89590000000317ms
[plugin-worker] "nx/core/project-json" (pid: 21236) connected
[plugin-worker] "nx/core/package-json" (pid: 3796) loaded successfully
[1m[33mTime taken for 'nx/core/package-json:createNodes' 4.787199999999984ms[39m[22m
[isolated-plugin] shutting down worker for "nx/core/package-json" after createNodes
[plugin-worker] "nx/core/project-json" (pid: 21236) loaded successfully
[1m[33mTime taken for 'nx/core/project-json:createNodes' 0.5405000000000086ms[39m[22m
[isolated-plugin] shutting down worker for "nx/core/project-json" after createNodes
[NX v22.7.8 Daemon Server] - 2026-08-20T04:57:22.125Z - Time taken for 'build-project-configs' 745.3090000000084ms
[NX v22.7.8 Daemon Server] - 2026-08-20T04:57:22.125Z - Time taken for 'createNodes:merge' 0.24890000000596046ms
[NX v22.7.8 Daemon Server] - 2026-08-20T04:57:22.125Z - Time taken for 'get-all-workspace-files' 0.021399999997811392ms
[1m[33mTime taken for 'build typescript dependencies' 1.147199999999998ms[39m[22m
[isolated-plugin] shutting down worker for "nx/js/dependencies-and-lockfile" after createDependencies
[NX v22.7.8 Daemon Server] - 2026-08-20T04:57:22.132Z - [SYNC]: collect registered sync generators
[NX v22.7.8 Daemon Server] - 2026-08-20T04:57:22.132Z - [SYNC]: project graph hash is the same, not collecting task sync generators
[NX v22.7.8 Daemon Server] - 2026-08-20T04:57:22.132Z - [SYNC]: nx.json hash is the same, not collecting global sync generators
[NX v22.7.8 Daemon Server] - 2026-08-20T04:57:22.133Z - Time taken for 'total execution time for createProjectGraph()' 8.714099999982864ms
[NX v22.7.8 Daemon Server] - 2026-08-20T04:57:22.133Z - Time taken for 'createDependencies' 6.616700000013225ms
[NX v22.7.8 Daemon Server] - 2026-08-20T04:57:22.133Z - Time taken for 'nx/js/dependencies-and-lockfile:createDependencies' 6.557399999990594ms
[NX v22.7.8 Daemon Server] - 2026-08-20T04:57:22.133Z - Time taken for 'createMetadata' 0.005600000004051253ms
[NX v22.7.8 Daemon Server] - 2026-08-20T04:57:22.133Z - Time taken for 'serialize graph' 0.40840000001480803ms
[NX v22.7.8 Daemon Server] - 2026-08-20T04:57:22.691Z - [WATCHER]: apps/portal/src/app/AppShell.tsx was modified
[NX v22.7.8 Daemon Server] - 2026-08-20T04:57:22.691Z - [WATCHER]: File changes detected:
Created:
(none)
Updated:
  - apps/portal/src/app/AppShell.tsx
Deleted:
(none)
[NX v22.7.8 Daemon Server] - 2026-08-20T04:57:22.691Z - [SYNC]: clearing sync generators cache due to file changes
[NX v22.7.8 Daemon Server] - 2026-08-20T04:57:22.691Z - [WATCHER]: Processing file changes in outputs
[NX v22.7.8 Daemon Server] - 2026-08-20T04:57:28.922Z - [WATCHER]: apps/portal/src/app/AppShell.tsx was modified
[NX v22.7.8 Daemon Server] - 2026-08-20T04:57:28.922Z - [WATCHER]: File changes detected:
Created:
(none)
Updated:
  - apps/portal/src/app/AppShell.tsx
Deleted:
(none)
[NX v22.7.8 Daemon Server] - 2026-08-20T04:57:28.922Z - [SYNC]: clearing sync generators cache due to file changes
[NX v22.7.8 Daemon Server] - 2026-08-20T04:57:28.922Z - [WATCHER]: Processing file changes in outputs
[NX v22.7.8 Daemon Server] - 2026-08-20T04:57:29.108Z - [REQUEST]: Updated workspace context based on watched changes, recomputing project graph...
[NX v22.7.8 Daemon Server] - 2026-08-20T04:57:29.108Z - [REQUEST]: apps/portal/src/app/AppShell.tsx
[NX v22.7.8 Daemon Server] - 2026-08-20T04:57:29.108Z - [REQUEST]: 
[plugin-client] restarting worker for "nx/js/dependencies-and-lockfile"
[isolated-plugin] spawned worker for "nx/js/dependencies-and-lockfile" (pid: 9732, socket: \\.\pipe\nx\C:\Users\DHRUVM~1\AppData\Local\Temp\plugin5404-36-195930.4595.sock)
[plugin-client] restarting worker for "nx/core/package-json"
[isolated-plugin] spawned worker for "nx/core/package-json" (pid: 3872, socket: \\.\pipe\nx\C:\Users\DHRUVM~1\AppData\Local\Temp\plugin5404-37-196023.0135.sock)
[plugin-client] restarting worker for "nx/core/project-json"
[isolated-plugin] spawned worker for "nx/core/project-json" (pid: 22432, socket: \\.\pipe\nx\C:\Users\DHRUVM~1\AppData\Local\Temp\plugin5404-38-196119.9639.sock)
[NX v22.7.8 Daemon Server] - 2026-08-20T04:57:29.405Z - Time taken for 'hash changed files from watcher' 1.1040999999968335ms
[plugin-worker] "nx/js/dependencies-and-lockfile" (pid: 9732) listening on \\.\pipe\nx\C:\Users\DHRUVM~1\AppData\Local\Temp\plugin5404-36-195930.4595.sock
[1m[33mTime taken for 'plugin worker 9732 code loading' 265.7448ms[39m[22m
[isolated-plugin] connected to worker for "nx/js/dependencies-and-lockfile" (pid: 9732)
[NX v22.7.8 Daemon Server] - 2026-08-20T04:57:29.557Z - Time taken for 'start-plugin-worker:nx/js/dependencies-and-lockfile' 445.8752000000095ms
[plugin-worker] "nx/js/dependencies-and-lockfile" (pid: 9732) connected
[plugin-worker] "nx/core/package-json" (pid: 3872) listening on \\.\pipe\nx\C:\Users\DHRUVM~1\AppData\Local\Temp\plugin5404-37-196023.0135.sock
[isolated-plugin] connected to worker for "nx/core/package-json" (pid: 3872)
[NX v22.7.8 Daemon Server] - 2026-08-20T04:57:29.639Z - Time taken for 'start-plugin-worker:nx/core/package-json' 436.0585999999894ms
[plugin-worker] "nx/core/package-json" (pid: 3872) connected
[1m[33mTime taken for 'plugin worker 3872 code loading' 257.6263ms[39m[22m
[plugin-worker] "nx/js/dependencies-and-lockfile" (pid: 9732) loaded successfully
[1m[33mTime taken for 'nx/js/dependencies-and-lockfile:createNodes' 5.5394000000000005ms[39m[22m
[plugin-worker] "nx/core/project-json" (pid: 22432) listening on \\.\pipe\nx\C:\Users\DHRUVM~1\AppData\Local\Temp\plugin5404-38-196119.9639.sock
[isolated-plugin] connected to worker for "nx/core/project-json" (pid: 22432)
[1m[33mTime taken for 'plugin worker 22432 code loading' 255.9907ms[39m[22m
[NX v22.7.8 Daemon Server] - 2026-08-20T04:57:29.740Z - Time taken for 'start-plugin-worker:nx/core/project-json' 439.7098999999871ms
[plugin-worker] "nx/core/project-json" (pid: 22432) connected
[plugin-worker] "nx/core/package-json" (pid: 3872) loaded successfully
[1m[33mTime taken for 'nx/core/package-json:createNodes' 4.568899999999985ms[39m[22m
[isolated-plugin] shutting down worker for "nx/core/package-json" after createNodes
[plugin-worker] "nx/core/project-json" (pid: 22432) loaded successfully
[1m[33mTime taken for 'nx/core/project-json:createNodes' 0.5774000000000115ms[39m[22m
[isolated-plugin] shutting down worker for "nx/core/project-json" after createNodes
[NX v22.7.8 Daemon Server] - 2026-08-20T04:57:29.874Z - Time taken for 'build-project-configs' 760.3879000000015ms
[NX v22.7.8 Daemon Server] - 2026-08-20T04:57:29.874Z - Time taken for 'createNodes:merge' 0.23440000001573935ms
[NX v22.7.8 Daemon Server] - 2026-08-20T04:57:29.874Z - Time taken for 'get-all-workspace-files' 0.04989999998360872ms
[1m[33mTime taken for 'build typescript dependencies' 1.1337000000000899ms[39m[22m
[isolated-plugin] shutting down worker for "nx/js/dependencies-and-lockfile" after createDependencies
[NX v22.7.8 Daemon Server] - 2026-08-20T04:57:29.882Z - [SYNC]: collect registered sync generators
[NX v22.7.8 Daemon Server] - 2026-08-20T04:57:29.882Z - [SYNC]: project graph hash is the same, not collecting task sync generators
[NX v22.7.8 Daemon Server] - 2026-08-20T04:57:29.882Z - [SYNC]: nx.json hash is the same, not collecting global sync generators
[NX v22.7.8 Daemon Server] - 2026-08-20T04:57:29.882Z - Time taken for 'total execution time for createProjectGraph()' 10.421999999991385ms
[NX v22.7.8 Daemon Server] - 2026-08-20T04:57:29.882Z - Time taken for 'createDependencies' 7.885999999998603ms
[NX v22.7.8 Daemon Server] - 2026-08-20T04:57:29.882Z - Time taken for 'nx/js/dependencies-and-lockfile:createDependencies' 7.817799999989802ms
[NX v22.7.8 Daemon Server] - 2026-08-20T04:57:29.883Z - Time taken for 'createMetadata' 0.005600000004051253ms
[NX v22.7.8 Daemon Server] - 2026-08-20T04:57:29.883Z - Time taken for 'serialize graph' 0.5112000000081025ms
[NX v22.7.8 Daemon Server] - 2026-08-20T04:57:32.324Z - [WATCHER]: Processing file changes in outputs
[NX v22.7.8 Daemon Server] - 2026-08-20T04:57:32.324Z - [WATCHER]: apps/portal/src/app/AppShell.tsx was modified
[NX v22.7.8 Daemon Server] - 2026-08-20T04:57:32.324Z - [WATCHER]: File changes detected:
Created:
(none)
Updated:
  - apps/portal/src/app/AppShell.tsx
Deleted:
(none)
[NX v22.7.8 Daemon Server] - 2026-08-20T04:57:32.324Z - [SYNC]: clearing sync generators cache due to file changes
[NX v22.7.8 Daemon Server] - 2026-08-20T04:57:35.059Z - [WATCHER]: Processing file changes in outputs
[NX v22.7.8 Daemon Server] - 2026-08-20T04:57:35.090Z - [WATCHER]: apps/portal/src/app/AppShell.tsx was modified
[NX v22.7.8 Daemon Server] - 2026-08-20T04:57:35.091Z - [WATCHER]: File changes detected:
Created:
(none)
Updated:
  - apps/portal/src/app/AppShell.tsx
Deleted:
(none)
[NX v22.7.8 Daemon Server] - 2026-08-20T04:57:35.091Z - [SYNC]: clearing sync generators cache due to file changes
[NX v22.7.8 Daemon Server] - 2026-08-20T04:57:38.472Z - [WATCHER]: apps/portal/src/app/AppShell.tsx was modified
[NX v22.7.8 Daemon Server] - 2026-08-20T04:57:38.472Z - [WATCHER]: File changes detected:
Created:
(none)
Updated:
  - apps/portal/src/app/AppShell.tsx
Deleted:
(none)
[NX v22.7.8 Daemon Server] - 2026-08-20T04:57:38.472Z - [SYNC]: clearing sync generators cache due to file changes
[NX v22.7.8 Daemon Server] - 2026-08-20T04:57:38.472Z - [WATCHER]: Processing file changes in outputs
[NX v22.7.8 Daemon Server] - 2026-08-20T04:57:38.740Z - [REQUEST]: Updated workspace context based on watched changes, recomputing project graph...
[NX v22.7.8 Daemon Server] - 2026-08-20T04:57:38.740Z - [REQUEST]: apps/portal/src/app/AppShell.tsx
[NX v22.7.8 Daemon Server] - 2026-08-20T04:57:38.740Z - [REQUEST]: 
[plugin-client] restarting worker for "nx/js/dependencies-and-lockfile"
[isolated-plugin] spawned worker for "nx/js/dependencies-and-lockfile" (pid: 19860, socket: \\.\pipe\nx\C:\Users\DHRUVM~1\AppData\Local\Temp\plugin5404-39-205561.1212.sock)
[plugin-client] restarting worker for "nx/core/package-json"
[isolated-plugin] spawned worker for "nx/core/package-json" (pid: 15784, socket: \\.\pipe\nx\C:\Users\DHRUVM~1\AppData\Local\Temp\plugin5404-40-205653.1419.sock)
[plugin-client] restarting worker for "nx/core/project-json"
[isolated-plugin] spawned worker for "nx/core/project-json" (pid: 22516, socket: \\.\pipe\nx\C:\Users\DHRUVM~1\AppData\Local\Temp\plugin5404-41-205744.0445.sock)
[NX v22.7.8 Daemon Server] - 2026-08-20T04:57:39.025Z - Time taken for 'hash changed files from watcher' 0.5302999999839813ms
[plugin-worker] "nx/js/dependencies-and-lockfile" (pid: 19860) listening on \\.\pipe\nx\C:\Users\DHRUVM~1\AppData\Local\Temp\plugin5404-39-205561.1212.sock
[1m[33mTime taken for 'plugin worker 19860 code loading' 255.6571ms[39m[22m
[isolated-plugin] connected to worker for "nx/js/dependencies-and-lockfile" (pid: 19860)
[NX v22.7.8 Daemon Server] - 2026-08-20T04:57:39.172Z - Time taken for 'start-plugin-worker:nx/js/dependencies-and-lockfile' 430.8717999999935ms
[plugin-worker] "nx/js/dependencies-and-lockfile" (pid: 19860) connected
[plugin-worker] "nx/core/package-json" (pid: 15784) listening on \\.\pipe\nx\C:\Users\DHRUVM~1\AppData\Local\Temp\plugin5404-40-205653.1419.sock
[1m[33mTime taken for 'plugin worker 15784 code loading' 261.58000000000004ms[39m[22m
[isolated-plugin] connected to worker for "nx/core/package-json" (pid: 15784)
[NX v22.7.8 Daemon Server] - 2026-08-20T04:57:39.272Z - Time taken for 'start-plugin-worker:nx/core/package-json' 438.11429999998654ms
[plugin-worker] "nx/core/package-json" (pid: 15784) connected
[plugin-worker] "nx/js/dependencies-and-lockfile" (pid: 19860) loaded successfully
[1m[33mTime taken for 'nx/js/dependencies-and-lockfile:createNodes' 3.9195000000000277ms[39m[22m
[plugin-worker] "nx/core/project-json" (pid: 22516) listening on \\.\pipe\nx\C:\Users\DHRUVM~1\AppData\Local\Temp\plugin5404-41-205744.0445.sock
[isolated-plugin] connected to worker for "nx/core/project-json" (pid: 22516)
[1m[33mTime taken for 'plugin worker 22516 code loading' 252.9849ms[39m[22m
[NX v22.7.8 Daemon Server] - 2026-08-20T04:57:39.362Z - Time taken for 'start-plugin-worker:nx/core/project-json' 437.44410000002244ms
[plugin-worker] "nx/core/project-json" (pid: 22516) connected
[plugin-worker] "nx/core/package-json" (pid: 15784) loaded successfully
[1m[33mTime taken for 'nx/core/package-json:createNodes' 4.945699999999988ms[39m[22m
[isolated-plugin] shutting down worker for "nx/core/package-json" after createNodes
[plugin-worker] "nx/core/project-json" (pid: 22516) loaded successfully
[1m[33mTime taken for 'nx/core/project-json:createNodes' 0.587600000000009ms[39m[22m
[isolated-plugin] shutting down worker for "nx/core/project-json" after createNodes
[NX v22.7.8 Daemon Server] - 2026-08-20T04:57:39.484Z - Time taken for 'build-project-configs' 740.7603999999992ms
[NX v22.7.8 Daemon Server] - 2026-08-20T04:57:39.484Z - Time taken for 'createNodes:merge' 0.20509999999194406ms
[NX v22.7.8 Daemon Server] - 2026-08-20T04:57:39.484Z - Time taken for 'get-all-workspace-files' 0.0473000000056345ms
[1m[33mTime taken for 'build typescript dependencies' 1.2454000000000178ms[39m[22m
[isolated-plugin] shutting down worker for "nx/js/dependencies-and-lockfile" after createDependencies
[NX v22.7.8 Daemon Server] - 2026-08-20T04:57:39.492Z - [SYNC]: collect registered sync generators
[NX v22.7.8 Daemon Server] - 2026-08-20T04:57:39.492Z - [SYNC]: project graph hash is the same, not collecting task sync generators
[NX v22.7.8 Daemon Server] - 2026-08-20T04:57:39.492Z - [SYNC]: nx.json hash is the same, not collecting global sync generators
[NX v22.7.8 Daemon Server] - 2026-08-20T04:57:39.492Z - Time taken for 'total execution time for createProjectGraph()' 9.190999999991618ms
[NX v22.7.8 Daemon Server] - 2026-08-20T04:57:39.492Z - Time taken for 'createDependencies' 7.269900000013877ms
[NX v22.7.8 Daemon Server] - 2026-08-20T04:57:39.492Z - Time taken for 'nx/js/dependencies-and-lockfile:createDependencies' 7.223299999983283ms
[NX v22.7.8 Daemon Server] - 2026-08-20T04:57:39.492Z - Time taken for 'createMetadata' 0.0044000000052619725ms
[NX v22.7.8 Daemon Server] - 2026-08-20T04:57:39.492Z - Time taken for 'serialize graph' 0.41120000000228174ms
[NX v22.7.8 Daemon Server] - 2026-08-20T04:57:50.572Z - [WATCHER]: Processing file changes in outputs
[NX v22.7.8 Daemon Server] - 2026-08-20T04:57:50.572Z - [WATCHER]: apps/portal/src/app/AppShell.tsx was modified
[NX v22.7.8 Daemon Server] - 2026-08-20T04:57:50.573Z - [WATCHER]: File changes detected:
Created:
(none)
Updated:
  - apps/portal/src/app/AppShell.tsx
Deleted:
(none)
[NX v22.7.8 Daemon Server] - 2026-08-20T04:57:50.573Z - [SYNC]: clearing sync generators cache due to file changes
[NX v22.7.8 Daemon Server] - 2026-08-20T04:57:54.656Z - [WATCHER]: Processing file changes in outputs
[NX v22.7.8 Daemon Server] - 2026-08-20T04:57:54.656Z - [WATCHER]: apps/portal/src/app/AppShell.tsx was modified
[NX v22.7.8 Daemon Server] - 2026-08-20T04:57:54.656Z - [WATCHER]: File changes detected:
Created:
(none)
Updated:
  - apps/portal/src/app/AppShell.tsx
Deleted:
(none)
[NX v22.7.8 Daemon Server] - 2026-08-20T04:57:54.656Z - [SYNC]: clearing sync generators cache due to file changes
[NX v22.7.8 Daemon Server] - 2026-08-20T04:57:56.974Z - [REQUEST]: Updated workspace context based on watched changes, recomputing project graph...
[NX v22.7.8 Daemon Server] - 2026-08-20T04:57:56.974Z - [REQUEST]: apps/portal/src/app/AppShell.tsx
[NX v22.7.8 Daemon Server] - 2026-08-20T04:57:56.974Z - [REQUEST]: 
[plugin-client] restarting worker for "nx/js/dependencies-and-lockfile"
[isolated-plugin] spawned worker for "nx/js/dependencies-and-lockfile" (pid: 3548, socket: \\.\pipe\nx\C:\Users\DHRUVM~1\AppData\Local\Temp\plugin5404-42-223796.5137.sock)
[plugin-client] restarting worker for "nx/core/package-json"
[isolated-plugin] spawned worker for "nx/core/package-json" (pid: 7656, socket: \\.\pipe\nx\C:\Users\DHRUVM~1\AppData\Local\Temp\plugin5404-43-223892.5097.sock)
[plugin-client] restarting worker for "nx/core/project-json"
[isolated-plugin] spawned worker for "nx/core/project-json" (pid: 9580, socket: \\.\pipe\nx\C:\Users\DHRUVM~1\AppData\Local\Temp\plugin5404-44-223984.4906.sock)
[NX v22.7.8 Daemon Server] - 2026-08-20T04:57:57.264Z - Time taken for 'hash changed files from watcher' 0.3435999999928754ms
[isolated-plugin] connected to worker for "nx/js/dependencies-and-lockfile" (pid: 3548)
[plugin-worker] "nx/js/dependencies-and-lockfile" (pid: 3548) listening on \\.\pipe\nx\C:\Users\DHRUVM~1\AppData\Local\Temp\plugin5404-42-223796.5137.sock
[NX v22.7.8 Daemon Server] - 2026-08-20T04:57:57.407Z - Time taken for 'start-plugin-worker:nx/js/dependencies-and-lockfile' 430.5150999999896ms
[plugin-worker] "nx/js/dependencies-and-lockfile" (pid: 3548) connected
[1m[33mTime taken for 'plugin worker 3548 code loading' 261.31739999999996ms[39m[22m
[plugin-worker] "nx/core/package-json" (pid: 7656) listening on \\.\pipe\nx\C:\Users\DHRUVM~1\AppData\Local\Temp\plugin5404-43-223892.5097.sock
[1m[33mTime taken for 'plugin worker 7656 code loading' 257.8898ms[39m[22m
[isolated-plugin] connected to worker for "nx/core/package-json" (pid: 7656)
[NX v22.7.8 Daemon Server] - 2026-08-20T04:57:57.504Z - Time taken for 'start-plugin-worker:nx/core/package-json' 431.63550000000396ms
[plugin-worker] "nx/core/package-json" (pid: 7656) connected
[plugin-worker] "nx/js/dependencies-and-lockfile" (pid: 3548) loaded successfully
[1m[33mTime taken for 'nx/js/dependencies-and-lockfile:createNodes' 3.9330000000000496ms[39m[22m
[plugin-worker] "nx/core/project-json" (pid: 9580) listening on \\.\pipe\nx\C:\Users\DHRUVM~1\AppData\Local\Temp\plugin5404-44-223984.4906.sock
[isolated-plugin] connected to worker for "nx/core/project-json" (pid: 9580)
[1m[33mTime taken for 'plugin worker 9580 code loading' 254.49210000000002ms[39m[22m
[NX v22.7.8 Daemon Server] - 2026-08-20T04:57:57.599Z - Time taken for 'start-plugin-worker:nx/core/project-json' 434.4765999999945ms
[plugin-worker] "nx/core/project-json" (pid: 9580) connected
[plugin-worker] "nx/core/package-json" (pid: 7656) loaded successfully
[1m[33mTime taken for 'nx/core/package-json:createNodes' 4.545600000000036ms[39m[22m
[isolated-plugin] shutting down worker for "nx/core/package-json" after createNodes
[plugin-worker] "nx/core/project-json" (pid: 9580) loaded successfully
[1m[33mTime taken for 'nx/core/project-json:createNodes' 1.1094999999999686ms[39m[22m
[isolated-plugin] shutting down worker for "nx/core/project-json" after createNodes
[NX v22.7.8 Daemon Server] - 2026-08-20T04:57:57.727Z - Time taken for 'build-project-configs' 747.7399999999907ms
[NX v22.7.8 Daemon Server] - 2026-08-20T04:57:57.727Z - Time taken for 'createNodes:merge' 0.24049999998533167ms
[NX v22.7.8 Daemon Server] - 2026-08-20T04:57:57.727Z - Time taken for 'get-all-workspace-files' 0.020699999993667006ms
[1m[33mTime taken for 'build typescript dependencies' 1.283800000000042ms[39m[22m
[isolated-plugin] shutting down worker for "nx/js/dependencies-and-lockfile" after createDependencies
[NX v22.7.8 Daemon Server] - 2026-08-20T04:57:57.734Z - [SYNC]: collect registered sync generators
[NX v22.7.8 Daemon Server] - 2026-08-20T04:57:57.735Z - [SYNC]: project graph hash is the same, not collecting task sync generators
[NX v22.7.8 Daemon Server] - 2026-08-20T04:57:57.735Z - [SYNC]: nx.json hash is the same, not collecting global sync generators
[NX v22.7.8 Daemon Server] - 2026-08-20T04:57:57.735Z - Time taken for 'total execution time for createProjectGraph()' 9.9146999999939ms
[NX v22.7.8 Daemon Server] - 2026-08-20T04:57:57.735Z - Time taken for 'createDependencies' 7.540500000002794ms
[NX v22.7.8 Daemon Server] - 2026-08-20T04:57:57.735Z - Time taken for 'nx/js/dependencies-and-lockfile:createDependencies' 7.451700000005076ms
[NX v22.7.8 Daemon Server] - 2026-08-20T04:57:57.735Z - Time taken for 'createMetadata' 0.006800000002840534ms
[NX v22.7.8 Daemon Server] - 2026-08-20T04:57:57.735Z - Time taken for 'serialize graph' 0.4474000000045635ms
[NX v22.7.8 Daemon Server] - 2026-08-20T04:57:58.692Z - [WATCHER]: Processing file changes in outputs
[NX v22.7.8 Daemon Server] - 2026-08-20T04:57:58.692Z - [WATCHER]: apps/portal/src/app/AppShell.tsx was modified
[NX v22.7.8 Daemon Server] - 2026-08-20T04:57:58.692Z - [WATCHER]: File changes detected:
Created:
(none)
Updated:
  - apps/portal/src/app/AppShell.tsx
Deleted:
(none)
[NX v22.7.8 Daemon Server] - 2026-08-20T04:57:58.692Z - [SYNC]: clearing sync generators cache due to file changes
[NX v22.7.8 Daemon Server] - 2026-08-20T04:57:59.173Z - [WATCHER]: apps/portal/src/app/AppShell.tsx was modified
[NX v22.7.8 Daemon Server] - 2026-08-20T04:57:59.173Z - [WATCHER]: File changes detected:
Created:
(none)
Updated:
  - apps/portal/src/app/AppShell.tsx
Deleted:
(none)
[NX v22.7.8 Daemon Server] - 2026-08-20T04:57:59.173Z - [SYNC]: clearing sync generators cache due to file changes
[NX v22.7.8 Daemon Server] - 2026-08-20T04:57:59.173Z - [WATCHER]: Processing file changes in outputs
[NX v22.7.8 Daemon Server] - 2026-08-20T04:58:05.104Z - [REQUEST]: Updated workspace context based on watched changes, recomputing project graph...
[NX v22.7.8 Daemon Server] - 2026-08-20T04:58:05.104Z - [REQUEST]: apps/portal/src/app/AppShell.tsx
[NX v22.7.8 Daemon Server] - 2026-08-20T04:58:05.104Z - [REQUEST]: 
[plugin-client] restarting worker for "nx/js/dependencies-and-lockfile"
[isolated-plugin] spawned worker for "nx/js/dependencies-and-lockfile" (pid: 19908, socket: \\.\pipe\nx\C:\Users\DHRUVM~1\AppData\Local\Temp\plugin5404-45-231925.9656.sock)
[plugin-client] restarting worker for "nx/core/package-json"
[isolated-plugin] spawned worker for "nx/core/package-json" (pid: 12140, socket: \\.\pipe\nx\C:\Users\DHRUVM~1\AppData\Local\Temp\plugin5404-46-232030.0664.sock)
[plugin-client] restarting worker for "nx/core/project-json"
[isolated-plugin] spawned worker for "nx/core/project-json" (pid: 3084, socket: \\.\pipe\nx\C:\Users\DHRUVM~1\AppData\Local\Temp\plugin5404-47-232134.0338.sock)
[NX v22.7.8 Daemon Server] - 2026-08-20T04:58:05.418Z - Time taken for 'hash changed files from watcher' 0.5489999999990687ms
[plugin-worker] "nx/js/dependencies-and-lockfile" (pid: 19908) listening on \\.\pipe\nx\C:\Users\DHRUVM~1\AppData\Local\Temp\plugin5404-45-231925.9656.sock
[1m[33mTime taken for 'plugin worker 19908 code loading' 260.2663ms[39m[22m
[isolated-plugin] connected to worker for "nx/js/dependencies-and-lockfile" (pid: 19908)
[plugin-worker] "nx/js/dependencies-and-lockfile" (pid: 19908) connected
[NX v22.7.8 Daemon Server] - 2026-08-20T04:58:05.545Z - Time taken for 'start-plugin-worker:nx/js/dependencies-and-lockfile' 438.960699999996ms
[isolated-plugin] connected to worker for "nx/core/package-json" (pid: 12140)
[plugin-worker] "nx/core/package-json" (pid: 12140) listening on \\.\pipe\nx\C:\Users\DHRUVM~1\AppData\Local\Temp\plugin5404-46-232030.0664.sock
[NX v22.7.8 Daemon Server] - 2026-08-20T04:58:05.656Z - Time taken for 'start-plugin-worker:nx/core/package-json' 445.5175000000163ms
[plugin-worker] "nx/core/package-json" (pid: 12140) connected
[1m[33mTime taken for 'plugin worker 12140 code loading' 268.0394ms[39m[22m
[plugin-worker] "nx/js/dependencies-and-lockfile" (pid: 19908) loaded successfully
[1m[33mTime taken for 'nx/js/dependencies-and-lockfile:createNodes' 3.8887000000000285ms[39m[22m
[plugin-worker] "nx/core/project-json" (pid: 3084) listening on \\.\pipe\nx\C:\Users\DHRUVM~1\AppData\Local\Temp\plugin5404-47-232134.0338.sock
[1m[33mTime taken for 'plugin worker 3084 code loading' 254.85649999999998ms[39m[22m
[isolated-plugin] connected to worker for "nx/core/project-json" (pid: 3084)
[NX v22.7.8 Daemon Server] - 2026-08-20T04:58:05.772Z - Time taken for 'start-plugin-worker:nx/core/project-json' 458.11270000002696ms
[plugin-worker] "nx/core/project-json" (pid: 3084) connected
[plugin-worker] "nx/core/package-json" (pid: 12140) loaded successfully
[1m[33mTime taken for 'nx/core/package-json:createNodes' 4.558299999999974ms[39m[22m
[isolated-plugin] shutting down worker for "nx/core/package-json" after createNodes
[plugin-worker] "nx/core/project-json" (pid: 3084) loaded successfully
[1m[33mTime taken for 'nx/core/project-json:createNodes' 0.5412999999999784ms[39m[22m
[isolated-plugin] shutting down worker for "nx/core/project-json" after createNodes
[NX v22.7.8 Daemon Server] - 2026-08-20T04:58:05.888Z - Time taken for 'build-project-configs' 780.243599999987ms
[NX v22.7.8 Daemon Server] - 2026-08-20T04:58:05.888Z - Time taken for 'createNodes:merge' 0.2203000000154134ms
[NX v22.7.8 Daemon Server] - 2026-08-20T04:58:05.888Z - Time taken for 'get-all-workspace-files' 0.023399999976390973ms
[1m[33mTime taken for 'build typescript dependencies' 1.1936000000000604ms[39m[22m
[isolated-plugin] shutting down worker for "nx/js/dependencies-and-lockfile" after createDependencies
[NX v22.7.8 Daemon Server] - 2026-08-20T04:58:05.895Z - [SYNC]: collect registered sync generators
[NX v22.7.8 Daemon Server] - 2026-08-20T04:58:05.896Z - [SYNC]: project graph hash is the same, not collecting task sync generators
[NX v22.7.8 Daemon Server] - 2026-08-20T04:58:05.896Z - [SYNC]: nx.json hash is the same, not collecting global sync generators
[NX v22.7.8 Daemon Server] - 2026-08-20T04:58:05.896Z - Time taken for 'total execution time for createProjectGraph()' 9.036900000006426ms
[NX v22.7.8 Daemon Server] - 2026-08-20T04:58:05.896Z - Time taken for 'createDependencies' 7.035300000017742ms
[NX v22.7.8 Daemon Server] - 2026-08-20T04:58:05.896Z - Time taken for 'nx/js/dependencies-and-lockfile:createDependencies' 6.978700000006938ms
[NX v22.7.8 Daemon Server] - 2026-08-20T04:58:05.896Z - Time taken for 'createMetadata' 0.004700000019511208ms
[NX v22.7.8 Daemon Server] - 2026-08-20T04:58:05.896Z - Time taken for 'serialize graph' 0.40770000001066364ms
[NX v22.7.8 Daemon Server] - 2026-08-20T04:58:10.641Z - [WATCHER]: apps/portal/src/app/AppShell.tsx was modified
[NX v22.7.8 Daemon Server] - 2026-08-20T04:58:10.642Z - [WATCHER]: File changes detected:
Created:
(none)
Updated:
  - apps/portal/src/app/AppShell.tsx
Deleted:
(none)
[NX v22.7.8 Daemon Server] - 2026-08-20T04:58:10.642Z - [SYNC]: clearing sync generators cache due to file changes
[NX v22.7.8 Daemon Server] - 2026-08-20T04:58:10.642Z - [WATCHER]: Processing file changes in outputs
[NX v22.7.8 Daemon Server] - 2026-08-20T04:58:14.842Z - [WATCHER]: Processing file changes in outputs
[NX v22.7.8 Daemon Server] - 2026-08-20T04:58:14.842Z - [WATCHER]: apps/portal/src/app/AppShell.tsx was modified
[NX v22.7.8 Daemon Server] - 2026-08-20T04:58:14.842Z - [WATCHER]: File changes detected:
Created:
(none)
Updated:
  - apps/portal/src/app/AppShell.tsx
Deleted:
(none)
[NX v22.7.8 Daemon Server] - 2026-08-20T04:58:14.842Z - [SYNC]: clearing sync generators cache due to file changes
[NX v22.7.8 Daemon Server] - 2026-08-20T04:58:15.874Z - [WATCHER]: apps/portal/src/app/AppShell.tsx was modified
[NX v22.7.8 Daemon Server] - 2026-08-20T04:58:15.874Z - [WATCHER]: File changes detected:
Created:
(none)
Updated:
  - apps/portal/src/app/AppShell.tsx
Deleted:
(none)
[NX v22.7.8 Daemon Server] - 2026-08-20T04:58:15.874Z - [SYNC]: clearing sync generators cache due to file changes
[NX v22.7.8 Daemon Server] - 2026-08-20T04:58:15.874Z - [WATCHER]: Processing file changes in outputs
[NX v22.7.8 Daemon Server] - 2026-08-20T04:58:17.056Z - [REQUEST]: Updated workspace context based on watched changes, recomputing project graph...
[NX v22.7.8 Daemon Server] - 2026-08-20T04:58:17.056Z - [REQUEST]: apps/portal/src/app/AppShell.tsx
[NX v22.7.8 Daemon Server] - 2026-08-20T04:58:17.056Z - [REQUEST]: 
[plugin-client] restarting worker for "nx/js/dependencies-and-lockfile"
[isolated-plugin] spawned worker for "nx/js/dependencies-and-lockfile" (pid: 3748, socket: \\.\pipe\nx\C:\Users\DHRUVM~1\AppData\Local\Temp\plugin5404-48-243878.1464.sock)
[plugin-client] restarting worker for "nx/core/package-json"
[isolated-plugin] spawned worker for "nx/core/package-json" (pid: 5504, socket: \\.\pipe\nx\C:\Users\DHRUVM~1\AppData\Local\Temp\plugin5404-49-243969.2583.sock)
[plugin-client] restarting worker for "nx/core/project-json"
[isolated-plugin] spawned worker for "nx/core/project-json" (pid: 18408, socket: \\.\pipe\nx\C:\Users\DHRUVM~1\AppData\Local\Temp\plugin5404-50-244061.0255.sock)
[NX v22.7.8 Daemon Server] - 2026-08-20T04:58:17.342Z - Time taken for 'hash changed files from watcher' 0.5488999999943189ms
[plugin-worker] "nx/js/dependencies-and-lockfile" (pid: 3748) listening on \\.\pipe\nx\C:\Users\DHRUVM~1\AppData\Local\Temp\plugin5404-48-243878.1464.sock
[isolated-plugin] connected to worker for "nx/js/dependencies-and-lockfile" (pid: 3748)
[1m[33mTime taken for 'plugin worker 3748 code loading' 276.5632ms[39m[22m
[NX v22.7.8 Daemon Server] - 2026-08-20T04:58:17.504Z - Time taken for 'start-plugin-worker:nx/js/dependencies-and-lockfile' 445.7131999999983ms
[plugin-worker] "nx/js/dependencies-and-lockfile" (pid: 3748) connected
[plugin-worker] "nx/core/package-json" (pid: 5504) listening on \\.\pipe\nx\C:\Users\DHRUVM~1\AppData\Local\Temp\plugin5404-49-243969.2583.sock
[1m[33mTime taken for 'plugin worker 5504 code loading' 264.6145ms[39m[22m
[isolated-plugin] connected to worker for "nx/core/package-json" (pid: 5504)
[NX v22.7.8 Daemon Server] - 2026-08-20T04:58:17.599Z - Time taken for 'start-plugin-worker:nx/core/package-json' 449.8277999999991ms
[plugin-worker] "nx/core/package-json" (pid: 5504) connected
[plugin-worker] "nx/js/dependencies-and-lockfile" (pid: 3748) loaded successfully
[1m[33mTime taken for 'nx/js/dependencies-and-lockfile:createNodes' 4.1913000000000125ms[39m[22m
[plugin-worker] "nx/core/project-json" (pid: 18408) listening on \\.\pipe\nx\C:\Users\DHRUVM~1\AppData\Local\Temp\plugin5404-50-244061.0255.sock
[1m[33mTime taken for 'plugin worker 18408 code loading' 251.25820000000002ms[39m[22m
[isolated-plugin] connected to worker for "nx/core/project-json" (pid: 18408)
[NX v22.7.8 Daemon Server] - 2026-08-20T04:58:17.679Z - Time taken for 'start-plugin-worker:nx/core/project-json' 437.1796000000031ms
[plugin-worker] "nx/core/project-json" (pid: 18408) connected
[plugin-worker] "nx/core/package-json" (pid: 5504) loaded successfully
[isolated-plugin] shutting down worker for "nx/core/package-json" after createNodes
[plugin-worker] "nx/core/project-json" (pid: 18408) loaded successfully
[1m[33mTime taken for 'nx/core/project-json:createNodes' 0.921799999999962ms[39m[22m
[isolated-plugin] shutting down worker for "nx/core/project-json" after createNodes
[NX v22.7.8 Daemon Server] - 2026-08-20T04:58:17.799Z - Time taken for 'build-project-configs' 738.763100000011ms
[NX v22.7.8 Daemon Server] - 2026-08-20T04:58:17.799Z - Time taken for 'createNodes:merge' 0.21520000000600703ms
[NX v22.7.8 Daemon Server] - 2026-08-20T04:58:17.799Z - Time taken for 'get-all-workspace-files' 0.023199999995995313ms
[1m[33mTime taken for 'build typescript dependencies' 1.199799999999982ms[39m[22m
[isolated-plugin] shutting down worker for "nx/js/dependencies-and-lockfile" after createDependencies
[NX v22.7.8 Daemon Server] - 2026-08-20T04:58:17.806Z - [SYNC]: collect registered sync generators
[NX v22.7.8 Daemon Server] - 2026-08-20T04:58:17.806Z - [SYNC]: project graph hash is the same, not collecting task sync generators
[NX v22.7.8 Daemon Server] - 2026-08-20T04:58:17.806Z - [SYNC]: nx.json hash is the same, not collecting global sync generators
[NX v22.7.8 Daemon Server] - 2026-08-20T04:58:17.806Z - Time taken for 'total execution time for createProjectGraph()' 8.402700000006007ms
[NX v22.7.8 Daemon Server] - 2026-08-20T04:58:17.806Z - Time taken for 'createDependencies' 6.461500000004889ms
[NX v22.7.8 Daemon Server] - 2026-08-20T04:58:17.806Z - Time taken for 'nx/js/dependencies-and-lockfile:createDependencies' 6.38369999997667ms
[NX v22.7.8 Daemon Server] - 2026-08-20T04:58:17.806Z - Time taken for 'createMetadata' 0.004500000010011718ms
[NX v22.7.8 Daemon Server] - 2026-08-20T04:58:17.806Z - Time taken for 'serialize graph' 0.3548999999766238ms
[NX v22.7.8 Daemon Server] - 2026-08-20T04:58:17.971Z - [WATCHER]: Processing file changes in outputs
[NX v22.7.8 Daemon Server] - 2026-08-20T04:58:17.971Z - [WATCHER]: apps/portal/src/app/AppShell.tsx was modified
[NX v22.7.8 Daemon Server] - 2026-08-20T04:58:17.972Z - [WATCHER]: File changes detected:
Created:
(none)
Updated:
  - apps/portal/src/app/AppShell.tsx
Deleted:
(none)
[NX v22.7.8 Daemon Server] - 2026-08-20T04:58:17.972Z - [SYNC]: clearing sync generators cache due to file changes
[NX v22.7.8 Daemon Server] - 2026-08-20T04:58:19.688Z - [WATCHER]: apps/portal/src/app/AppShell.tsx was modified
[NX v22.7.8 Daemon Server] - 2026-08-20T04:58:19.688Z - [WATCHER]: File changes detected:
Created:
(none)
Updated:
  - apps/portal/src/app/AppShell.tsx
Deleted:
(none)
[NX v22.7.8 Daemon Server] - 2026-08-20T04:58:19.688Z - [SYNC]: clearing sync generators cache due to file changes
[NX v22.7.8 Daemon Server] - 2026-08-20T04:58:19.688Z - [WATCHER]: Processing file changes in outputs
[NX v22.7.8 Daemon Server] - 2026-08-20T04:58:20.271Z - [WATCHER]: apps/portal/src/app/AppShell.tsx was modified
[NX v22.7.8 Daemon Server] - 2026-08-20T04:58:20.272Z - [WATCHER]: File changes detected:
Created:
(none)
Updated:
  - apps/portal/src/app/AppShell.tsx
Deleted:
(none)
[NX v22.7.8 Daemon Server] - 2026-08-20T04:58:20.272Z - [SYNC]: clearing sync generators cache due to file changes
[NX v22.7.8 Daemon Server] - 2026-08-20T04:58:20.272Z - [WATCHER]: Processing file changes in outputs
[NX v22.7.8 Daemon Server] - 2026-08-20T04:58:24.374Z - [REQUEST]: Updated workspace context based on watched changes, recomputing project graph...
[NX v22.7.8 Daemon Server] - 2026-08-20T04:58:24.374Z - [REQUEST]: apps/portal/src/app/AppShell.tsx
[NX v22.7.8 Daemon Server] - 2026-08-20T04:58:24.374Z - [REQUEST]: 
[plugin-client] restarting worker for "nx/js/dependencies-and-lockfile"
[isolated-plugin] spawned worker for "nx/js/dependencies-and-lockfile" (pid: 21888, socket: \\.\pipe\nx\C:\Users\DHRUVM~1\AppData\Local\Temp\plugin5404-51-251196.206.sock)
[plugin-client] restarting worker for "nx/core/package-json"
[isolated-plugin] spawned worker for "nx/core/package-json" (pid: 22988, socket: \\.\pipe\nx\C:\Users\DHRUVM~1\AppData\Local\Temp\plugin5404-52-251361.8964.sock)
[plugin-client] restarting worker for "nx/core/project-json"
[isolated-plugin] spawned worker for "nx/core/project-json" (pid: 11528, socket: \\.\pipe\nx\C:\Users\DHRUVM~1\AppData\Local\Temp\plugin5404-53-251496.7419.sock)
[NX v22.7.8 Daemon Server] - 2026-08-20T04:58:24.823Z - Time taken for 'hash changed files from watcher' 0.2605000000039581ms
[plugin-worker] "nx/js/dependencies-and-lockfile" (pid: 21888) listening on \\.\pipe\nx\C:\Users\DHRUVM~1\AppData\Local\Temp\plugin5404-51-251196.206.sock
[isolated-plugin] connected to worker for "nx/js/dependencies-and-lockfile" (pid: 21888)
[1m[33mTime taken for 'plugin worker 21888 code loading' 242.40410000000003ms[39m[22m
[plugin-worker] "nx/js/dependencies-and-lockfile" (pid: 21888) connected
[NX v22.7.8 Daemon Server] - 2026-08-20T04:58:24.857Z - Time taken for 'start-plugin-worker:nx/js/dependencies-and-lockfile' 480.7652999999991ms
[plugin-worker] "nx/js/dependencies-and-lockfile" (pid: 21888) loaded successfully
[plugin-worker] "nx/core/package-json" (pid: 22988) listening on \\.\pipe\nx\C:\Users\DHRUVM~1\AppData\Local\Temp\plugin5404-52-251361.8964.sock
[1m[33mTime taken for 'plugin worker 22988 code loading' 243.7973ms[39m[22m
[1m[33mTime taken for 'nx/js/dependencies-and-lockfile:createNodes' 4.328700000000026ms[39m[22m
[isolated-plugin] connected to worker for "nx/core/package-json" (pid: 22988)
[NX v22.7.8 Daemon Server] - 2026-08-20T04:58:25.005Z - Time taken for 'start-plugin-worker:nx/core/package-json' 462.4787999999826ms
[plugin-worker] "nx/core/package-json" (pid: 22988) connected
[plugin-worker] "nx/core/package-json" (pid: 22988) loaded successfully
[1m[33mTime taken for 'nx/core/package-json:createNodes' 5.668200000000013ms[39m[22m
[isolated-plugin] shutting down worker for "nx/core/package-json" after createNodes
[plugin-worker] "nx/core/project-json" (pid: 11528) listening on \\.\pipe\nx\C:\Users\DHRUVM~1\AppData\Local\Temp\plugin5404-53-251496.7419.sock
[1m[33mTime taken for 'plugin worker 11528 code loading' 242.53109999999998ms[39m[22m
[isolated-plugin] connected to worker for "nx/core/project-json" (pid: 11528)
[NX v22.7.8 Daemon Server] - 2026-08-20T04:58:25.156Z - Time taken for 'start-plugin-worker:nx/core/project-json' 479.43350000001374ms
[plugin-worker] "nx/core/project-json" (pid: 11528) connected
[plugin-worker] "nx/core/project-json" (pid: 11528) loaded successfully
[1m[33mTime taken for 'nx/core/project-json:createNodes' 0.5559999999999832ms[39m[22m
[isolated-plugin] shutting down worker for "nx/core/project-json" after createNodes
[NX v22.7.8 Daemon Server] - 2026-08-20T04:58:25.277Z - Time taken for 'build-project-configs' 897.5988999999827ms
[NX v22.7.8 Daemon Server] - 2026-08-20T04:58:25.277Z - Time taken for 'createNodes:merge' 0.479300000006333ms
[NX v22.7.8 Daemon Server] - 2026-08-20T04:58:25.277Z - Time taken for 'get-all-workspace-files' 0.04119999997783452ms
[isolated-plugin] shutting down worker for "nx/js/dependencies-and-lockfile" after createDependencies
[NX v22.7.8 Daemon Server] - 2026-08-20T04:58:25.285Z - [SYNC]: collect registered sync generators
[NX v22.7.8 Daemon Server] - 2026-08-20T04:58:25.286Z - [SYNC]: project graph hash is the same, not collecting task sync generators
[NX v22.7.8 Daemon Server] - 2026-08-20T04:58:25.286Z - [SYNC]: nx.json hash is the same, not collecting global sync generators
[NX v22.7.8 Daemon Server] - 2026-08-20T04:58:25.286Z - Time taken for 'total execution time for createProjectGraph()' 10.17990000001737ms
[NX v22.7.8 Daemon Server] - 2026-08-20T04:58:25.286Z - Time taken for 'createDependencies' 7.191499999986263ms
[NX v22.7.8 Daemon Server] - 2026-08-20T04:58:25.286Z - Time taken for 'nx/js/dependencies-and-lockfile:createDependencies' 7.0873999999894295ms
[NX v22.7.8 Daemon Server] - 2026-08-20T04:58:25.286Z - Time taken for 'createMetadata' 0.012799999996786937ms
[NX v22.7.8 Daemon Server] - 2026-08-20T04:58:25.286Z - Time taken for 'serialize graph' 0.9677000000083353ms
[NX v22.7.8 Daemon Server] - 2026-08-20T04:59:01.455Z - [WATCHER]: apps/portal/src/app/AppShell.tsx was modified
[NX v22.7.8 Daemon Server] - 2026-08-20T04:59:01.455Z - [WATCHER]: File changes detected:
Created:
(none)
Updated:
  - apps/portal/src/app/AppShell.tsx
Deleted:
(none)
[NX v22.7.8 Daemon Server] - 2026-08-20T04:59:01.455Z - [SYNC]: clearing sync generators cache due to file changes
[NX v22.7.8 Daemon Server] - 2026-08-20T04:59:01.455Z - [WATCHER]: Processing file changes in outputs
[NX v22.7.8 Daemon Server] - 2026-08-20T04:59:07.872Z - [REQUEST]: Updated workspace context based on watched changes, recomputing project graph...
[NX v22.7.8 Daemon Server] - 2026-08-20T04:59:07.872Z - [REQUEST]: apps/portal/src/app/AppShell.tsx
[NX v22.7.8 Daemon Server] - 2026-08-20T04:59:07.872Z - [REQUEST]: 
[plugin-client] restarting worker for "nx/js/dependencies-and-lockfile"
[isolated-plugin] spawned worker for "nx/js/dependencies-and-lockfile" (pid: 6552, socket: \\.\pipe\nx\C:\Users\DHRUVM~1\AppData\Local\Temp\plugin5404-54-294693.4058.sock)
[plugin-client] restarting worker for "nx/core/package-json"
[isolated-plugin] spawned worker for "nx/core/package-json" (pid: 23088, socket: \\.\pipe\nx\C:\Users\DHRUVM~1\AppData\Local\Temp\plugin5404-55-294786.2421.sock)
[plugin-client] restarting worker for "nx/core/project-json"
[isolated-plugin] spawned worker for "nx/core/project-json" (pid: 14768, socket: \\.\pipe\nx\C:\Users\DHRUVM~1\AppData\Local\Temp\plugin5404-56-294884.3585.sock)
[NX v22.7.8 Daemon Server] - 2026-08-20T04:59:08.168Z - Time taken for 'hash changed files from watcher' 0.3030000000144355ms
[plugin-worker] "nx/js/dependencies-and-lockfile" (pid: 6552) listening on \\.\pipe\nx\C:\Users\DHRUVM~1\AppData\Local\Temp\plugin5404-54-294693.4058.sock
[1m[33mTime taken for 'plugin worker 6552 code loading' 258.6544ms[39m[22m
[isolated-plugin] connected to worker for "nx/js/dependencies-and-lockfile" (pid: 6552)
[NX v22.7.8 Daemon Server] - 2026-08-20T04:59:08.305Z - Time taken for 'start-plugin-worker:nx/js/dependencies-and-lockfile' 430.9582999999984ms
[plugin-worker] "nx/js/dependencies-and-lockfile" (pid: 6552) connected
[plugin-worker] "nx/core/package-json" (pid: 23088) listening on \\.\pipe\nx\C:\Users\DHRUVM~1\AppData\Local\Temp\plugin5404-55-294786.2421.sock
[1m[33mTime taken for 'plugin worker 23088 code loading' 258.36400000000003ms[39m[22m
[isolated-plugin] connected to worker for "nx/core/package-json" (pid: 23088)
[NX v22.7.8 Daemon Server] - 2026-08-20T04:59:08.401Z - Time taken for 'start-plugin-worker:nx/core/package-json' 434.59390000003623ms
[plugin-worker] "nx/core/package-json" (pid: 23088) connected
[plugin-worker] "nx/js/dependencies-and-lockfile" (pid: 6552) loaded successfully
[1m[33mTime taken for 'nx/js/dependencies-and-lockfile:createNodes' 5.3145000000000095ms[39m[22m
[plugin-worker] "nx/core/project-json" (pid: 14768) listening on \\.\pipe\nx\C:\Users\DHRUVM~1\AppData\Local\Temp\plugin5404-56-294884.3585.sock
[1m[33mTime taken for 'plugin worker 14768 code loading' 260.9967ms[39m[22m
[isolated-plugin] connected to worker for "nx/core/project-json" (pid: 14768)
[NX v22.7.8 Daemon Server] - 2026-08-20T04:59:08.521Z - Time taken for 'start-plugin-worker:nx/core/project-json' 456.11590000003343ms
[plugin-worker] "nx/core/project-json" (pid: 14768) connected
[plugin-worker] "nx/core/package-json" (pid: 23088) loaded successfully
[1m[33mTime taken for 'nx/core/package-json:createNodes' 4.816200000000038ms[39m[22m
[isolated-plugin] shutting down worker for "nx/core/package-json" after createNodes
[plugin-worker] "nx/core/project-json" (pid: 14768) loaded successfully
[1m[33mTime taken for 'nx/core/project-json:createNodes' 0.5442999999999643ms[39m[22m
[isolated-plugin] shutting down worker for "nx/core/project-json" after createNodes
[NX v22.7.8 Daemon Server] - 2026-08-20T04:59:08.638Z - Time taken for 'build-project-configs' 762.5706000000355ms
[NX v22.7.8 Daemon Server] - 2026-08-20T04:59:08.638Z - Time taken for 'createNodes:merge' 0.293100000009872ms
[NX v22.7.8 Daemon Server] - 2026-08-20T04:59:08.638Z - Time taken for 'get-all-workspace-files' 0.028400000010151416ms
[1m[33mTime taken for 'build typescript dependencies' 1.1135000000000446ms[39m[22m
[isolated-plugin] shutting down worker for "nx/js/dependencies-and-lockfile" after createDependencies
[NX v22.7.8 Daemon Server] - 2026-08-20T04:59:08.645Z - [SYNC]: collect registered sync generators
[NX v22.7.8 Daemon Server] - 2026-08-20T04:59:08.646Z - [SYNC]: project graph hash is the same, not collecting task sync generators
[NX v22.7.8 Daemon Server] - 2026-08-20T04:59:08.646Z - [SYNC]: nx.json hash is the same, not collecting global sync generators
[NX v22.7.8 Daemon Server] - 2026-08-20T04:59:08.646Z - Time taken for 'total execution time for createProjectGraph()' 9.10989999998128ms
[NX v22.7.8 Daemon Server] - 2026-08-20T04:59:08.646Z - Time taken for 'createDependencies' 6.967000000004191ms
[NX v22.7.8 Daemon Server] - 2026-08-20T04:59:08.646Z - Time taken for 'nx/js/dependencies-and-lockfile:createDependencies' 6.918200000014622ms
[NX v22.7.8 Daemon Server] - 2026-08-20T04:59:08.646Z - Time taken for 'createMetadata' 0.004500000039115548ms
[NX v22.7.8 Daemon Server] - 2026-08-20T04:59:08.646Z - Time taken for 'serialize graph' 0.3413000000291504ms
[NX v22.7.8 Daemon Server] - 2026-08-20T04:59:09.104Z - [WATCHER]: apps/portal/src/app/AppShell.tsx was modified
[NX v22.7.8 Daemon Server] - 2026-08-20T04:59:09.105Z - [WATCHER]: File changes detected:
Created:
(none)
Updated:
  - apps/portal/src/app/AppShell.tsx
Deleted:
(none)
[NX v22.7.8 Daemon Server] - 2026-08-20T04:59:09.105Z - [SYNC]: clearing sync generators cache due to file changes
[NX v22.7.8 Daemon Server] - 2026-08-20T04:59:09.105Z - [WATCHER]: Processing file changes in outputs
[NX v22.7.8 Daemon Server] - 2026-08-20T04:59:15.516Z - [REQUEST]: Updated workspace context based on watched changes, recomputing project graph...
[NX v22.7.8 Daemon Server] - 2026-08-20T04:59:15.516Z - [REQUEST]: apps/portal/src/app/AppShell.tsx
[NX v22.7.8 Daemon Server] - 2026-08-20T04:59:15.516Z - [REQUEST]: 
[plugin-client] restarting worker for "nx/js/dependencies-and-lockfile"
[isolated-plugin] spawned worker for "nx/js/dependencies-and-lockfile" (pid: 21436, socket: \\.\pipe\nx\C:\Users\DHRUVM~1\AppData\Local\Temp\plugin5404-57-302337.5616.sock)
[plugin-client] restarting worker for "nx/core/package-json"
[isolated-plugin] spawned worker for "nx/core/package-json" (pid: 17648, socket: \\.\pipe\nx\C:\Users\DHRUVM~1\AppData\Local\Temp\plugin5404-58-302491.7972.sock)
[plugin-client] restarting worker for "nx/core/project-json"
[isolated-plugin] spawned worker for "nx/core/project-json" (pid: 3796, socket: \\.\pipe\nx\C:\Users\DHRUVM~1\AppData\Local\Temp\plugin5404-59-302655.9972.sock)
[plugin-worker] "nx/js/dependencies-and-lockfile" (pid: 21436) listening on \\.\pipe\nx\C:\Users\DHRUVM~1\AppData\Local\Temp\plugin5404-57-302337.5616.sock
[1m[33mTime taken for 'plugin worker 21436 code loading' 234.8815ms[39m[22m
[NX v22.7.8 Daemon Server] - 2026-08-20T04:59:15.996Z - Time taken for 'hash changed files from watcher' 0.5390000000479631ms
[isolated-plugin] connected to worker for "nx/js/dependencies-and-lockfile" (pid: 21436)
[NX v22.7.8 Daemon Server] - 2026-08-20T04:59:16.001Z - Time taken for 'start-plugin-worker:nx/js/dependencies-and-lockfile' 482.9223999999813ms
[plugin-worker] "nx/js/dependencies-and-lockfile" (pid: 21436) connected
[plugin-worker] "nx/js/dependencies-and-lockfile" (pid: 21436) loaded successfully
[1m[33mTime taken for 'nx/js/dependencies-and-lockfile:createNodes' 4.94399999999996ms[39m[22m
[plugin-worker] "nx/core/package-json" (pid: 17648) listening on \\.\pipe\nx\C:\Users\DHRUVM~1\AppData\Local\Temp\plugin5404-58-302491.7972.sock
[1m[33mTime taken for 'plugin worker 17648 code loading' 244.6962ms[39m[22m
[isolated-plugin] connected to worker for "nx/core/package-json" (pid: 17648)
[NX v22.7.8 Daemon Server] - 2026-08-20T04:59:16.165Z - Time taken for 'start-plugin-worker:nx/core/package-json' 493.31690000003437ms
[plugin-worker] "nx/core/package-json" (pid: 17648) connected
[plugin-worker] "nx/core/package-json" (pid: 17648) loaded successfully
[1m[33mTime taken for 'nx/core/package-json:createNodes' 4.731800000000021ms[39m[22m
[isolated-plugin] shutting down worker for "nx/core/package-json" after createNodes
[plugin-worker] "nx/core/project-json" (pid: 3796) listening on \\.\pipe\nx\C:\Users\DHRUVM~1\AppData\Local\Temp\plugin5404-59-302655.9972.sock
[isolated-plugin] connected to worker for "nx/core/project-json" (pid: 3796)
[1m[33mTime taken for 'plugin worker 3796 code loading' 234.0929ms[39m[22m
[NX v22.7.8 Daemon Server] - 2026-08-20T04:59:16.308Z - Time taken for 'start-plugin-worker:nx/core/project-json' 471.1062999999849ms
[plugin-worker] "nx/core/project-json" (pid: 3796) connected
[plugin-worker] "nx/core/project-json" (pid: 3796) loaded successfully
[1m[33mTime taken for 'nx/core/project-json:createNodes' 0.5367999999999711ms[39m[22m
[isolated-plugin] shutting down worker for "nx/core/project-json" after createNodes
[NX v22.7.8 Daemon Server] - 2026-08-20T04:59:16.422Z - Time taken for 'build-project-configs' 901.1528999999864ms
[NX v22.7.8 Daemon Server] - 2026-08-20T04:59:16.422Z - Time taken for 'createNodes:merge' 0.3179000000236556ms
[NX v22.7.8 Daemon Server] - 2026-08-20T04:59:16.422Z - Time taken for 'get-all-workspace-files' 0.02590000000782311ms
[1m[33mTime taken for 'build typescript dependencies' 1.1106000000000904ms[39m[22m
[isolated-plugin] shutting down worker for "nx/js/dependencies-and-lockfile" after createDependencies
[NX v22.7.8 Daemon Server] - 2026-08-20T04:59:16.428Z - [SYNC]: collect registered sync generators
[NX v22.7.8 Daemon Server] - 2026-08-20T04:59:16.429Z - [SYNC]: project graph hash is the same, not collecting task sync generators
[NX v22.7.8 Daemon Server] - 2026-08-20T04:59:16.429Z - [SYNC]: nx.json hash is the same, not collecting global sync generators
[NX v22.7.8 Daemon Server] - 2026-08-20T04:59:16.429Z - Time taken for 'total execution time for createProjectGraph()' 9.275299999979325ms
[NX v22.7.8 Daemon Server] - 2026-08-20T04:59:16.429Z - Time taken for 'createDependencies' 6.614399999962188ms
[NX v22.7.8 Daemon Server] - 2026-08-20T04:59:16.429Z - Time taken for 'nx/js/dependencies-and-lockfile:createDependencies' 6.523199999995995ms
[NX v22.7.8 Daemon Server] - 2026-08-20T04:59:16.429Z - Time taken for 'createMetadata' 0.0079000000259839ms
[NX v22.7.8 Daemon Server] - 2026-08-20T04:59:16.429Z - Time taken for 'serialize graph' 0.532100000011269ms
[NX v22.7.8 Daemon Server] - 2026-08-20T05:00:07.407Z - [WATCHER]: Processing file changes in outputs
[NX v22.7.8 Daemon Server] - 2026-08-20T05:00:07.408Z - [WATCHER]: apps/portal/src/app/AppShell.tsx was modified
[NX v22.7.8 Daemon Server] - 2026-08-20T05:00:07.408Z - [WATCHER]: File changes detected:
Created:
(none)
Updated:
  - apps/portal/src/app/AppShell.tsx
Deleted:
(none)
[NX v22.7.8 Daemon Server] - 2026-08-20T05:00:07.408Z - [SYNC]: clearing sync generators cache due to file changes
[NX v22.7.8 Daemon Server] - 2026-08-20T05:00:09.373Z - [WATCHER]: apps/portal/src/app/AppShell.tsx was modified
[NX v22.7.8 Daemon Server] - 2026-08-20T05:00:09.373Z - [WATCHER]: File changes detected:
Created:
(none)
Updated:
  - apps/portal/src/app/AppShell.tsx
Deleted:
(none)
[NX v22.7.8 Daemon Server] - 2026-08-20T05:00:09.373Z - [SYNC]: clearing sync generators cache due to file changes
[NX v22.7.8 Daemon Server] - 2026-08-20T05:00:09.373Z - [WATCHER]: Processing file changes in outputs
[NX v22.7.8 Daemon Server] - 2026-08-20T05:00:10.677Z - [WATCHER]: apps/portal/src/app/AppShell.tsx was modified
[NX v22.7.8 Daemon Server] - 2026-08-20T05:00:10.677Z - [WATCHER]: File changes detected:
Created:
(none)
Updated:
  - apps/portal/src/app/AppShell.tsx
Deleted:
(none)
[NX v22.7.8 Daemon Server] - 2026-08-20T05:00:10.678Z - [SYNC]: clearing sync generators cache due to file changes
[NX v22.7.8 Daemon Server] - 2026-08-20T05:00:10.678Z - [WATCHER]: Processing file changes in outputs
[NX v22.7.8 Daemon Server] - 2026-08-20T05:00:12.071Z - [WATCHER]: Processing file changes in outputs
[NX v22.7.8 Daemon Server] - 2026-08-20T05:00:12.072Z - [WATCHER]: apps/portal/src/app/AppShell.tsx was modified
[NX v22.7.8 Daemon Server] - 2026-08-20T05:00:12.072Z - [WATCHER]: File changes detected:
Created:
(none)
Updated:
  - apps/portal/src/app/AppShell.tsx
Deleted:
(none)
[NX v22.7.8 Daemon Server] - 2026-08-20T05:00:12.072Z - [SYNC]: clearing sync generators cache due to file changes
[NX v22.7.8 Daemon Server] - 2026-08-20T05:00:13.821Z - [REQUEST]: Updated workspace context based on watched changes, recomputing project graph...
[NX v22.7.8 Daemon Server] - 2026-08-20T05:00:13.821Z - [REQUEST]: apps/portal/src/app/AppShell.tsx
[NX v22.7.8 Daemon Server] - 2026-08-20T05:00:13.821Z - [REQUEST]: 
[plugin-client] restarting worker for "nx/js/dependencies-and-lockfile"
[isolated-plugin] spawned worker for "nx/js/dependencies-and-lockfile" (pid: 23984, socket: \\.\pipe\nx\C:\Users\DHRUVM~1\AppData\Local\Temp\plugin5404-60-360643.3384.sock)
[plugin-client] restarting worker for "nx/core/package-json"
[isolated-plugin] spawned worker for "nx/core/package-json" (pid: 7148, socket: \\.\pipe\nx\C:\Users\DHRUVM~1\AppData\Local\Temp\plugin5404-61-360736.5051.sock)
[plugin-client] restarting worker for "nx/core/project-json"
[isolated-plugin] spawned worker for "nx/core/project-json" (pid: 3144, socket: \\.\pipe\nx\C:\Users\DHRUVM~1\AppData\Local\Temp\plugin5404-62-360881.5218.sock)
[NX v22.7.8 Daemon Server] - 2026-08-20T05:00:14.213Z - Time taken for 'hash changed files from watcher' 0.5448999999789521ms
[plugin-worker] "nx/js/dependencies-and-lockfile" (pid: 23984) listening on \\.\pipe\nx\C:\Users\DHRUVM~1\AppData\Local\Temp\plugin5404-60-360643.3384.sock
[isolated-plugin] connected to worker for "nx/js/dependencies-and-lockfile" (pid: 23984)
[1m[33mTime taken for 'plugin worker 23984 code loading' 267.7491ms[39m[22m
[plugin-worker] "nx/js/dependencies-and-lockfile" (pid: 23984) connected
[NX v22.7.8 Daemon Server] - 2026-08-20T05:00:14.271Z - Time taken for 'start-plugin-worker:nx/js/dependencies-and-lockfile' 446.62469999998575ms
[plugin-worker] "nx/core/package-json" (pid: 7148) listening on \\.\pipe\nx\C:\Users\DHRUVM~1\AppData\Local\Temp\plugin5404-61-360736.5051.sock
[1m[33mTime taken for 'plugin worker 7148 code loading' 255.0357ms[39m[22m
[isolated-plugin] connected to worker for "nx/core/package-json" (pid: 7148)
[NX v22.7.8 Daemon Server] - 2026-08-20T05:00:14.404Z - Time taken for 'start-plugin-worker:nx/core/package-json' 487.42820000002393ms
[plugin-worker] "nx/core/package-json" (pid: 7148) connected
[plugin-worker] "nx/js/dependencies-and-lockfile" (pid: 23984) loaded successfully
[1m[33mTime taken for 'nx/js/dependencies-and-lockfile:createNodes' 3.347499999999968ms[39m[22m
[plugin-worker] "nx/core/package-json" (pid: 7148) loaded successfully
[1m[33mTime taken for 'nx/core/package-json:createNodes' 5.093899999999962ms[39m[22m
[isolated-plugin] shutting down worker for "nx/core/package-json" after createNodes
[plugin-worker] "nx/core/project-json" (pid: 3144) listening on \\.\pipe\nx\C:\Users\DHRUVM~1\AppData\Local\Temp\plugin5404-62-360881.5218.sock
[isolated-plugin] connected to worker for "nx/core/project-json" (pid: 3144)
[1m[33mTime taken for 'plugin worker 3144 code loading' 253.8018ms[39m[22m
[plugin-worker] "nx/core/project-json" (pid: 3144) connected
[NX v22.7.8 Daemon Server] - 2026-08-20T05:00:14.549Z - Time taken for 'start-plugin-worker:nx/core/project-json' 486.6355999999796ms
[plugin-worker] "nx/core/project-json" (pid: 3144) loaded successfully
[1m[33mTime taken for 'nx/core/project-json:createNodes' 0.5600000000000023ms[39m[22m
[isolated-plugin] shutting down worker for "nx/core/project-json" after createNodes
[NX v22.7.8 Daemon Server] - 2026-08-20T05:00:14.669Z - Time taken for 'build-project-configs' 842.4449000000022ms
[NX v22.7.8 Daemon Server] - 2026-08-20T05:00:14.669Z - Time taken for 'createNodes:merge' 0.31769999995594844ms
[NX v22.7.8 Daemon Server] - 2026-08-20T05:00:14.669Z - Time taken for 'get-all-workspace-files' 0.03329999995185062ms
[isolated-plugin] shutting down worker for "nx/js/dependencies-and-lockfile" after createDependencies
[NX v22.7.8 Daemon Server] - 2026-08-20T05:00:14.676Z - [SYNC]: collect registered sync generators
[NX v22.7.8 Daemon Server] - 2026-08-20T05:00:14.676Z - [SYNC]: project graph hash is the same, not collecting task sync generators
[NX v22.7.8 Daemon Server] - 2026-08-20T05:00:14.677Z - [SYNC]: nx.json hash is the same, not collecting global sync generators
[NX v22.7.8 Daemon Server] - 2026-08-20T05:00:14.677Z - Time taken for 'total execution time for createProjectGraph()' 9.6587999999756ms
[NX v22.7.8 Daemon Server] - 2026-08-20T05:00:14.677Z - Time taken for 'createDependencies' 7.005100000009406ms
[NX v22.7.8 Daemon Server] - 2026-08-20T05:00:14.677Z - Time taken for 'nx/js/dependencies-and-lockfile:createDependencies' 6.861600000003818ms
[NX v22.7.8 Daemon Server] - 2026-08-20T05:00:14.677Z - Time taken for 'createMetadata' 0.010200000018812716ms
[NX v22.7.8 Daemon Server] - 2026-08-20T05:00:14.677Z - Time taken for 'serialize graph' 0.5623000000487082ms
[NX v22.7.8 Daemon Server] - 2026-08-20T05:00:21.197Z - [WATCHER]: apps/portal/src/app/AppShell.tsx was modified
[NX v22.7.8 Daemon Server] - 2026-08-20T05:00:21.197Z - [WATCHER]: File changes detected:
Created:
(none)
Updated:
  - apps/portal/src/app/AppShell.tsx
Deleted:
(none)
[NX v22.7.8 Daemon Server] - 2026-08-20T05:00:21.197Z - [SYNC]: clearing sync generators cache due to file changes
[NX v22.7.8 Daemon Server] - 2026-08-20T05:00:21.197Z - [WATCHER]: Processing file changes in outputs
[NX v22.7.8 Daemon Server] - 2026-08-20T05:00:22.699Z - [WATCHER]: apps/portal/src/app/AppShell.tsx was modified
[NX v22.7.8 Daemon Server] - 2026-08-20T05:00:22.699Z - [WATCHER]: File changes detected:
Created:
(none)
Updated:
  - apps/portal/src/app/AppShell.tsx
Deleted:
(none)
[NX v22.7.8 Daemon Server] - 2026-08-20T05:00:22.699Z - [SYNC]: clearing sync generators cache due to file changes
[NX v22.7.8 Daemon Server] - 2026-08-20T05:00:22.699Z - [WATCHER]: Processing file changes in outputs
[NX v22.7.8 Daemon Server] - 2026-08-20T05:00:26.904Z - [WATCHER]: Processing file changes in outputs
[NX v22.7.8 Daemon Server] - 2026-08-20T05:00:26.904Z - [WATCHER]: apps/portal/src/app/AppShell.tsx was modified
[NX v22.7.8 Daemon Server] - 2026-08-20T05:00:26.904Z - [WATCHER]: File changes detected:
Created:
(none)
Updated:
  - apps/portal/src/app/AppShell.tsx
Deleted:
(none)
[NX v22.7.8 Daemon Server] - 2026-08-20T05:00:26.904Z - [SYNC]: clearing sync generators cache due to file changes
[NX v22.7.8 Daemon Server] - 2026-08-20T05:00:27.607Z - [REQUEST]: Updated workspace context based on watched changes, recomputing project graph...
[NX v22.7.8 Daemon Server] - 2026-08-20T05:00:27.607Z - [REQUEST]: apps/portal/src/app/AppShell.tsx
[NX v22.7.8 Daemon Server] - 2026-08-20T05:00:27.607Z - [REQUEST]: 
[plugin-client] restarting worker for "nx/js/dependencies-and-lockfile"
[isolated-plugin] spawned worker for "nx/js/dependencies-and-lockfile" (pid: 24208, socket: \\.\pipe\nx\C:\Users\DHRUVM~1\AppData\Local\Temp\plugin5404-63-374428.973.sock)
[plugin-client] restarting worker for "nx/core/package-json"
[isolated-plugin] spawned worker for "nx/core/package-json" (pid: 7716, socket: \\.\pipe\nx\C:\Users\DHRUVM~1\AppData\Local\Temp\plugin5404-64-374581.6994.sock)
[plugin-client] restarting worker for "nx/core/project-json"
[isolated-plugin] spawned worker for "nx/core/project-json" (pid: 16032, socket: \\.\pipe\nx\C:\Users\DHRUVM~1\AppData\Local\Temp\plugin5404-65-374727.7573.sock)
[NX v22.7.8 Daemon Server] - 2026-08-20T05:00:28.071Z - Time taken for 'hash changed files from watcher' 0.3787000000011176ms
[plugin-worker] "nx/js/dependencies-and-lockfile" (pid: 24208) listening on \\.\pipe\nx\C:\Users\DHRUVM~1\AppData\Local\Temp\plugin5404-63-374428.973.sock
[1m[33mTime taken for 'plugin worker 24208 code loading' 257.6554ms[39m[22m
[isolated-plugin] connected to worker for "nx/js/dependencies-and-lockfile" (pid: 24208)
[NX v22.7.8 Daemon Server] - 2026-08-20T05:00:28.099Z - Time taken for 'start-plugin-worker:nx/js/dependencies-and-lockfile' 489.77090000000317ms
[plugin-worker] "nx/js/dependencies-and-lockfile" (pid: 24208) connected
[plugin-worker] "nx/core/package-json" (pid: 7716) listening on \\.\pipe\nx\C:\Users\DHRUVM~1\AppData\Local\Temp\plugin5404-64-374581.6994.sock
[1m[33mTime taken for 'plugin worker 7716 code loading' 257.8003ms[39m[22m
[plugin-worker] "nx/js/dependencies-and-lockfile" (pid: 24208) loaded successfully
[isolated-plugin] connected to worker for "nx/core/package-json" (pid: 7716)
[1m[33mTime taken for 'nx/js/dependencies-and-lockfile:createNodes' 4.162900000000036ms[39m[22m
[NX v22.7.8 Daemon Server] - 2026-08-20T05:00:28.250Z - Time taken for 'start-plugin-worker:nx/core/package-json' 487.9636000000173ms
[plugin-worker] "nx/core/package-json" (pid: 7716) connected
[plugin-worker] "nx/core/package-json" (pid: 7716) loaded successfully
[1m[33mTime taken for 'nx/core/package-json:createNodes' 5.400900000000036ms[39m[22m
[isolated-plugin] shutting down worker for "nx/core/package-json" after createNodes
[plugin-worker] "nx/core/project-json" (pid: 16032) listening on \\.\pipe\nx\C:\Users\DHRUVM~1\AppData\Local\Temp\plugin5404-65-374727.7573.sock
[isolated-plugin] connected to worker for "nx/core/project-json" (pid: 16032)
[1m[33mTime taken for 'plugin worker 16032 code loading' 265.872ms[39m[22m
[NX v22.7.8 Daemon Server] - 2026-08-20T05:00:28.418Z - Time taken for 'start-plugin-worker:nx/core/project-json' 509.6113999999943ms
[plugin-worker] "nx/core/project-json" (pid: 16032) connected
[plugin-worker] "nx/core/project-json" (pid: 16032) loaded successfully
[1m[33mTime taken for 'nx/core/project-json:createNodes' 0.5874000000000024ms[39m[22m
[isolated-plugin] shutting down worker for "nx/core/project-json" after createNodes
[NX v22.7.8 Daemon Server] - 2026-08-20T05:00:28.535Z - Time taken for 'build-project-configs' 924.5063000000082ms
[NX v22.7.8 Daemon Server] - 2026-08-20T05:00:28.535Z - Time taken for 'createNodes:merge' 0.25280000001657754ms
[NX v22.7.8 Daemon Server] - 2026-08-20T05:00:28.535Z - Time taken for 'get-all-workspace-files' 0.020900000003166497ms
[1m[33mTime taken for 'build typescript dependencies' 1.2211999999999534ms[39m[22m
[isolated-plugin] shutting down worker for "nx/js/dependencies-and-lockfile" after createDependencies
[NX v22.7.8 Daemon Server] - 2026-08-20T05:00:28.544Z - [SYNC]: collect registered sync generators
[NX v22.7.8 Daemon Server] - 2026-08-20T05:00:28.544Z - [SYNC]: project graph hash is the same, not collecting task sync generators
[NX v22.7.8 Daemon Server] - 2026-08-20T05:00:28.545Z - [SYNC]: nx.json hash is the same, not collecting global sync generators
[NX v22.7.8 Daemon Server] - 2026-08-20T05:00:28.545Z - Time taken for 'total execution time for createProjectGraph()' 9.306700000015553ms
[NX v22.7.8 Daemon Server] - 2026-08-20T05:00:28.545Z - Time taken for 'createDependencies' 7.3993000000482425ms
[NX v22.7.8 Daemon Server] - 2026-08-20T05:00:28.545Z - Time taken for 'nx/js/dependencies-and-lockfile:createDependencies' 7.303200000023935ms
[NX v22.7.8 Daemon Server] - 2026-08-20T05:00:28.545Z - Time taken for 'createMetadata' 0.012999999977182597ms
[NX v22.7.8 Daemon Server] - 2026-08-20T05:00:28.545Z - Time taken for 'serialize graph' 1.106099999975413ms
[NX v22.7.8 Daemon Server] - 2026-08-20T05:00:51.205Z - [WATCHER]: Processing file changes in outputs
[NX v22.7.8 Daemon Server] - 2026-08-20T05:00:51.205Z - [WATCHER]: apps/portal/src/app/AppShell.tsx was modified
[NX v22.7.8 Daemon Server] - 2026-08-20T05:00:51.205Z - [WATCHER]: File changes detected:
Created:
(none)
Updated:
  - apps/portal/src/app/AppShell.tsx
Deleted:
(none)
[NX v22.7.8 Daemon Server] - 2026-08-20T05:00:51.205Z - [SYNC]: clearing sync generators cache due to file changes
[NX v22.7.8 Daemon Server] - 2026-08-20T05:00:57.610Z - [REQUEST]: Updated workspace context based on watched changes, recomputing project graph...
[NX v22.7.8 Daemon Server] - 2026-08-20T05:00:57.610Z - [REQUEST]: apps/portal/src/app/AppShell.tsx
[NX v22.7.8 Daemon Server] - 2026-08-20T05:00:57.610Z - [REQUEST]: 
[plugin-client] restarting worker for "nx/js/dependencies-and-lockfile"
[isolated-plugin] spawned worker for "nx/js/dependencies-and-lockfile" (pid: 14780, socket: \\.\pipe\nx\C:\Users\DHRUVM~1\AppData\Local\Temp\plugin5404-66-404431.249.sock)
[plugin-client] restarting worker for "nx/core/package-json"
[isolated-plugin] spawned worker for "nx/core/package-json" (pid: 11400, socket: \\.\pipe\nx\C:\Users\DHRUVM~1\AppData\Local\Temp\plugin5404-67-404520.4078.sock)
[plugin-client] restarting worker for "nx/core/project-json"
[isolated-plugin] spawned worker for "nx/core/project-json" (pid: 18952, socket: \\.\pipe\nx\C:\Users\DHRUVM~1\AppData\Local\Temp\plugin5404-68-404610.8427.sock)
[NX v22.7.8 Daemon Server] - 2026-08-20T05:00:57.890Z - Time taken for 'hash changed files from watcher' 0.29050000000279397ms
[plugin-worker] "nx/js/dependencies-and-lockfile" (pid: 14780) listening on \\.\pipe\nx\C:\Users\DHRUVM~1\AppData\Local\Temp\plugin5404-66-404431.249.sock
[isolated-plugin] connected to worker for "nx/js/dependencies-and-lockfile" (pid: 14780)
[1m[33mTime taken for 'plugin worker 14780 code loading' 273.46840000000003ms[39m[22m
[NX v22.7.8 Daemon Server] - 2026-08-20T05:00:58.051Z - Time taken for 'start-plugin-worker:nx/js/dependencies-and-lockfile' 438.77289999998175ms
[plugin-worker] "nx/js/dependencies-and-lockfile" (pid: 14780) connected
[plugin-worker] "nx/core/package-json" (pid: 11400) listening on \\.\pipe\nx\C:\Users\DHRUVM~1\AppData\Local\Temp\plugin5404-67-404520.4078.sock
[isolated-plugin] connected to worker for "nx/core/package-json" (pid: 11400)
[1m[33mTime taken for 'plugin worker 11400 code loading' 262.80400000000003ms[39m[22m
[NX v22.7.8 Daemon Server] - 2026-08-20T05:00:58.134Z - Time taken for 'start-plugin-worker:nx/core/package-json' 432.9588999999687ms
[plugin-worker] "nx/core/package-json" (pid: 11400) connected
[plugin-worker] "nx/js/dependencies-and-lockfile" (pid: 14780) loaded successfully
[1m[33mTime taken for 'nx/js/dependencies-and-lockfile:createNodes' 4.114900000000034ms[39m[22m
[plugin-worker] "nx/core/project-json" (pid: 18952) listening on \\.\pipe\nx\C:\Users\DHRUVM~1\AppData\Local\Temp\plugin5404-68-404610.8427.sock
[1m[33mTime taken for 'plugin worker 18952 code loading' 255.50889999999998ms[39m[22m
[isolated-plugin] connected to worker for "nx/core/project-json" (pid: 18952)
[NX v22.7.8 Daemon Server] - 2026-08-20T05:00:58.235Z - Time taken for 'start-plugin-worker:nx/core/project-json' 443.63959999999497ms
[plugin-worker] "nx/core/project-json" (pid: 18952) connected
[plugin-worker] "nx/core/package-json" (pid: 11400) loaded successfully
[1m[33mTime taken for 'nx/core/package-json:createNodes' 4.777899999999988ms[39m[22m
[isolated-plugin] shutting down worker for "nx/core/package-json" after createNodes
[plugin-worker] "nx/core/project-json" (pid: 18952) loaded successfully
[1m[33mTime taken for 'nx/core/project-json:createNodes' 0.5597000000000207ms[39m[22m
[isolated-plugin] shutting down worker for "nx/core/project-json" after createNodes
[NX v22.7.8 Daemon Server] - 2026-08-20T05:00:58.352Z - Time taken for 'build-project-configs' 738.537799999991ms
[NX v22.7.8 Daemon Server] - 2026-08-20T05:00:58.352Z - Time taken for 'createNodes:merge' 0.24160000000847504ms
[NX v22.7.8 Daemon Server] - 2026-08-20T05:00:58.352Z - Time taken for 'get-all-workspace-files' 0.02059999998891726ms
[1m[33mTime taken for 'build typescript dependencies' 1.2460999999999558ms[39m[22m
[isolated-plugin] shutting down worker for "nx/js/dependencies-and-lockfile" after createDependencies
[NX v22.7.8 Daemon Server] - 2026-08-20T05:00:58.359Z - [SYNC]: collect registered sync generators
[NX v22.7.8 Daemon Server] - 2026-08-20T05:00:58.359Z - [SYNC]: project graph hash is the same, not collecting task sync generators
[NX v22.7.8 Daemon Server] - 2026-08-20T05:00:58.359Z - [SYNC]: nx.json hash is the same, not collecting global sync generators
[NX v22.7.8 Daemon Server] - 2026-08-20T05:00:58.359Z - Time taken for 'total execution time for createProjectGraph()' 8.489699999976438ms
[NX v22.7.8 Daemon Server] - 2026-08-20T05:00:58.359Z - Time taken for 'createDependencies' 6.431500000006054ms
[NX v22.7.8 Daemon Server] - 2026-08-20T05:00:58.359Z - Time taken for 'nx/js/dependencies-and-lockfile:createDependencies' 6.366500000003725ms
[NX v22.7.8 Daemon Server] - 2026-08-20T05:00:58.359Z - Time taken for 'createMetadata' 0.005999999993946403ms
[NX v22.7.8 Daemon Server] - 2026-08-20T05:00:58.360Z - Time taken for 'serialize graph' 0.40999999997438863ms
[NX v22.7.8 Daemon Server] - 2026-08-20T05:01:03.671Z - [WATCHER]: Processing file changes in outputs
[NX v22.7.8 Daemon Server] - 2026-08-20T05:01:03.671Z - [WATCHER]: apps/portal/src/app/AppShell.tsx was modified
[NX v22.7.8 Daemon Server] - 2026-08-20T05:01:03.672Z - [WATCHER]: File changes detected:
Created:
(none)
Updated:
  - apps/portal/src/app/AppShell.tsx
Deleted:
(none)
[NX v22.7.8 Daemon Server] - 2026-08-20T05:01:03.672Z - [SYNC]: clearing sync generators cache due to file changes
[NX v22.7.8 Daemon Server] - 2026-08-20T05:01:03.889Z - [WATCHER]: Processing file changes in outputs
[NX v22.7.8 Daemon Server] - 2026-08-20T05:01:03.889Z - [WATCHER]: apps/portal/src/app/AppShell.tsx was modified
[NX v22.7.8 Daemon Server] - 2026-08-20T05:01:03.889Z - [WATCHER]: File changes detected:
Created:
(none)
Updated:
  - apps/portal/src/app/AppShell.tsx
Deleted:
(none)
[NX v22.7.8 Daemon Server] - 2026-08-20T05:01:03.889Z - [SYNC]: clearing sync generators cache due to file changes
[NX v22.7.8 Daemon Server] - 2026-08-20T05:01:10.074Z - [REQUEST]: Updated workspace context based on watched changes, recomputing project graph...
[NX v22.7.8 Daemon Server] - 2026-08-20T05:01:10.074Z - [REQUEST]: apps/portal/src/app/AppShell.tsx
[NX v22.7.8 Daemon Server] - 2026-08-20T05:01:10.074Z - [REQUEST]: 
[plugin-client] restarting worker for "nx/js/dependencies-and-lockfile"
[isolated-plugin] spawned worker for "nx/js/dependencies-and-lockfile" (pid: 7432, socket: \\.\pipe\nx\C:\Users\DHRUVM~1\AppData\Local\Temp\plugin5404-69-416895.5209.sock)
[plugin-client] restarting worker for "nx/core/package-json"
[isolated-plugin] spawned worker for "nx/core/package-json" (pid: 21620, socket: \\.\pipe\nx\C:\Users\DHRUVM~1\AppData\Local\Temp\plugin5404-70-417063.3092.sock)
[plugin-client] restarting worker for "nx/core/project-json"
[isolated-plugin] spawned worker for "nx/core/project-json" (pid: 20968, socket: \\.\pipe\nx\C:\Users\DHRUVM~1\AppData\Local\Temp\plugin5404-71-417243.621.sock)
[plugin-worker] "nx/js/dependencies-and-lockfile" (pid: 7432) listening on \\.\pipe\nx\C:\Users\DHRUVM~1\AppData\Local\Temp\plugin5404-69-416895.5209.sock
[1m[33mTime taken for 'plugin worker 7432 code loading' 239.4172ms[39m[22m
[NX v22.7.8 Daemon Server] - 2026-08-20T05:01:10.568Z - Time taken for 'hash changed files from watcher' 0.2684000000008382ms
[isolated-plugin] connected to worker for "nx/js/dependencies-and-lockfile" (pid: 7432)
[NX v22.7.8 Daemon Server] - 2026-08-20T05:01:10.572Z - Time taken for 'start-plugin-worker:nx/js/dependencies-and-lockfile' 496.43089999997756ms
[plugin-worker] "nx/js/dependencies-and-lockfile" (pid: 7432) connected
[plugin-worker] "nx/js/dependencies-and-lockfile" (pid: 7432) loaded successfully
[1m[33mTime taken for 'nx/js/dependencies-and-lockfile:createNodes' 4.992799999999988ms[39m[22m
[plugin-worker] "nx/core/package-json" (pid: 21620) listening on \\.\pipe\nx\C:\Users\DHRUVM~1\AppData\Local\Temp\plugin5404-70-417063.3092.sock
[isolated-plugin] connected to worker for "nx/core/package-json" (pid: 21620)
[1m[33mTime taken for 'plugin worker 21620 code loading' 249.0507ms[39m[22m
[NX v22.7.8 Daemon Server] - 2026-08-20T05:01:10.750Z - Time taken for 'start-plugin-worker:nx/core/package-json' 506.1432999999961ms
[plugin-worker] "nx/core/package-json" (pid: 21620) connected
[plugin-worker] "nx/core/package-json" (pid: 21620) loaded successfully
[1m[33mTime taken for 'nx/core/package-json:createNodes' 5.8408000000000015ms[39m[22m
[isolated-plugin] shutting down worker for "nx/core/package-json" after createNodes
[plugin-worker] "nx/core/project-json" (pid: 20968) listening on \\.\pipe\nx\C:\Users\DHRUVM~1\AppData\Local\Temp\plugin5404-71-417243.621.sock
[1m[33mTime taken for 'plugin worker 20968 code loading' 242.4499ms[39m[22m
[isolated-plugin] connected to worker for "nx/core/project-json" (pid: 20968)
[plugin-worker] "nx/core/project-json" (pid: 20968) connected
[NX v22.7.8 Daemon Server] - 2026-08-20T05:01:10.902Z - Time taken for 'start-plugin-worker:nx/core/project-json' 478.0011999999988ms
[plugin-worker] "nx/core/project-json" (pid: 20968) loaded successfully
[1m[33mTime taken for 'nx/core/project-json:createNodes' 0.5604999999999905ms[39m[22m
[isolated-plugin] shutting down worker for "nx/core/project-json" after createNodes
[NX v22.7.8 Daemon Server] - 2026-08-20T05:01:11.017Z - Time taken for 'build-project-configs' 938.2460999999894ms
[NX v22.7.8 Daemon Server] - 2026-08-20T05:01:11.017Z - Time taken for 'createNodes:merge' 0.3401000000303611ms
[NX v22.7.8 Daemon Server] - 2026-08-20T05:01:11.017Z - Time taken for 'get-all-workspace-files' 0.03419999999459833ms
[1m[33mTime taken for 'build typescript dependencies' 1.133100000000013ms[39m[22m
[isolated-plugin] shutting down worker for "nx/js/dependencies-and-lockfile" after createDependencies
[NX v22.7.8 Daemon Server] - 2026-08-20T05:01:11.026Z - [SYNC]: collect registered sync generators
[NX v22.7.8 Daemon Server] - 2026-08-20T05:01:11.026Z - [SYNC]: project graph hash is the same, not collecting task sync generators
[NX v22.7.8 Daemon Server] - 2026-08-20T05:01:11.026Z - [SYNC]: nx.json hash is the same, not collecting global sync generators
[NX v22.7.8 Daemon Server] - 2026-08-20T05:01:11.027Z - Time taken for 'total execution time for createProjectGraph()' 11.973800000036135ms
[NX v22.7.8 Daemon Server] - 2026-08-20T05:01:11.027Z - Time taken for 'createDependencies' 8.852799999993294ms
[NX v22.7.8 Daemon Server] - 2026-08-20T05:01:11.027Z - Time taken for 'nx/js/dependencies-and-lockfile:createDependencies' 8.759900000004563ms
[NX v22.7.8 Daemon Server] - 2026-08-20T05:01:11.027Z - Time taken for 'createMetadata' 0.009600000048521906ms
[NX v22.7.8 Daemon Server] - 2026-08-20T05:01:11.027Z - Time taken for 'serialize graph' 0.6548000000184402ms
[NX v22.7.8 Daemon Server] - 2026-08-20T05:01:25.388Z - [WATCHER]: Processing file changes in outputs
[NX v22.7.8 Daemon Server] - 2026-08-20T05:01:25.388Z - [WATCHER]: apps/portal/src/app/Header.tsx was modified
[NX v22.7.8 Daemon Server] - 2026-08-20T05:01:25.388Z - [WATCHER]: File changes detected:
Created:
(none)
Updated:
  - apps/portal/src/app/Header.tsx
Deleted:
(none)
[NX v22.7.8 Daemon Server] - 2026-08-20T05:01:25.388Z - [SYNC]: clearing sync generators cache due to file changes
[NX v22.7.8 Daemon Server] - 2026-08-20T05:01:31.797Z - [REQUEST]: Updated workspace context based on watched changes, recomputing project graph...
[NX v22.7.8 Daemon Server] - 2026-08-20T05:01:31.797Z - [REQUEST]: apps/portal/src/app/Header.tsx
[NX v22.7.8 Daemon Server] - 2026-08-20T05:01:31.797Z - [REQUEST]: 
[plugin-client] restarting worker for "nx/js/dependencies-and-lockfile"
[isolated-plugin] spawned worker for "nx/js/dependencies-and-lockfile" (pid: 11524, socket: \\.\pipe\nx\C:\Users\DHRUVM~1\AppData\Local\Temp\plugin5404-72-438619.9839.sock)
[plugin-client] restarting worker for "nx/core/package-json"
[isolated-plugin] spawned worker for "nx/core/package-json" (pid: 5156, socket: \\.\pipe\nx\C:\Users\DHRUVM~1\AppData\Local\Temp\plugin5404-73-438771.2608.sock)
[plugin-client] restarting worker for "nx/core/project-json"
[isolated-plugin] spawned worker for "nx/core/project-json" (pid: 9980, socket: \\.\pipe\nx\C:\Users\DHRUVM~1\AppData\Local\Temp\plugin5404-74-438945.7946.sock)
[plugin-worker] "nx/js/dependencies-and-lockfile" (pid: 11524) listening on \\.\pipe\nx\C:\Users\DHRUVM~1\AppData\Local\Temp\plugin5404-72-438619.9839.sock
[NX v22.7.8 Daemon Server] - 2026-08-20T05:01:32.264Z - Time taken for 'hash changed files from watcher' 0.5469000000157394ms
[isolated-plugin] connected to worker for "nx/js/dependencies-and-lockfile" (pid: 11524)
[1m[33mTime taken for 'plugin worker 11524 code loading' 244.69249999999997ms[39m[22m
[NX v22.7.8 Daemon Server] - 2026-08-20T05:01:32.268Z - Time taken for 'start-plugin-worker:nx/js/dependencies-and-lockfile' 467.87900000001537ms
[plugin-worker] "nx/js/dependencies-and-lockfile" (pid: 11524) connected
[plugin-worker] "nx/js/dependencies-and-lockfile" (pid: 11524) loaded successfully
[1m[33mTime taken for 'nx/js/dependencies-and-lockfile:createNodes' 3.653500000000008ms[39m[22m
[plugin-worker] "nx/core/package-json" (pid: 5156) listening on \\.\pipe\nx\C:\Users\DHRUVM~1\AppData\Local\Temp\plugin5404-73-438771.2608.sock
[isolated-plugin] connected to worker for "nx/core/package-json" (pid: 5156)
[1m[33mTime taken for 'plugin worker 5156 code loading' 245.18ms[39m[22m
[plugin-worker] "nx/core/package-json" (pid: 5156) connected
[NX v22.7.8 Daemon Server] - 2026-08-20T05:01:32.445Z - Time taken for 'start-plugin-worker:nx/core/package-json' 493.82600000000093ms
[plugin-worker] "nx/core/package-json" (pid: 5156) loaded successfully
[1m[33mTime taken for 'nx/core/package-json:createNodes' 4.5645000000000095ms[39m[22m
[isolated-plugin] shutting down worker for "nx/core/package-json" after createNodes
[plugin-worker] "nx/core/project-json" (pid: 9980) listening on \\.\pipe\nx\C:\Users\DHRUVM~1\AppData\Local\Temp\plugin5404-74-438945.7946.sock
[1m[33mTime taken for 'plugin worker 9980 code loading' 235.118ms[39m[22m
[isolated-plugin] connected to worker for "nx/core/project-json" (pid: 9980)
[NX v22.7.8 Daemon Server] - 2026-08-20T05:01:32.585Z - Time taken for 'start-plugin-worker:nx/core/project-json' 458.9133000000147ms
[plugin-worker] "nx/core/project-json" (pid: 9980) connected
[plugin-worker] "nx/core/project-json" (pid: 9980) loaded successfully
[1m[33mTime taken for 'nx/core/project-json:createNodes' 0.5391999999999939ms[39m[22m
[isolated-plugin] shutting down worker for "nx/core/project-json" after createNodes
[NX v22.7.8 Daemon Server] - 2026-08-20T05:01:32.700Z - Time taken for 'build-project-configs' 897.2533999999869ms
[NX v22.7.8 Daemon Server] - 2026-08-20T05:01:32.700Z - Time taken for 'createNodes:merge' 0.342899999988731ms
[NX v22.7.8 Daemon Server] - 2026-08-20T05:01:32.700Z - Time taken for 'get-all-workspace-files' 0.026799999992363155ms
[1m[33mTime taken for 'build typescript dependencies' 1.103399999999965ms[39m[22m
[isolated-plugin] shutting down worker for "nx/js/dependencies-and-lockfile" after createDependencies
[NX v22.7.8 Daemon Server] - 2026-08-20T05:01:32.708Z - [SYNC]: collect registered sync generators
[NX v22.7.8 Daemon Server] - 2026-08-20T05:01:32.709Z - [SYNC]: project graph hash is the same, not collecting task sync generators
[NX v22.7.8 Daemon Server] - 2026-08-20T05:01:32.709Z - [SYNC]: nx.json hash is the same, not collecting global sync generators
[NX v22.7.8 Daemon Server] - 2026-08-20T05:01:32.709Z - Time taken for 'total execution time for createProjectGraph()' 11.29590000002645ms
[NX v22.7.8 Daemon Server] - 2026-08-20T05:01:32.709Z - Time taken for 'createDependencies' 8.380000000004657ms
[NX v22.7.8 Daemon Server] - 2026-08-20T05:01:32.709Z - Time taken for 'nx/js/dependencies-and-lockfile:createDependencies' 8.296899999957532ms
[NX v22.7.8 Daemon Server] - 2026-08-20T05:01:32.709Z - Time taken for 'createMetadata' 0.00829999998677522ms
[NX v22.7.8 Daemon Server] - 2026-08-20T05:01:32.709Z - Time taken for 'serialize graph' 0.5852999999769963ms
[NX v22.7.8 Daemon Server] - 2026-08-20T05:01:44.739Z - [WATCHER]: apps/portal/src/app/Header.tsx was modified
[NX v22.7.8 Daemon Server] - 2026-08-20T05:01:44.739Z - [WATCHER]: File changes detected:
Created:
(none)
Updated:
  - apps/portal/src/app/Header.tsx
Deleted:
(none)
[NX v22.7.8 Daemon Server] - 2026-08-20T05:01:44.739Z - [SYNC]: clearing sync generators cache due to file changes
[NX v22.7.8 Daemon Server] - 2026-08-20T05:01:44.740Z - [WATCHER]: Processing file changes in outputs
[NX v22.7.8 Daemon Server] - 2026-08-20T05:01:51.150Z - [REQUEST]: Updated workspace context based on watched changes, recomputing project graph...
[NX v22.7.8 Daemon Server] - 2026-08-20T05:01:51.150Z - [REQUEST]: apps/portal/src/app/Header.tsx
[NX v22.7.8 Daemon Server] - 2026-08-20T05:01:51.150Z - [REQUEST]: 
[plugin-client] restarting worker for "nx/js/dependencies-and-lockfile"
[isolated-plugin] spawned worker for "nx/js/dependencies-and-lockfile" (pid: 11712, socket: \\.\pipe\nx\C:\Users\DHRUVM~1\AppData\Local\Temp\plugin5404-75-457971.8521.sock)
[plugin-client] restarting worker for "nx/core/package-json"
[isolated-plugin] spawned worker for "nx/core/package-json" (pid: 14640, socket: \\.\pipe\nx\C:\Users\DHRUVM~1\AppData\Local\Temp\plugin5404-76-458134.2866.sock)
[plugin-client] restarting worker for "nx/core/project-json"
[isolated-plugin] spawned worker for "nx/core/project-json" (pid: 18484, socket: \\.\pipe\nx\C:\Users\DHRUVM~1\AppData\Local\Temp\plugin5404-77-458305.6577.sock)
[plugin-worker] "nx/js/dependencies-and-lockfile" (pid: 11712) listening on \\.\pipe\nx\C:\Users\DHRUVM~1\AppData\Local\Temp\plugin5404-75-457971.8521.sock
[1m[33mTime taken for 'plugin worker 11712 code loading' 231.40849999999998ms[39m[22m
[NX v22.7.8 Daemon Server] - 2026-08-20T05:01:51.628Z - Time taken for 'hash changed files from watcher' 0.3461000000243075ms
[isolated-plugin] connected to worker for "nx/js/dependencies-and-lockfile" (pid: 11712)
[NX v22.7.8 Daemon Server] - 2026-08-20T05:01:51.630Z - Time taken for 'start-plugin-worker:nx/js/dependencies-and-lockfile' 478.81179999996675ms
[plugin-worker] "nx/js/dependencies-and-lockfile" (pid: 11712) connected
[plugin-worker] "nx/js/dependencies-and-lockfile" (pid: 11712) loaded successfully
[1m[33mTime taken for 'nx/js/dependencies-and-lockfile:createNodes' 4.103399999999965ms[39m[22m
[plugin-worker] "nx/core/package-json" (pid: 14640) listening on \\.\pipe\nx\C:\Users\DHRUVM~1\AppData\Local\Temp\plugin5404-76-458134.2866.sock
[1m[33mTime taken for 'plugin worker 14640 code loading' 247.15660000000003ms[39m[22m
[isolated-plugin] connected to worker for "nx/core/package-json" (pid: 14640)
[NX v22.7.8 Daemon Server] - 2026-08-20T05:01:51.815Z - Time taken for 'start-plugin-worker:nx/core/package-json' 500.9976000000024ms
[plugin-worker] "nx/core/package-json" (pid: 14640) connected
[plugin-worker] "nx/core/package-json" (pid: 14640) loaded successfully
[1m[33mTime taken for 'nx/core/package-json:createNodes' 4.985900000000015ms[39m[22m
[plugin-worker] "nx/core/project-json" (pid: 18484) listening on \\.\pipe\nx\C:\Users\DHRUVM~1\AppData\Local\Temp\plugin5404-77-458305.6577.sock
[isolated-plugin] shutting down worker for "nx/core/package-json" after createNodes
[1m[33mTime taken for 'plugin worker 18484 code loading' 237.661ms[39m[22m
[isolated-plugin] connected to worker for "nx/core/project-json" (pid: 18484)
[NX v22.7.8 Daemon Server] - 2026-08-20T05:01:51.960Z - Time taken for 'start-plugin-worker:nx/core/project-json' 474.51880000001984ms
[plugin-worker] "nx/core/project-json" (pid: 18484) connected
[plugin-worker] "nx/core/project-json" (pid: 18484) loaded successfully
[1m[33mTime taken for 'nx/core/project-json:createNodes' 0.5989999999999895ms[39m[22m
[isolated-plugin] shutting down worker for "nx/core/project-json" after createNodes
[NX v22.7.8 Daemon Server] - 2026-08-20T05:01:52.072Z - Time taken for 'build-project-configs' 917.9369000000297ms
[NX v22.7.8 Daemon Server] - 2026-08-20T05:01:52.072Z - Time taken for 'createNodes:merge' 0.33370000001741573ms
[NX v22.7.8 Daemon Server] - 2026-08-20T05:01:52.072Z - Time taken for 'get-all-workspace-files' 0.02629999996861443ms
[1m[33mTime taken for 'build typescript dependencies' 1.1329000000000633ms[39m[22m
[isolated-plugin] shutting down worker for "nx/js/dependencies-and-lockfile" after createDependencies
[NX v22.7.8 Daemon Server] - 2026-08-20T05:01:52.083Z - [SYNC]: collect registered sync generators
[NX v22.7.8 Daemon Server] - 2026-08-20T05:01:52.084Z - [SYNC]: project graph hash is the same, not collecting task sync generators
[NX v22.7.8 Daemon Server] - 2026-08-20T05:01:52.084Z - [SYNC]: nx.json hash is the same, not collecting global sync generators
[NX v22.7.8 Daemon Server] - 2026-08-20T05:01:52.084Z - Time taken for 'total execution time for createProjectGraph()' 13.181899999966845ms
[NX v22.7.8 Daemon Server] - 2026-08-20T05:01:52.085Z - Time taken for 'createDependencies' 10.156199999968521ms
[NX v22.7.8 Daemon Server] - 2026-08-20T05:01:52.085Z - Time taken for 'nx/js/dependencies-and-lockfile:createDependencies' 10.019700000004377ms
[NX v22.7.8 Daemon Server] - 2026-08-20T05:01:52.085Z - Time taken for 'createMetadata' 0.013599999947473407ms
[NX v22.7.8 Daemon Server] - 2026-08-20T05:01:52.085Z - Time taken for 'serialize graph' 1.1206000000238419ms
[NX v22.7.8 Daemon Server] - 2026-08-20T05:07:21.633Z - [WATCHER]: 0 file(s) created or restored, 0 file(s) modified, 0 file(s) deleted
[NX v22.7.8 Daemon Server] - 2026-08-20T05:07:28.048Z - [REQUEST]: Updated workspace context based on watched changes, recomputing project graph...
[NX v22.7.8 Daemon Server] - 2026-08-20T05:07:28.048Z - [REQUEST]: 
[NX v22.7.8 Daemon Server] - 2026-08-20T05:07:28.048Z - [REQUEST]: 
[plugin-client] restarting worker for "nx/js/dependencies-and-lockfile"
[isolated-plugin] spawned worker for "nx/js/dependencies-and-lockfile" (pid: 14996, socket: \\.\pipe\nx\C:\Users\DHRUVM~1\AppData\Local\Temp\plugin5404-78-794871.5113.sock)
[plugin-client] restarting worker for "nx/core/package-json"
[isolated-plugin] spawned worker for "nx/core/package-json" (pid: 5504, socket: \\.\pipe\nx\C:\Users\DHRUVM~1\AppData\Local\Temp\plugin5404-79-795039.1131.sock)
[plugin-client] restarting worker for "nx/core/project-json"
[isolated-plugin] spawned worker for "nx/core/project-json" (pid: 24752, socket: \\.\pipe\nx\C:\Users\DHRUVM~1\AppData\Local\Temp\plugin5404-80-795207.6992.sock)
[NX v22.7.8 Daemon Server] - 2026-08-20T05:07:28.535Z - Time taken for 'hash changed files from watcher' 0.08589999994728714ms
[plugin-worker] "nx/js/dependencies-and-lockfile" (pid: 14996) listening on \\.\pipe\nx\C:\Users\DHRUVM~1\AppData\Local\Temp\plugin5404-78-794871.5113.sock
[isolated-plugin] connected to worker for "nx/js/dependencies-and-lockfile" (pid: 14996)
[1m[33mTime taken for 'plugin worker 14996 code loading' 276.8721ms[39m[22m
[plugin-worker] "nx/js/dependencies-and-lockfile" (pid: 14996) connected
[NX v22.7.8 Daemon Server] - 2026-08-20T05:07:28.567Z - Time taken for 'start-plugin-worker:nx/js/dependencies-and-lockfile' 515.750699999975ms
[plugin-worker] "nx/core/package-json" (pid: 5504) listening on \\.\pipe\nx\C:\Users\DHRUVM~1\AppData\Local\Temp\plugin5404-79-795039.1131.sock
[1m[33mTime taken for 'plugin worker 5504 code loading' 284.4097ms[39m[22m
[plugin-worker] "nx/js/dependencies-and-lockfile" (pid: 14996) loaded successfully
[isolated-plugin] connected to worker for "nx/core/package-json" (pid: 5504)
[NX v22.7.8 Daemon Server] - 2026-08-20T05:07:28.756Z - Time taken for 'start-plugin-worker:nx/core/package-json' 536.3304999999236ms
[plugin-worker] "nx/core/package-json" (pid: 5504) connected
[1m[33mTime taken for 'nx/js/dependencies-and-lockfile:createNodes' 4.672900000000027ms[39m[22m
[plugin-worker] "nx/core/package-json" (pid: 5504) loaded successfully
[1m[33mTime taken for 'nx/core/package-json:createNodes' 4.947000000000003ms[39m[22m
[isolated-plugin] shutting down worker for "nx/core/package-json" after createNodes
[plugin-worker] "nx/core/project-json" (pid: 24752) listening on \\.\pipe\nx\C:\Users\DHRUVM~1\AppData\Local\Temp\plugin5404-80-795207.6992.sock
[isolated-plugin] connected to worker for "nx/core/project-json" (pid: 24752)
[1m[33mTime taken for 'plugin worker 24752 code loading' 280.30080000000004ms[39m[22m
[NX v22.7.8 Daemon Server] - 2026-08-20T05:07:28.904Z - Time taken for 'start-plugin-worker:nx/core/project-json' 516.1763999999966ms
[plugin-worker] "nx/core/project-json" (pid: 24752) connected
[plugin-worker] "nx/core/project-json" (pid: 24752) loaded successfully
[1m[33mTime taken for 'nx/core/project-json:createNodes' 0.612199999999973ms[39m[22m
[isolated-plugin] shutting down worker for "nx/core/project-json" after createNodes
[NX v22.7.8 Daemon Server] - 2026-08-20T05:07:29.028Z - Time taken for 'build-project-configs' 975.1744000000181ms
[NX v22.7.8 Daemon Server] - 2026-08-20T05:07:29.028Z - Time taken for 'createNodes:merge' 0.4612999999662861ms
[NX v22.7.8 Daemon Server] - 2026-08-20T05:07:29.028Z - Time taken for 'get-all-workspace-files' 0.02830000000540167ms
[1m[33mTime taken for 'build typescript dependencies' 0.11590000000001055ms[39m[22m
[isolated-plugin] shutting down worker for "nx/js/dependencies-and-lockfile" after createDependencies
[NX v22.7.8 Daemon Server] - 2026-08-20T05:07:29.033Z - [SYNC]: collect registered sync generators
[NX v22.7.8 Daemon Server] - 2026-08-20T05:07:29.034Z - [SYNC]: project graph hash is the same, not collecting task sync generators
[NX v22.7.8 Daemon Server] - 2026-08-20T05:07:29.034Z - [SYNC]: nx.json hash is the same, not collecting global sync generators
[NX v22.7.8 Daemon Server] - 2026-08-20T05:07:29.034Z - Time taken for 'total execution time for createProjectGraph()' 7.411199999973178ms
[NX v22.7.8 Daemon Server] - 2026-08-20T05:07:29.034Z - Time taken for 'createDependencies' 5.153999999980442ms
[NX v22.7.8 Daemon Server] - 2026-08-20T05:07:29.034Z - Time taken for 'nx/js/dependencies-and-lockfile:createDependencies' 5.096000000019558ms
[NX v22.7.8 Daemon Server] - 2026-08-20T05:07:29.034Z - Time taken for 'createMetadata' 0.023300000000745058ms
[NX v22.7.8 Daemon Server] - 2026-08-20T05:07:29.034Z - Time taken for 'serialize graph' 0.40190000005532056ms
[NX v22.7.8 Daemon Server] - 2026-08-20T05:07:31.599Z - [WATCHER]: 0 file(s) created or restored, 0 file(s) modified, 0 file(s) deleted
[NX v22.7.8 Daemon Server] - 2026-08-20T05:07:35.397Z - [WATCHER]: 0 file(s) created or restored, 0 file(s) modified, 0 file(s) deleted
[NX v22.7.8 Daemon Server] - 2026-08-20T05:07:38.001Z - [REQUEST]: Updated workspace context based on watched changes, recomputing project graph...
[NX v22.7.8 Daemon Server] - 2026-08-20T05:07:38.002Z - [REQUEST]: 
[NX v22.7.8 Daemon Server] - 2026-08-20T05:07:38.002Z - [REQUEST]: 
[plugin-client] restarting worker for "nx/js/dependencies-and-lockfile"
[isolated-plugin] spawned worker for "nx/js/dependencies-and-lockfile" (pid: 24260, socket: \\.\pipe\nx\C:\Users\DHRUVM~1\AppData\Local\Temp\plugin5404-81-804823.3454.sock)
[plugin-client] restarting worker for "nx/core/package-json"
[isolated-plugin] spawned worker for "nx/core/package-json" (pid: 6728, socket: \\.\pipe\nx\C:\Users\DHRUVM~1\AppData\Local\Temp\plugin5404-82-804915.8418.sock)
[plugin-client] restarting worker for "nx/core/project-json"
[isolated-plugin] spawned worker for "nx/core/project-json" (pid: 24492, socket: \\.\pipe\nx\C:\Users\DHRUVM~1\AppData\Local\Temp\plugin5404-83-805007.3824.sock)
[NX v22.7.8 Daemon Server] - 2026-08-20T05:07:38.287Z - Time taken for 'hash changed files from watcher' 0.04629999992903322ms
[plugin-worker] "nx/js/dependencies-and-lockfile" (pid: 24260) listening on \\.\pipe\nx\C:\Users\DHRUVM~1\AppData\Local\Temp\plugin5404-81-804823.3454.sock
[isolated-plugin] connected to worker for "nx/js/dependencies-and-lockfile" (pid: 24260)
[1m[33mTime taken for 'plugin worker 24260 code loading' 264.403ms[39m[22m
[NX v22.7.8 Daemon Server] - 2026-08-20T05:07:38.432Z - Time taken for 'start-plugin-worker:nx/js/dependencies-and-lockfile' 428.5503000000026ms
[plugin-worker] "nx/js/dependencies-and-lockfile" (pid: 24260) connected
[isolated-plugin] connected to worker for "nx/core/package-json" (pid: 6728)
[plugin-worker] "nx/core/package-json" (pid: 6728) listening on \\.\pipe\nx\C:\Users\DHRUVM~1\AppData\Local\Temp\plugin5404-82-804915.8418.sock
[1m[33mTime taken for 'plugin worker 6728 code loading' 261.81850000000003ms[39m[22m
[NX v22.7.8 Daemon Server] - 2026-08-20T05:07:38.530Z - Time taken for 'start-plugin-worker:nx/core/package-json' 434.23320000001695ms
[plugin-worker] "nx/core/package-json" (pid: 6728) connected
[plugin-worker] "nx/js/dependencies-and-lockfile" (pid: 24260) loaded successfully
[1m[33mTime taken for 'nx/js/dependencies-and-lockfile:createNodes' 4.199300000000051ms[39m[22m
[plugin-worker] "nx/core/project-json" (pid: 24492) listening on \\.\pipe\nx\C:\Users\DHRUVM~1\AppData\Local\Temp\plugin5404-83-805007.3824.sock
[isolated-plugin] connected to worker for "nx/core/project-json" (pid: 24492)
[1m[33mTime taken for 'plugin worker 24492 code loading' 248.53669999999997ms[39m[22m
[NX v22.7.8 Daemon Server] - 2026-08-20T05:07:38.622Z - Time taken for 'start-plugin-worker:nx/core/project-json' 434.2476000000024ms
[plugin-worker] "nx/core/project-json" (pid: 24492) connected
[plugin-worker] "nx/core/package-json" (pid: 6728) loaded successfully
[1m[33mTime taken for 'nx/core/package-json:createNodes' 4.649900000000002ms[39m[22m
[isolated-plugin] shutting down worker for "nx/core/package-json" after createNodes
[plugin-worker] "nx/core/project-json" (pid: 24492) loaded successfully
[1m[33mTime taken for 'nx/core/project-json:createNodes' 0.5492000000000417ms[39m[22m
[isolated-plugin] shutting down worker for "nx/core/project-json" after createNodes
[NX v22.7.8 Daemon Server] - 2026-08-20T05:07:38.739Z - Time taken for 'build-project-configs' 733.8111999999965ms
[NX v22.7.8 Daemon Server] - 2026-08-20T05:07:38.739Z - Time taken for 'createNodes:merge' 0.20529999991413206ms
[NX v22.7.8 Daemon Server] - 2026-08-20T05:07:38.739Z - Time taken for 'get-all-workspace-files' 0.019099999917671084ms
[1m[33mTime taken for 'build typescript dependencies' 0.10180000000002565ms[39m[22m
[isolated-plugin] shutting down worker for "nx/js/dependencies-and-lockfile" after createDependencies
[NX v22.7.8 Daemon Server] - 2026-08-20T05:07:38.743Z - [SYNC]: collect registered sync generators
[NX v22.7.8 Daemon Server] - 2026-08-20T05:07:38.744Z - [SYNC]: project graph hash is the same, not collecting task sync generators
[NX v22.7.8 Daemon Server] - 2026-08-20T05:07:38.744Z - [SYNC]: nx.json hash is the same, not collecting global sync generators
[NX v22.7.8 Daemon Server] - 2026-08-20T05:07:38.744Z - Time taken for 'total execution time for createProjectGraph()' 6.427800000063144ms
[NX v22.7.8 Daemon Server] - 2026-08-20T05:07:38.744Z - Time taken for 'createDependencies' 4.564699999988079ms
[NX v22.7.8 Daemon Server] - 2026-08-20T05:07:38.744Z - Time taken for 'nx/js/dependencies-and-lockfile:createDependencies' 4.518999999971129ms
[NX v22.7.8 Daemon Server] - 2026-08-20T05:07:38.744Z - Time taken for 'createMetadata' 0.004399999976158142ms
[NX v22.7.8 Daemon Server] - 2026-08-20T05:07:38.744Z - Time taken for 'serialize graph' 0.39830000000074506ms
[NX v22.7.8 Daemon Server] - 2026-08-20T05:07:40.996Z - [WATCHER]: 0 file(s) created or restored, 0 file(s) modified, 0 file(s) deleted
[NX v22.7.8 Daemon Server] - 2026-08-20T05:07:47.404Z - [REQUEST]: Updated workspace context based on watched changes, recomputing project graph...
[NX v22.7.8 Daemon Server] - 2026-08-20T05:07:47.405Z - [REQUEST]: 
[NX v22.7.8 Daemon Server] - 2026-08-20T05:07:47.405Z - [REQUEST]: 
[plugin-client] restarting worker for "nx/js/dependencies-and-lockfile"
[isolated-plugin] spawned worker for "nx/js/dependencies-and-lockfile" (pid: 25632, socket: \\.\pipe\nx\C:\Users\DHRUVM~1\AppData\Local\Temp\plugin5404-84-814226.9218.sock)
[plugin-client] restarting worker for "nx/core/package-json"
[isolated-plugin] spawned worker for "nx/core/package-json" (pid: 25776, socket: \\.\pipe\nx\C:\Users\DHRUVM~1\AppData\Local\Temp\plugin5404-85-814317.9269.sock)
[plugin-client] restarting worker for "nx/core/project-json"
[isolated-plugin] spawned worker for "nx/core/project-json" (pid: 22552, socket: \\.\pipe\nx\C:\Users\DHRUVM~1\AppData\Local\Temp\plugin5404-86-814411.3202.sock)
[NX v22.7.8 Daemon Server] - 2026-08-20T05:07:47.689Z - [WATCHER]: 0 file(s) created or restored, 0 file(s) modified, 0 file(s) deleted
[NX v22.7.8 Daemon Server] - 2026-08-20T05:07:47.690Z - Time taken for 'hash changed files from watcher' 0.06720000004861504ms
[plugin-worker] "nx/js/dependencies-and-lockfile" (pid: 25632) listening on \\.\pipe\nx\C:\Users\DHRUVM~1\AppData\Local\Temp\plugin5404-84-814226.9218.sock
[isolated-plugin] connected to worker for "nx/js/dependencies-and-lockfile" (pid: 25632)
[1m[33mTime taken for 'plugin worker 25632 code loading' 269.26210000000003ms[39m[22m
[NX v22.7.8 Daemon Server] - 2026-08-20T05:07:47.843Z - Time taken for 'start-plugin-worker:nx/js/dependencies-and-lockfile' 435.9476999999024ms
[plugin-worker] "nx/js/dependencies-and-lockfile" (pid: 25632) connected
[plugin-worker] "nx/core/package-json" (pid: 25776) listening on \\.\pipe\nx\C:\Users\DHRUVM~1\AppData\Local\Temp\plugin5404-85-814317.9269.sock
[1m[33mTime taken for 'plugin worker 25776 code loading' 257.6487ms[39m[22m
[isolated-plugin] connected to worker for "nx/core/package-json" (pid: 25776)
[NX v22.7.8 Daemon Server] - 2026-08-20T05:07:47.941Z - Time taken for 'start-plugin-worker:nx/core/package-json' 442.8641999999527ms
[plugin-worker] "nx/core/package-json" (pid: 25776) connected
[plugin-worker] "nx/js/dependencies-and-lockfile" (pid: 25632) loaded successfully
[1m[33mTime taken for 'nx/js/dependencies-and-lockfile:createNodes' 4.167100000000005ms[39m[22m
[plugin-worker] "nx/core/project-json" (pid: 22552) listening on \\.\pipe\nx\C:\Users\DHRUVM~1\AppData\Local\Temp\plugin5404-86-814411.3202.sock
[1m[33mTime taken for 'plugin worker 22552 code loading' 253.73850000000002ms[39m[22m
[isolated-plugin] connected to worker for "nx/core/project-json" (pid: 22552)
[NX v22.7.8 Daemon Server] - 2026-08-20T05:07:48.036Z - Time taken for 'start-plugin-worker:nx/core/project-json' 444.4097999999067ms
[plugin-worker] "nx/core/project-json" (pid: 22552) connected
[plugin-worker] "nx/core/package-json" (pid: 25776) loaded successfully
[1m[33mTime taken for 'nx/core/package-json:createNodes' 4.472100000000012ms[39m[22m
[isolated-plugin] shutting down worker for "nx/core/package-json" after createNodes
[plugin-worker] "nx/core/project-json" (pid: 22552) loaded successfully
[1m[33mTime taken for 'nx/core/project-json:createNodes' 0.5423000000000116ms[39m[22m
[isolated-plugin] shutting down worker for "nx/core/project-json" after createNodes
[NX v22.7.8 Daemon Server] - 2026-08-20T05:07:48.155Z - Time taken for 'build-project-configs' 745.9361999999965ms
[NX v22.7.8 Daemon Server] - 2026-08-20T05:07:48.155Z - Time taken for 'createNodes:merge' 0.1964000000152737ms
[NX v22.7.8 Daemon Server] - 2026-08-20T05:07:48.155Z - Time taken for 'get-all-workspace-files' 0.018099999986588955ms
[1m[33mTime taken for 'build typescript dependencies' 0.10539999999991778ms[39m[22m
[isolated-plugin] shutting down worker for "nx/js/dependencies-and-lockfile" after createDependencies
[NX v22.7.8 Daemon Server] - 2026-08-20T05:07:48.159Z - [SYNC]: collect registered sync generators
[NX v22.7.8 Daemon Server] - 2026-08-20T05:07:48.160Z - [SYNC]: project graph hash is the same, not collecting task sync generators
[NX v22.7.8 Daemon Server] - 2026-08-20T05:07:48.160Z - [SYNC]: nx.json hash is the same, not collecting global sync generators
[NX v22.7.8 Daemon Server] - 2026-08-20T05:07:48.160Z - Time taken for 'total execution time for createProjectGraph()' 6.510000000009313ms
[NX v22.7.8 Daemon Server] - 2026-08-20T05:07:48.160Z - Time taken for 'createDependencies' 4.651300000026822ms
[NX v22.7.8 Daemon Server] - 2026-08-20T05:07:48.160Z - Time taken for 'nx/js/dependencies-and-lockfile:createDependencies' 4.602100000018254ms
[NX v22.7.8 Daemon Server] - 2026-08-20T05:07:48.160Z - Time taken for 'createMetadata' 0.004200000083073974ms
[NX v22.7.8 Daemon Server] - 2026-08-20T05:07:48.160Z - Time taken for 'serialize graph' 0.4028000000398606ms
[NX v22.7.8 Daemon Server] - 2026-08-20T05:07:54.104Z - [REQUEST]: Updated workspace context based on watched changes, recomputing project graph...
[NX v22.7.8 Daemon Server] - 2026-08-20T05:07:54.105Z - [REQUEST]: 
[NX v22.7.8 Daemon Server] - 2026-08-20T05:07:54.105Z - [REQUEST]: 
[plugin-client] restarting worker for "nx/js/dependencies-and-lockfile"
[isolated-plugin] spawned worker for "nx/js/dependencies-and-lockfile" (pid: 7396, socket: \\.\pipe\nx\C:\Users\DHRUVM~1\AppData\Local\Temp\plugin5404-87-820926.1975.sock)
[plugin-client] restarting worker for "nx/core/package-json"
[isolated-plugin] spawned worker for "nx/core/package-json" (pid: 3024, socket: \\.\pipe\nx\C:\Users\DHRUVM~1\AppData\Local\Temp\plugin5404-88-821104.596.sock)
[plugin-client] restarting worker for "nx/core/project-json"
[isolated-plugin] spawned worker for "nx/core/project-json" (pid: 5420, socket: \\.\pipe\nx\C:\Users\DHRUVM~1\AppData\Local\Temp\plugin5404-89-821279.0134.sock)
[NX v22.7.8 Daemon Server] - 2026-08-20T05:07:54.605Z - Time taken for 'hash changed files from watcher' 0.09640000003855675ms
[plugin-worker] "nx/js/dependencies-and-lockfile" (pid: 7396) listening on \\.\pipe\nx\C:\Users\DHRUVM~1\AppData\Local\Temp\plugin5404-87-820926.1975.sock
[1m[33mTime taken for 'plugin worker 7396 code loading' 253.15370000000001ms[39m[22m
[isolated-plugin] connected to worker for "nx/js/dependencies-and-lockfile" (pid: 7396)
[plugin-worker] "nx/js/dependencies-and-lockfile" (pid: 7396) connected
[NX v22.7.8 Daemon Server] - 2026-08-20T05:07:54.631Z - Time taken for 'start-plugin-worker:nx/js/dependencies-and-lockfile' 524.1752000000561ms
[plugin-worker] "nx/js/dependencies-and-lockfile" (pid: 7396) loaded successfully
[1m[33mTime taken for 'nx/js/dependencies-and-lockfile:createNodes' 4.418000000000006ms[39m[22m
[plugin-worker] "nx/core/package-json" (pid: 3024) listening on \\.\pipe\nx\C:\Users\DHRUVM~1\AppData\Local\Temp\plugin5404-88-821104.596.sock
[isolated-plugin] connected to worker for "nx/core/package-json" (pid: 3024)
[1m[33mTime taken for 'plugin worker 3024 code loading' 255.1004ms[39m[22m
[NX v22.7.8 Daemon Server] - 2026-08-20T05:07:54.789Z - Time taken for 'start-plugin-worker:nx/core/package-json' 504.6696000000229ms
[plugin-worker] "nx/core/package-json" (pid: 3024) connected
[plugin-worker] "nx/core/package-json" (pid: 3024) loaded successfully
[1m[33mTime taken for 'nx/core/package-json:createNodes' 5.039899999999989ms[39m[22m
[isolated-plugin] shutting down worker for "nx/core/package-json" after createNodes
[plugin-worker] "nx/core/project-json" (pid: 5420) listening on \\.\pipe\nx\C:\Users\DHRUVM~1\AppData\Local\Temp\plugin5404-89-821279.0134.sock
[1m[33mTime taken for 'plugin worker 5420 code loading' 254.4477ms[39m[22m
[isolated-plugin] connected to worker for "nx/core/project-json" (pid: 5420)
[plugin-worker] "nx/core/project-json" (pid: 5420) connected
[NX v22.7.8 Daemon Server] - 2026-08-20T05:07:54.941Z - Time taken for 'start-plugin-worker:nx/core/project-json' 481.8366999999853ms
[plugin-worker] "nx/core/project-json" (pid: 5420) loaded successfully
[1m[33mTime taken for 'nx/core/project-json:createNodes' 0.5538999999999987ms[39m[22m
[isolated-plugin] shutting down worker for "nx/core/project-json" after createNodes
[NX v22.7.8 Daemon Server] - 2026-08-20T05:07:55.062Z - Time taken for 'build-project-configs' 953.9352000000654ms
[NX v22.7.8 Daemon Server] - 2026-08-20T05:07:55.063Z - Time taken for 'createNodes:merge' 0.2662000000709668ms
[NX v22.7.8 Daemon Server] - 2026-08-20T05:07:55.063Z - Time taken for 'get-all-workspace-files' 0.02569999999832362ms
[isolated-plugin] shutting down worker for "nx/js/dependencies-and-lockfile" after createDependencies
[NX v22.7.8 Daemon Server] - 2026-08-20T05:07:55.069Z - [SYNC]: collect registered sync generators
[NX v22.7.8 Daemon Server] - 2026-08-20T05:07:55.070Z - [SYNC]: project graph hash is the same, not collecting task sync generators
[NX v22.7.8 Daemon Server] - 2026-08-20T05:07:55.070Z - [SYNC]: nx.json hash is the same, not collecting global sync generators
[NX v22.7.8 Daemon Server] - 2026-08-20T05:07:55.070Z - Time taken for 'total execution time for createProjectGraph()' 8.840599999995902ms
[NX v22.7.8 Daemon Server] - 2026-08-20T05:07:55.070Z - Time taken for 'createDependencies' 6.468299999949522ms
[NX v22.7.8 Daemon Server] - 2026-08-20T05:07:55.070Z - Time taken for 'nx/js/dependencies-and-lockfile:createDependencies' 6.37699999997858ms
[NX v22.7.8 Daemon Server] - 2026-08-20T05:07:55.070Z - Time taken for 'createMetadata' 0.007799999904818833ms
[NX v22.7.8 Daemon Server] - 2026-08-20T05:07:55.070Z - Time taken for 'serialize graph' 0.608100000070408ms
[NX v22.7.8 Daemon Server] - 2026-08-20T05:07:55.882Z - [WATCHER]: 0 file(s) created or restored, 0 file(s) modified, 0 file(s) deleted
[NX v22.7.8 Daemon Server] - 2026-08-20T05:07:57.596Z - [WATCHER]: 0 file(s) created or restored, 0 file(s) modified, 0 file(s) deleted
[NX v22.7.8 Daemon Server] - 2026-08-20T05:08:02.273Z - [WATCHER]: libs/productization/src/types.ts was created or restored
[NX v22.7.8 Daemon Server] - 2026-08-20T05:08:02.274Z - [WATCHER]: File changes detected:
Created:
  - libs/productization/src/types.ts
Updated:
(none)
Deleted:
(none)
[NX v22.7.8 Daemon Server] - 2026-08-20T05:08:02.274Z - [SYNC]: clearing sync generators cache due to file changes
[NX v22.7.8 Daemon Server] - 2026-08-20T05:08:02.274Z - [WATCHER]: Processing file changes in outputs
[NX v22.7.8 Daemon Server] - 2026-08-20T05:08:02.288Z - [REQUEST]: Updated workspace context based on watched changes, recomputing project graph...
[NX v22.7.8 Daemon Server] - 2026-08-20T05:08:02.288Z - [REQUEST]: libs/productization/src/types.ts
[NX v22.7.8 Daemon Server] - 2026-08-20T05:08:02.288Z - [REQUEST]: 
[plugin-client] restarting worker for "nx/js/dependencies-and-lockfile"
[isolated-plugin] spawned worker for "nx/js/dependencies-and-lockfile" (pid: 3624, socket: \\.\pipe\nx\C:\Users\DHRUVM~1\AppData\Local\Temp\plugin5404-90-829110.1391.sock)
[plugin-client] restarting worker for "nx/core/package-json"
[isolated-plugin] spawned worker for "nx/core/package-json" (pid: 26520, socket: \\.\pipe\nx\C:\Users\DHRUVM~1\AppData\Local\Temp\plugin5404-91-829425.1248.sock)
[plugin-client] restarting worker for "nx/core/project-json"
[isolated-plugin] spawned worker for "nx/core/project-json" (pid: 7488, socket: \\.\pipe\nx\C:\Users\DHRUVM~1\AppData\Local\Temp\plugin5404-92-829524.8486.sock)
[NX v22.7.8 Daemon Server] - 2026-08-20T05:08:02.820Z - [WATCHER]: 0 file(s) created or restored, 0 file(s) modified, 0 file(s) deleted
[NX v22.7.8 Daemon Server] - 2026-08-20T05:08:02.820Z - Time taken for 'hash changed files from watcher' 0.5116000000853091ms
[plugin-worker] "nx/js/dependencies-and-lockfile" (pid: 3624) listening on \\.\pipe\nx\C:\Users\DHRUVM~1\AppData\Local\Temp\plugin5404-90-829110.1391.sock
[isolated-plugin] connected to worker for "nx/js/dependencies-and-lockfile" (pid: 3624)
[NX v22.7.8 Daemon Server] - 2026-08-20T05:08:02.994Z - Time taken for 'start-plugin-worker:nx/js/dependencies-and-lockfile' 704.0212000000756ms
[plugin-worker] "nx/js/dependencies-and-lockfile" (pid: 3624) connected
[1m[33mTime taken for 'plugin worker 3624 code loading' 312.3514ms[39m[22m
[NX v22.7.8 Daemon Server] - 2026-08-20T05:08:03.031Z - [REQUEST]: Updated workspace context based on watched changes, recomputing project graph...
[NX v22.7.8 Daemon Server] - 2026-08-20T05:08:03.031Z - [REQUEST]: libs/productization/src/types.ts
[NX v22.7.8 Daemon Server] - 2026-08-20T05:08:03.031Z - [REQUEST]: 
[NX v22.7.8 Daemon Server] - 2026-08-20T05:08:03.032Z - Time taken for 'hash changed files from watcher' 0.37599999993108213ms
[plugin-worker] "nx/core/package-json" (pid: 26520) listening on \\.\pipe\nx\C:\Users\DHRUVM~1\AppData\Local\Temp\plugin5404-91-829425.1248.sock
[isolated-plugin] connected to worker for "nx/core/package-json" (pid: 26520)
[1m[33mTime taken for 'plugin worker 26520 code loading' 297.13649999999996ms[39m[22m
[NX v22.7.8 Daemon Server] - 2026-08-20T05:08:03.099Z - Time taken for 'start-plugin-worker:nx/core/package-json' 494.0642999999691ms
[plugin-worker] "nx/core/package-json" (pid: 26520) connected
[plugin-worker] "nx/js/dependencies-and-lockfile" (pid: 3624) loaded successfully
[1m[33mTime taken for 'nx/js/dependencies-and-lockfile:createNodes' 3.494100000000003ms[39m[22m
[1m[33mTime taken for 'nx/js/dependencies-and-lockfile:createNodes' 3.5942999999999756ms[39m[22m
[plugin-worker] "nx/core/project-json" (pid: 7488) listening on \\.\pipe\nx\C:\Users\DHRUVM~1\AppData\Local\Temp\plugin5404-92-829524.8486.sock
[1m[33mTime taken for 'plugin worker 7488 code loading' 276.9198ms[39m[22m
[isolated-plugin] connected to worker for "nx/core/project-json" (pid: 7488)
[NX v22.7.8 Daemon Server] - 2026-08-20T05:08:03.192Z - Time taken for 'start-plugin-worker:nx/core/project-json' 487.8491999999387ms
[plugin-worker] "nx/core/project-json" (pid: 7488) connected
[plugin-worker] "nx/core/package-json" (pid: 26520) loaded successfully
[1m[33mTime taken for 'nx/core/package-json:createNodes' 1.6861000000000104ms[39m[22m
[1m[33mTime taken for 'nx/core/package-json:createNodes' 1.7783999999999764ms[39m[22m
[isolated-plugin] shutting down worker for "nx/core/package-json" after createNodes
[plugin-worker] "nx/core/project-json" (pid: 7488) loaded successfully
[1m[33mTime taken for 'nx/core/project-json:createNodes' 0.47939999999999827ms[39m[22m
[1m[33mTime taken for 'nx/core/project-json:createNodes' 0.5558999999999514ms[39m[22m
[isolated-plugin] shutting down worker for "nx/core/project-json" after createNodes
[NX v22.7.8 Daemon Server] - 2026-08-20T05:08:03.320Z - Time taken for 'build-project-configs' 285.5333999999566ms
[NX v22.7.8 Daemon Server] - 2026-08-20T05:08:03.320Z - Time taken for 'build-project-configs' 285.6846999999834ms
[NX v22.7.8 Daemon Server] - 2026-08-20T05:08:03.320Z - Time taken for 'createNodes:merge' 0.25780000002123415ms
[NX v22.7.8 Daemon Server] - 2026-08-20T05:08:03.320Z - Time taken for 'createNodes:merge' 0.1391000000294298ms
[NX v22.7.8 Daemon Server] - 2026-08-20T05:08:03.320Z - Time taken for 'get-all-workspace-files' 0.021100000012665987ms
[1m[33mTime taken for 'build typescript dependencies' 0.10340000000007876ms[39m[22m
[isolated-plugin] shutting down worker for "nx/js/dependencies-and-lockfile" after createDependencies
[NX v22.7.8 Daemon Server] - 2026-08-20T05:08:03.326Z - [SYNC]: collect registered sync generators
[NX v22.7.8 Daemon Server] - 2026-08-20T05:08:03.326Z - [SYNC]: project graph hash is the same, not collecting task sync generators
[NX v22.7.8 Daemon Server] - 2026-08-20T05:08:03.326Z - [SYNC]: nx.json hash is the same, not collecting global sync generators
[NX v22.7.8 Daemon Server] - 2026-08-20T05:08:03.326Z - [SYNC]: collect registered sync generators
[NX v22.7.8 Daemon Server] - 2026-08-20T05:08:03.327Z - [SYNC]: project graph hash is the same, not collecting task sync generators
[NX v22.7.8 Daemon Server] - 2026-08-20T05:08:03.327Z - [SYNC]: nx.json hash is the same, not collecting global sync generators
[NX v22.7.8 Daemon Server] - 2026-08-20T05:08:03.327Z - Time taken for 'total execution time for createProjectGraph()' 8.048699999926612ms
[NX v22.7.8 Daemon Server] - 2026-08-20T05:08:03.327Z - Time taken for 'createDependencies' 6.195400000084192ms
[NX v22.7.8 Daemon Server] - 2026-08-20T05:08:03.327Z - Time taken for 'nx/js/dependencies-and-lockfile:createDependencies' 6.149699999950826ms
[NX v22.7.8 Daemon Server] - 2026-08-20T05:08:03.327Z - Time taken for 'createMetadata' 0.004399999976158142ms
[NX v22.7.8 Daemon Server] - 2026-08-20T05:08:03.327Z - Time taken for 'serialize graph' 0.3440999999875203ms
[NX v22.7.8 Daemon Server] - 2026-08-20T05:08:15.450Z - [WATCHER]: Processing file changes in outputs
[NX v22.7.8 Daemon Server] - 2026-08-20T05:08:15.451Z - [WATCHER]: libs/productization/src/config.ts was created or restored
[NX v22.7.8 Daemon Server] - 2026-08-20T05:08:15.451Z - [WATCHER]: File changes detected:
Created:
  - libs/productization/src/config.ts
Updated:
(none)
Deleted:
(none)
[NX v22.7.8 Daemon Server] - 2026-08-20T05:08:15.451Z - [SYNC]: clearing sync generators cache due to file changes
[NX v22.7.8 Daemon Server] - 2026-08-20T05:08:15.564Z - [REQUEST]: Updated workspace context based on watched changes, recomputing project graph...
[NX v22.7.8 Daemon Server] - 2026-08-20T05:08:15.564Z - [REQUEST]: libs/productization/src/config.ts
[NX v22.7.8 Daemon Server] - 2026-08-20T05:08:15.564Z - [REQUEST]: 
[plugin-client] restarting worker for "nx/js/dependencies-and-lockfile"
[isolated-plugin] spawned worker for "nx/js/dependencies-and-lockfile" (pid: 25148, socket: \\.\pipe\nx\C:\Users\DHRUVM~1\AppData\Local\Temp\plugin5404-93-842386.3069.sock)
[plugin-client] restarting worker for "nx/core/package-json"
[isolated-plugin] spawned worker for "nx/core/package-json" (pid: 24420, socket: \\.\pipe\nx\C:\Users\DHRUVM~1\AppData\Local\Temp\plugin5404-94-842596.3085.sock)
[plugin-client] restarting worker for "nx/core/project-json"
[isolated-plugin] spawned worker for "nx/core/project-json" (pid: 17596, socket: \\.\pipe\nx\C:\Users\DHRUVM~1\AppData\Local\Temp\plugin5404-95-842746.7015.sock)
[NX v22.7.8 Daemon Server] - 2026-08-20T05:08:16.107Z - Time taken for 'hash changed files from watcher' 0.6075999999884516ms
[plugin-worker] "nx/js/dependencies-and-lockfile" (pid: 25148) listening on \\.\pipe\nx\C:\Users\DHRUVM~1\AppData\Local\Temp\plugin5404-93-842386.3069.sock
[isolated-plugin] connected to worker for "nx/js/dependencies-and-lockfile" (pid: 25148)
[1m[33mTime taken for 'plugin worker 25148 code loading' 337.2902ms[39m[22m
[NX v22.7.8 Daemon Server] - 2026-08-20T05:08:16.213Z - Time taken for 'start-plugin-worker:nx/js/dependencies-and-lockfile' 646.4899999999907ms
[plugin-worker] "nx/js/dependencies-and-lockfile" (pid: 25148) connected
[plugin-worker] "nx/core/package-json" (pid: 24420) listening on \\.\pipe\nx\C:\Users\DHRUVM~1\AppData\Local\Temp\plugin5404-94-842596.3085.sock
[1m[33mTime taken for 'plugin worker 24420 code loading' 283.1492ms[39m[22m
[isolated-plugin] connected to worker for "nx/core/package-json" (pid: 24420)
[NX v22.7.8 Daemon Server] - 2026-08-20T05:08:16.348Z - Time taken for 'start-plugin-worker:nx/core/package-json' 571.5653000000166ms
[plugin-worker] "nx/core/package-json" (pid: 24420) connected
[plugin-worker] "nx/js/dependencies-and-lockfile" (pid: 25148) loaded successfully
[1m[33mTime taken for 'nx/js/dependencies-and-lockfile:createNodes' 3.9131999999999607ms[39m[22m
[plugin-worker] "nx/core/project-json" (pid: 17596) listening on \\.\pipe\nx\C:\Users\DHRUVM~1\AppData\Local\Temp\plugin5404-95-842746.7015.sock
[isolated-plugin] connected to worker for "nx/core/project-json" (pid: 17596)
[1m[33mTime taken for 'plugin worker 17596 code loading' 264.4742ms[39m[22m
[NX v22.7.8 Daemon Server] - 2026-08-20T05:08:16.464Z - Time taken for 'start-plugin-worker:nx/core/project-json' 537.4554000000935ms
[plugin-worker] "nx/core/project-json" (pid: 17596) connected
[plugin-worker] "nx/core/package-json" (pid: 24420) loaded successfully
[isolated-plugin] shutting down worker for "nx/core/package-json" after createNodes
[plugin-worker] "nx/core/project-json" (pid: 17596) loaded successfully
[1m[33mTime taken for 'nx/core/project-json:createNodes' 0.607400000000041ms[39m[22m
[isolated-plugin] shutting down worker for "nx/core/project-json" after createNodes
[NX v22.7.8 Daemon Server] - 2026-08-20T05:08:16.588Z - Time taken for 'build-project-configs' 1019.4176999999909ms
[NX v22.7.8 Daemon Server] - 2026-08-20T05:08:16.588Z - Time taken for 'createNodes:merge' 0.32370000006631017ms
[NX v22.7.8 Daemon Server] - 2026-08-20T05:08:16.588Z - Time taken for 'get-all-workspace-files' 0.0328999999910593ms
[1m[33mTime taken for 'build typescript dependencies' 0.10419999999999163ms[39m[22m
[isolated-plugin] shutting down worker for "nx/js/dependencies-and-lockfile" after createDependencies
[NX v22.7.8 Daemon Server] - 2026-08-20T05:08:16.594Z - [SYNC]: collect registered sync generators
[NX v22.7.8 Daemon Server] - 2026-08-20T05:08:16.594Z - [SYNC]: project graph hash is the same, not collecting task sync generators
[NX v22.7.8 Daemon Server] - 2026-08-20T05:08:16.594Z - [SYNC]: nx.json hash is the same, not collecting global sync generators
[NX v22.7.8 Daemon Server] - 2026-08-20T05:08:16.595Z - Time taken for 'total execution time for createProjectGraph()' 8.191300000064075ms
[NX v22.7.8 Daemon Server] - 2026-08-20T05:08:16.595Z - Time taken for 'createDependencies' 5.266500000027008ms
[NX v22.7.8 Daemon Server] - 2026-08-20T05:08:16.595Z - Time taken for 'nx/js/dependencies-and-lockfile:createDependencies' 5.191499999957159ms
[NX v22.7.8 Daemon Server] - 2026-08-20T05:08:16.595Z - Time taken for 'createMetadata' 0.007800000021234155ms
[NX v22.7.8 Daemon Server] - 2026-08-20T05:08:16.595Z - Time taken for 'serialize graph' 0.567600000067614ms
[NX v22.7.8 Daemon Server] - 2026-08-20T05:08:26.830Z - [WATCHER]: libs/productization/src/config.ts was modified
[NX v22.7.8 Daemon Server] - 2026-08-20T05:08:26.830Z - [WATCHER]: File changes detected:
Created:
(none)
Updated:
  - libs/productization/src/config.ts
Deleted:
(none)
[NX v22.7.8 Daemon Server] - 2026-08-20T05:08:26.830Z - [SYNC]: clearing sync generators cache due to file changes
[NX v22.7.8 Daemon Server] - 2026-08-20T05:08:26.830Z - [WATCHER]: Processing file changes in outputs
[NX v22.7.8 Daemon Server] - 2026-08-20T05:08:27.032Z - [REQUEST]: Updated workspace context based on watched changes, recomputing project graph...
[NX v22.7.8 Daemon Server] - 2026-08-20T05:08:27.032Z - [REQUEST]: libs/productization/src/config.ts
[NX v22.7.8 Daemon Server] - 2026-08-20T05:08:27.032Z - [REQUEST]: 
[plugin-client] restarting worker for "nx/js/dependencies-and-lockfile"
[isolated-plugin] spawned worker for "nx/js/dependencies-and-lockfile" (pid: 25424, socket: \\.\pipe\nx\C:\Users\DHRUVM~1\AppData\Local\Temp\plugin5404-96-853853.4536.sock)
[plugin-client] restarting worker for "nx/core/package-json"
[isolated-plugin] spawned worker for "nx/core/package-json" (pid: 25356, socket: \\.\pipe\nx\C:\Users\DHRUVM~1\AppData\Local\Temp\plugin5404-97-853943.4681.sock)
[plugin-client] restarting worker for "nx/core/project-json"
[isolated-plugin] spawned worker for "nx/core/project-json" (pid: 21884, socket: \\.\pipe\nx\C:\Users\DHRUVM~1\AppData\Local\Temp\plugin5404-98-854049.0953.sock)
[NX v22.7.8 Daemon Server] - 2026-08-20T05:08:27.329Z - Time taken for 'hash changed files from watcher' 0.42599999997764826ms
[plugin-worker] "nx/js/dependencies-and-lockfile" (pid: 25424) listening on \\.\pipe\nx\C:\Users\DHRUVM~1\AppData\Local\Temp\plugin5404-96-853853.4536.sock
[isolated-plugin] connected to worker for "nx/js/dependencies-and-lockfile" (pid: 25424)
[1m[33mTime taken for 'plugin worker 25424 code loading' 264.4159ms[39m[22m
[NX v22.7.8 Daemon Server] - 2026-08-20T05:08:27.481Z - Time taken for 'start-plugin-worker:nx/js/dependencies-and-lockfile' 447.38179999997374ms
[plugin-worker] "nx/js/dependencies-and-lockfile" (pid: 25424) connected
[plugin-worker] "nx/core/package-json" (pid: 25356) listening on \\.\pipe\nx\C:\Users\DHRUVM~1\AppData\Local\Temp\plugin5404-97-853943.4681.sock
[1m[33mTime taken for 'plugin worker 25356 code loading' 275.18409999999994ms[39m[22m
[isolated-plugin] connected to worker for "nx/core/package-json" (pid: 25356)
[NX v22.7.8 Daemon Server] - 2026-08-20T05:08:27.597Z - Time taken for 'start-plugin-worker:nx/core/package-json' 473.19530000002123ms
[plugin-worker] "nx/core/package-json" (pid: 25356) connected
[plugin-worker] "nx/js/dependencies-and-lockfile" (pid: 25424) loaded successfully
[1m[33mTime taken for 'nx/js/dependencies-and-lockfile:createNodes' 6.4375ms[39m[22m
[plugin-worker] "nx/core/project-json" (pid: 21884) listening on \\.\pipe\nx\C:\Users\DHRUVM~1\AppData\Local\Temp\plugin5404-98-854049.0953.sock
[1m[33mTime taken for 'plugin worker 21884 code loading' 259.8583ms[39m[22m
[isolated-plugin] connected to worker for "nx/core/project-json" (pid: 21884)
[NX v22.7.8 Daemon Server] - 2026-08-20T05:08:27.681Z - Time taken for 'start-plugin-worker:nx/core/project-json' 451.3476999999257ms
[plugin-worker] "nx/core/project-json" (pid: 21884) connected
[plugin-worker] "nx/core/package-json" (pid: 25356) loaded successfully
[1m[33mTime taken for 'nx/core/package-json:createNodes' 5.050899999999956ms[39m[22m
[isolated-plugin] shutting down worker for "nx/core/package-json" after createNodes
[plugin-worker] "nx/core/project-json" (pid: 21884) loaded successfully
[1m[33mTime taken for 'nx/core/project-json:createNodes' 0.6256999999999948ms[39m[22m
[isolated-plugin] shutting down worker for "nx/core/project-json" after createNodes
[NX v22.7.8 Daemon Server] - 2026-08-20T05:08:27.800Z - Time taken for 'build-project-configs' 764.2526000000071ms
[NX v22.7.8 Daemon Server] - 2026-08-20T05:08:27.800Z - Time taken for 'createNodes:merge' 0.23389999999199063ms
[NX v22.7.8 Daemon Server] - 2026-08-20T05:08:27.800Z - Time taken for 'get-all-workspace-files' 0.02350000001024455ms
[1m[33mTime taken for 'build typescript dependencies' 0.10939999999993688ms[39m[22m
[isolated-plugin] shutting down worker for "nx/js/dependencies-and-lockfile" after createDependencies
[NX v22.7.8 Daemon Server] - 2026-08-20T05:08:27.807Z - [SYNC]: collect registered sync generators
[NX v22.7.8 Daemon Server] - 2026-08-20T05:08:27.807Z - [SYNC]: project graph hash is the same, not collecting task sync generators
[NX v22.7.8 Daemon Server] - 2026-08-20T05:08:27.807Z - [SYNC]: nx.json hash is the same, not collecting global sync generators
[NX v22.7.8 Daemon Server] - 2026-08-20T05:08:27.807Z - Time taken for 'total execution time for createProjectGraph()' 8.68819999997504ms
[NX v22.7.8 Daemon Server] - 2026-08-20T05:08:27.807Z - Time taken for 'createDependencies' 6.548999999999069ms
[NX v22.7.8 Daemon Server] - 2026-08-20T05:08:27.807Z - Time taken for 'nx/js/dependencies-and-lockfile:createDependencies' 6.489799999981187ms
[NX v22.7.8 Daemon Server] - 2026-08-20T05:08:27.807Z - Time taken for 'createMetadata' 0.005200000014156103ms
[NX v22.7.8 Daemon Server] - 2026-08-20T05:08:27.807Z - Time taken for 'serialize graph' 0.4011000000173226ms
[NX v22.7.8 Daemon Server] - 2026-08-20T05:08:29.800Z - [WATCHER]: Processing file changes in outputs
[NX v22.7.8 Daemon Server] - 2026-08-20T05:08:29.800Z - [WATCHER]: libs/productization/src/types.ts was modified
[NX v22.7.8 Daemon Server] - 2026-08-20T05:08:29.800Z - [WATCHER]: File changes detected:
Created:
(none)
Updated:
  - libs/productization/src/types.ts
Deleted:
(none)
[NX v22.7.8 Daemon Server] - 2026-08-20T05:08:29.800Z - [SYNC]: clearing sync generators cache due to file changes
[NX v22.7.8 Daemon Server] - 2026-08-20T05:08:30.202Z - [REQUEST]: Updated workspace context based on watched changes, recomputing project graph...
[NX v22.7.8 Daemon Server] - 2026-08-20T05:08:30.202Z - [REQUEST]: libs/productization/src/types.ts
[NX v22.7.8 Daemon Server] - 2026-08-20T05:08:30.202Z - [REQUEST]: 
[plugin-client] restarting worker for "nx/js/dependencies-and-lockfile"
[isolated-plugin] spawned worker for "nx/js/dependencies-and-lockfile" (pid: 26156, socket: \\.\pipe\nx\C:\Users\DHRUVM~1\AppData\Local\Temp\plugin5404-99-857023.8027.sock)
[plugin-client] restarting worker for "nx/core/package-json"
[isolated-plugin] spawned worker for "nx/core/package-json" (pid: 1512, socket: \\.\pipe\nx\C:\Users\DHRUVM~1\AppData\Local\Temp\plugin5404-100-857131.4459.sock)
[plugin-client] restarting worker for "nx/core/project-json"
[isolated-plugin] spawned worker for "nx/core/project-json" (pid: 24312, socket: \\.\pipe\nx\C:\Users\DHRUVM~1\AppData\Local\Temp\plugin5404-101-857288.5626.sock)
[NX v22.7.8 Daemon Server] - 2026-08-20T05:08:30.622Z - Time taken for 'hash changed files from watcher' 0.5812000000150874ms
[plugin-worker] "nx/js/dependencies-and-lockfile" (pid: 26156) listening on \\.\pipe\nx\C:\Users\DHRUVM~1\AppData\Local\Temp\plugin5404-99-857023.8027.sock
[isolated-plugin] connected to worker for "nx/js/dependencies-and-lockfile" (pid: 26156)
[1m[33mTime taken for 'plugin worker 26156 code loading' 267.947ms[39m[22m
[NX v22.7.8 Daemon Server] - 2026-08-20T05:08:30.666Z - Time taken for 'start-plugin-worker:nx/js/dependencies-and-lockfile' 461.4435999999987ms
[plugin-worker] "nx/js/dependencies-and-lockfile" (pid: 26156) connected
[plugin-worker] "nx/js/dependencies-and-lockfile" (pid: 26156) loaded successfully
[plugin-worker] "nx/core/package-json" (pid: 1512) listening on \\.\pipe\nx\C:\Users\DHRUVM~1\AppData\Local\Temp\plugin5404-100-857131.4459.sock
[1m[33mTime taken for 'plugin worker 1512 code loading' 273.95570000000004ms[39m[22m
[1m[33mTime taken for 'nx/js/dependencies-and-lockfile:createNodes' 3.9009000000000356ms[39m[22m
[isolated-plugin] connected to worker for "nx/core/package-json" (pid: 1512)
[NX v22.7.8 Daemon Server] - 2026-08-20T05:08:30.830Z - Time taken for 'start-plugin-worker:nx/core/package-json' 518.577900000033ms
[plugin-worker] "nx/core/package-json" (pid: 1512) connected
[plugin-worker] "nx/core/package-json" (pid: 1512) loaded successfully
[1m[33mTime taken for 'nx/core/package-json:createNodes' 4.425400000000025ms[39m[22m
[isolated-plugin] shutting down worker for "nx/core/package-json" after createNodes
[plugin-worker] "nx/core/project-json" (pid: 24312) listening on \\.\pipe\nx\C:\Users\DHRUVM~1\AppData\Local\Temp\plugin5404-101-857288.5626.sock
[1m[33mTime taken for 'plugin worker 24312 code loading' 256.56809999999996ms[39m[22m
[isolated-plugin] connected to worker for "nx/core/project-json" (pid: 24312)
[NX v22.7.8 Daemon Server] - 2026-08-20T05:08:30.964Z - Time taken for 'start-plugin-worker:nx/core/project-json' 495.58950000000186ms
[plugin-worker] "nx/core/project-json" (pid: 24312) connected
[plugin-worker] "nx/core/project-json" (pid: 24312) loaded successfully
[1m[33mTime taken for 'nx/core/project-json:createNodes' 1.148300000000006ms[39m[22m
[isolated-plugin] shutting down worker for "nx/core/project-json" after createNodes
[NX v22.7.8 Daemon Server] - 2026-08-20T05:08:31.089Z - Time taken for 'build-project-configs' 881.0609000000404ms
[NX v22.7.8 Daemon Server] - 2026-08-20T05:08:31.089Z - Time taken for 'createNodes:merge' 0.5776000000769272ms
[NX v22.7.8 Daemon Server] - 2026-08-20T05:08:31.089Z - Time taken for 'get-all-workspace-files' 0.05260000005364418ms
[isolated-plugin] shutting down worker for "nx/js/dependencies-and-lockfile" after createDependencies
[NX v22.7.8 Daemon Server] - 2026-08-20T05:08:31.096Z - [SYNC]: collect registered sync generators
[NX v22.7.8 Daemon Server] - 2026-08-20T05:08:31.097Z - [SYNC]: project graph hash is the same, not collecting task sync generators
[NX v22.7.8 Daemon Server] - 2026-08-20T05:08:31.097Z - [SYNC]: nx.json hash is the same, not collecting global sync generators
[NX v22.7.8 Daemon Server] - 2026-08-20T05:08:31.097Z - Time taken for 'total execution time for createProjectGraph()' 11.028500000014901ms
[NX v22.7.8 Daemon Server] - 2026-08-20T05:08:31.097Z - Time taken for 'createDependencies' 7.622099999920465ms
[NX v22.7.8 Daemon Server] - 2026-08-20T05:08:31.097Z - Time taken for 'nx/js/dependencies-and-lockfile:createDependencies' 7.520699999993667ms
[NX v22.7.8 Daemon Server] - 2026-08-20T05:08:31.097Z - Time taken for 'createMetadata' 0.008000000030733645ms
[NX v22.7.8 Daemon Server] - 2026-08-20T05:08:31.097Z - Time taken for 'serialize graph' 0.5692999999737367ms
[NX v22.7.8 Daemon Server] - 2026-08-20T05:09:23.232Z - [WATCHER]: Processing file changes in outputs
[NX v22.7.8 Daemon Server] - 2026-08-20T05:09:23.232Z - [WATCHER]: libs/productization/src/config.ts was modified
[NX v22.7.8 Daemon Server] - 2026-08-20T05:09:23.232Z - [WATCHER]: File changes detected:
Created:
(none)
Updated:
  - libs/productization/src/config.ts
Deleted:
(none)
[NX v22.7.8 Daemon Server] - 2026-08-20T05:09:23.232Z - [SYNC]: clearing sync generators cache due to file changes
[NX v22.7.8 Daemon Server] - 2026-08-20T05:09:24.040Z - [REQUEST]: Updated workspace context based on watched changes, recomputing project graph...
[NX v22.7.8 Daemon Server] - 2026-08-20T05:09:24.040Z - [REQUEST]: libs/productization/src/config.ts
[NX v22.7.8 Daemon Server] - 2026-08-20T05:09:24.040Z - [REQUEST]: 
[plugin-client] restarting worker for "nx/js/dependencies-and-lockfile"
[isolated-plugin] spawned worker for "nx/js/dependencies-and-lockfile" (pid: 25828, socket: \\.\pipe\nx\C:\Users\DHRUVM~1\AppData\Local\Temp\plugin5404-102-910861.9098.sock)
[plugin-client] restarting worker for "nx/core/package-json"
[isolated-plugin] spawned worker for "nx/core/package-json" (pid: 19832, socket: \\.\pipe\nx\C:\Users\DHRUVM~1\AppData\Local\Temp\plugin5404-103-910950.4533.sock)
[plugin-client] restarting worker for "nx/core/project-json"
[isolated-plugin] spawned worker for "nx/core/project-json" (pid: 15012, socket: \\.\pipe\nx\C:\Users\DHRUVM~1\AppData\Local\Temp\plugin5404-104-911044.0991.sock)
[NX v22.7.8 Daemon Server] - 2026-08-20T05:09:24.328Z - Time taken for 'hash changed files from watcher' 0.46260000008624047ms
[plugin-worker] "nx/js/dependencies-and-lockfile" (pid: 25828) listening on \\.\pipe\nx\C:\Users\DHRUVM~1\AppData\Local\Temp\plugin5404-102-910861.9098.sock
[isolated-plugin] connected to worker for "nx/js/dependencies-and-lockfile" (pid: 25828)
[1m[33mTime taken for 'plugin worker 25828 code loading' 258.4292ms[39m[22m
[plugin-worker] "nx/js/dependencies-and-lockfile" (pid: 25828) connected
[NX v22.7.8 Daemon Server] - 2026-08-20T05:09:24.461Z - Time taken for 'start-plugin-worker:nx/js/dependencies-and-lockfile' 419.0722000000533ms
[NX v22.7.8 Daemon Server] - 2026-08-20T05:09:24.481Z - [WATCHER]: Processing file changes in outputs
[NX v22.7.8 Daemon Server] - 2026-08-20T05:09:24.481Z - [WATCHER]: libs/productization/src/config.ts was modified
[NX v22.7.8 Daemon Server] - 2026-08-20T05:09:24.481Z - [WATCHER]: File changes detected:
Created:
(none)
Updated:
  - libs/productization/src/config.ts
Deleted:
(none)
[NX v22.7.8 Daemon Server] - 2026-08-20T05:09:24.481Z - [SYNC]: clearing sync generators cache due to file changes
[plugin-worker] "nx/core/package-json" (pid: 19832) listening on \\.\pipe\nx\C:\Users\DHRUVM~1\AppData\Local\Temp\plugin5404-103-910950.4533.sock
[1m[33mTime taken for 'plugin worker 19832 code loading' 260.4875ms[39m[22m
[isolated-plugin] connected to worker for "nx/core/package-json" (pid: 19832)
[NX v22.7.8 Daemon Server] - 2026-08-20T05:09:24.580Z - Time taken for 'start-plugin-worker:nx/core/package-json' 449.3416000000434ms
[plugin-worker] "nx/core/package-json" (pid: 19832) connected
[plugin-worker] "nx/js/dependencies-and-lockfile" (pid: 25828) loaded successfully
[1m[33mTime taken for 'nx/js/dependencies-and-lockfile:createNodes' 4.427900000000022ms[39m[22m
[plugin-worker] "nx/core/project-json" (pid: 15012) listening on \\.\pipe\nx\C:\Users\DHRUVM~1\AppData\Local\Temp\plugin5404-104-911044.0991.sock
[isolated-plugin] connected to worker for "nx/core/project-json" (pid: 15012)
[1m[33mTime taken for 'plugin worker 15012 code loading' 252.5868ms[39m[22m
[NX v22.7.8 Daemon Server] - 2026-08-20T05:09:24.659Z - Time taken for 'start-plugin-worker:nx/core/project-json' 434.6337000000058ms
[plugin-worker] "nx/core/project-json" (pid: 15012) connected
[plugin-worker] "nx/core/package-json" (pid: 19832) loaded successfully
[1m[33mTime taken for 'nx/core/package-json:createNodes' 4.552900000000022ms[39m[22m
[isolated-plugin] shutting down worker for "nx/core/package-json" after createNodes
[plugin-worker] "nx/core/project-json" (pid: 15012) loaded successfully
[1m[33mTime taken for 'nx/core/project-json:createNodes' 0.5937999999999874ms[39m[22m
[isolated-plugin] shutting down worker for "nx/core/project-json" after createNodes
[NX v22.7.8 Daemon Server] - 2026-08-20T05:09:24.776Z - Time taken for 'build-project-configs' 732.3046000000322ms
[NX v22.7.8 Daemon Server] - 2026-08-20T05:09:24.776Z - Time taken for 'createNodes:merge' 0.2306999999564141ms
[NX v22.7.8 Daemon Server] - 2026-08-20T05:09:24.776Z - Time taken for 'get-all-workspace-files' 0.023799999966286123ms
[1m[33mTime taken for 'build typescript dependencies' 0.10160000000007585ms[39m[22m
[isolated-plugin] shutting down worker for "nx/js/dependencies-and-lockfile" after createDependencies
[NX v22.7.8 Daemon Server] - 2026-08-20T05:09:24.783Z - [SYNC]: collect registered sync generators
[NX v22.7.8 Daemon Server] - 2026-08-20T05:09:24.783Z - [SYNC]: project graph hash is the same, not collecting task sync generators
[NX v22.7.8 Daemon Server] - 2026-08-20T05:09:24.783Z - [SYNC]: nx.json hash is the same, not collecting global sync generators
[NX v22.7.8 Daemon Server] - 2026-08-20T05:09:24.783Z - Time taken for 'total execution time for createProjectGraph()' 8.04639999999199ms
[NX v22.7.8 Daemon Server] - 2026-08-20T05:09:24.783Z - Time taken for 'createDependencies' 6.213299999944866ms
[NX v22.7.8 Daemon Server] - 2026-08-20T05:09:24.783Z - Time taken for 'nx/js/dependencies-and-lockfile:createDependencies' 6.160300000105053ms
[NX v22.7.8 Daemon Server] - 2026-08-20T05:09:24.783Z - Time taken for 'createMetadata' 0.005000000004656613ms
[NX v22.7.8 Daemon Server] - 2026-08-20T05:09:24.783Z - Time taken for 'serialize graph' 0.4059999999590218ms
[NX v22.7.8 Daemon Server] - 2026-08-20T05:09:26.083Z - [REQUEST]: Updated workspace context based on watched changes, recomputing project graph...
[NX v22.7.8 Daemon Server] - 2026-08-20T05:09:26.083Z - [REQUEST]: libs/productization/src/config.ts
[NX v22.7.8 Daemon Server] - 2026-08-20T05:09:26.083Z - [REQUEST]: 
[plugin-client] restarting worker for "nx/js/dependencies-and-lockfile"
[isolated-plugin] spawned worker for "nx/js/dependencies-and-lockfile" (pid: 3796, socket: \\.\pipe\nx\C:\Users\DHRUVM~1\AppData\Local\Temp\plugin5404-105-912904.0886.sock)
[plugin-client] restarting worker for "nx/core/package-json"
[isolated-plugin] spawned worker for "nx/core/package-json" (pid: 6596, socket: \\.\pipe\nx\C:\Users\DHRUVM~1\AppData\Local\Temp\plugin5404-106-912995.0053.sock)
[plugin-client] restarting worker for "nx/core/project-json"
[isolated-plugin] spawned worker for "nx/core/project-json" (pid: 24836, socket: \\.\pipe\nx\C:\Users\DHRUVM~1\AppData\Local\Temp\plugin5404-107-913089.6068.sock)
[NX v22.7.8 Daemon Server] - 2026-08-20T05:09:26.373Z - Time taken for 'hash changed files from watcher' 0.3331000000471249ms
[plugin-worker] "nx/js/dependencies-and-lockfile" (pid: 3796) listening on \\.\pipe\nx\C:\Users\DHRUVM~1\AppData\Local\Temp\plugin5404-105-912904.0886.sock
[1m[33mTime taken for 'plugin worker 3796 code loading' 260.2874ms[39m[22m
[isolated-plugin] connected to worker for "nx/js/dependencies-and-lockfile" (pid: 3796)
[NX v22.7.8 Daemon Server] - 2026-08-20T05:09:26.509Z - Time taken for 'start-plugin-worker:nx/js/dependencies-and-lockfile' 424.80019999993965ms
[plugin-worker] "nx/js/dependencies-and-lockfile" (pid: 3796) connected
[plugin-worker] "nx/core/package-json" (pid: 6596) listening on \\.\pipe\nx\C:\Users\DHRUVM~1\AppData\Local\Temp\plugin5404-106-912995.0053.sock
[isolated-plugin] connected to worker for "nx/core/package-json" (pid: 6596)
[NX v22.7.8 Daemon Server] - 2026-08-20T05:09:26.612Z - Time taken for 'start-plugin-worker:nx/core/package-json' 436.17460000002757ms
[1m[33mTime taken for 'plugin worker 6596 code loading' 266.4364ms[39m[22m
[plugin-worker] "nx/core/package-json" (pid: 6596) connected
[plugin-worker] "nx/js/dependencies-and-lockfile" (pid: 3796) loaded successfully
[1m[33mTime taken for 'nx/js/dependencies-and-lockfile:createNodes' 4.033199999999965ms[39m[22m
[isolated-plugin] connected to worker for "nx/core/project-json" (pid: 24836)
[plugin-worker] "nx/core/project-json" (pid: 24836) listening on \\.\pipe\nx\C:\Users\DHRUVM~1\AppData\Local\Temp\plugin5404-107-913089.6068.sock
[NX v22.7.8 Daemon Server] - 2026-08-20T05:09:26.715Z - Time taken for 'start-plugin-worker:nx/core/project-json' 444.73910000000615ms
[plugin-worker] "nx/core/project-json" (pid: 24836) connected
[1m[33mTime taken for 'plugin worker 24836 code loading' 262.77439999999996ms[39m[22m
[plugin-worker] "nx/core/package-json" (pid: 6596) loaded successfully
[1m[33mTime taken for 'nx/core/package-json:createNodes' 4.425299999999993ms[39m[22m
[isolated-plugin] shutting down worker for "nx/core/package-json" after createNodes
[plugin-worker] "nx/core/project-json" (pid: 24836) loaded successfully
[1m[33mTime taken for 'nx/core/project-json:createNodes' 0.5360000000000014ms[39m[22m
[isolated-plugin] shutting down worker for "nx/core/project-json" after createNodes
[NX v22.7.8 Daemon Server] - 2026-08-20T05:09:26.831Z - Time taken for 'build-project-configs' 747.155299999984ms
[NX v22.7.8 Daemon Server] - 2026-08-20T05:09:26.831Z - Time taken for 'createNodes:merge' 0.18210000009275973ms
[NX v22.7.8 Daemon Server] - 2026-08-20T05:09:26.831Z - Time taken for 'get-all-workspace-files' 0.019899999955669045ms
[1m[33mTime taken for 'build typescript dependencies' 0.1028999999999769ms[39m[22m
[isolated-plugin] shutting down worker for "nx/js/dependencies-and-lockfile" after createDependencies
[NX v22.7.8 Daemon Server] - 2026-08-20T05:09:26.836Z - [SYNC]: collect registered sync generators
[NX v22.7.8 Daemon Server] - 2026-08-20T05:09:26.836Z - [SYNC]: project graph hash is the same, not collecting task sync generators
[NX v22.7.8 Daemon Server] - 2026-08-20T05:09:26.836Z - [SYNC]: nx.json hash is the same, not collecting global sync generators
[NX v22.7.8 Daemon Server] - 2026-08-20T05:09:26.836Z - Time taken for 'total execution time for createProjectGraph()' 6.122700000065379ms
[NX v22.7.8 Daemon Server] - 2026-08-20T05:09:26.836Z - Time taken for 'createDependencies' 4.46840000001248ms
[NX v22.7.8 Daemon Server] - 2026-08-20T05:09:26.836Z - Time taken for 'nx/js/dependencies-and-lockfile:createDependencies' 4.428599999984726ms
[NX v22.7.8 Daemon Server] - 2026-08-20T05:09:26.836Z - Time taken for 'createMetadata' 0.004100000020116568ms
[NX v22.7.8 Daemon Server] - 2026-08-20T05:09:26.836Z - Time taken for 'serialize graph' 0.33620000001974404ms
[NX v22.7.8 Daemon Server] - 2026-08-20T05:11:14.148Z - [WATCHER]: libs/productization/src/ProductizationProvider.tsx was created or restored
[NX v22.7.8 Daemon Server] - 2026-08-20T05:11:14.148Z - [WATCHER]: File changes detected:
Created:
  - libs/productization/src/ProductizationProvider.tsx
Updated:
(none)
Deleted:
(none)
[NX v22.7.8 Daemon Server] - 2026-08-20T05:11:14.148Z - [SYNC]: clearing sync generators cache due to file changes
[NX v22.7.8 Daemon Server] - 2026-08-20T05:11:14.148Z - [WATCHER]: Processing file changes in outputs
[NX v22.7.8 Daemon Server] - 2026-08-20T05:11:14.263Z - [REQUEST]: Updated workspace context based on watched changes, recomputing project graph...
[NX v22.7.8 Daemon Server] - 2026-08-20T05:11:14.263Z - [REQUEST]: libs/productization/src/ProductizationProvider.tsx
[NX v22.7.8 Daemon Server] - 2026-08-20T05:11:14.263Z - [REQUEST]: 
[plugin-client] restarting worker for "nx/js/dependencies-and-lockfile"
[isolated-plugin] spawned worker for "nx/js/dependencies-and-lockfile" (pid: 26232, socket: \\.\pipe\nx\C:\Users\DHRUVM~1\AppData\Local\Temp\plugin5404-108-1021084.6989.sock)
[plugin-client] restarting worker for "nx/core/package-json"
[isolated-plugin] spawned worker for "nx/core/package-json" (pid: 10432, socket: \\.\pipe\nx\C:\Users\DHRUVM~1\AppData\Local\Temp\plugin5404-109-1021298.2532.sock)
[plugin-client] restarting worker for "nx/core/project-json"
[isolated-plugin] spawned worker for "nx/core/project-json" (pid: 23988, socket: \\.\pipe\nx\C:\Users\DHRUVM~1\AppData\Local\Temp\plugin5404-110-1021402.768.sock)
[NX v22.7.8 Daemon Server] - 2026-08-20T05:11:14.692Z - Time taken for 'hash changed files from watcher' 0.8125ms
[plugin-worker] "nx/js/dependencies-and-lockfile" (pid: 26232) listening on \\.\pipe\nx\C:\Users\DHRUVM~1\AppData\Local\Temp\plugin5404-108-1021084.6989.sock
[1m[33mTime taken for 'plugin worker 26232 code loading' 280.3904ms[39m[22m
[isolated-plugin] connected to worker for "nx/js/dependencies-and-lockfile" (pid: 26232)
[NX v22.7.8 Daemon Server] - 2026-08-20T05:11:14.863Z - Time taken for 'start-plugin-worker:nx/js/dependencies-and-lockfile' 597.7679000000935ms
[plugin-worker] "nx/js/dependencies-and-lockfile" (pid: 26232) connected
[plugin-worker] "nx/core/package-json" (pid: 10432) listening on \\.\pipe\nx\C:\Users\DHRUVM~1\AppData\Local\Temp\plugin5404-109-1021298.2532.sock
[1m[33mTime taken for 'plugin worker 10432 code loading' 267.65ms[39m[22m
[isolated-plugin] connected to worker for "nx/core/package-json" (pid: 10432)
[NX v22.7.8 Daemon Server] - 2026-08-20T05:11:14.945Z - Time taken for 'start-plugin-worker:nx/core/package-json' 466.20509999990463ms
[plugin-worker] "nx/core/package-json" (pid: 10432) connected
[plugin-worker] "nx/js/dependencies-and-lockfile" (pid: 26232) loaded successfully
[1m[33mTime taken for 'nx/js/dependencies-and-lockfile:createNodes' 4.2053000000000225ms[39m[22m
[plugin-worker] "nx/core/project-json" (pid: 23988) listening on \\.\pipe\nx\C:\Users\DHRUVM~1\AppData\Local\Temp\plugin5404-110-1021402.768.sock
[1m[33mTime taken for 'plugin worker 23988 code loading' 260.4397ms[39m[22m
[isolated-plugin] connected to worker for "nx/core/project-json" (pid: 23988)
[NX v22.7.8 Daemon Server] - 2026-08-20T05:11:15.045Z - Time taken for 'start-plugin-worker:nx/core/project-json' 461.74300000001676ms
[plugin-worker] "nx/core/project-json" (pid: 23988) connected
[plugin-worker] "nx/core/package-json" (pid: 10432) loaded successfully
[1m[33mTime taken for 'nx/core/package-json:createNodes' 4.7789000000000215ms[39m[22m
[isolated-plugin] shutting down worker for "nx/core/package-json" after createNodes
[plugin-worker] "nx/core/project-json" (pid: 23988) loaded successfully
[1m[33mTime taken for 'nx/core/project-json:createNodes' 0.5669000000000324ms[39m[22m
[isolated-plugin] shutting down worker for "nx/core/project-json" after createNodes
[NX v22.7.8 Daemon Server] - 2026-08-20T05:11:15.163Z - Time taken for 'build-project-configs' 896.8721999999834ms
[NX v22.7.8 Daemon Server] - 2026-08-20T05:11:15.163Z - Time taken for 'createNodes:merge' 0.23770000005606562ms
[NX v22.7.8 Daemon Server] - 2026-08-20T05:11:15.163Z - Time taken for 'get-all-workspace-files' 0.026599999982863665ms
[1m[33mTime taken for 'build typescript dependencies' 0.12920000000008258ms[39m[22m
[isolated-plugin] shutting down worker for "nx/js/dependencies-and-lockfile" after createDependencies
[NX v22.7.8 Daemon Server] - 2026-08-20T05:11:15.169Z - [SYNC]: collect registered sync generators
[NX v22.7.8 Daemon Server] - 2026-08-20T05:11:15.169Z - [SYNC]: project graph hash is the same, not collecting task sync generators
[NX v22.7.8 Daemon Server] - 2026-08-20T05:11:15.169Z - [SYNC]: nx.json hash is the same, not collecting global sync generators
[NX v22.7.8 Daemon Server] - 2026-08-20T05:11:15.169Z - Time taken for 'total execution time for createProjectGraph()' 7.319600000046194ms
[NX v22.7.8 Daemon Server] - 2026-08-20T05:11:15.169Z - Time taken for 'createDependencies' 5.316699999966659ms
[NX v22.7.8 Daemon Server] - 2026-08-20T05:11:15.169Z - Time taken for 'nx/js/dependencies-and-lockfile:createDependencies' 5.261100000003353ms
[NX v22.7.8 Daemon Server] - 2026-08-20T05:11:15.169Z - Time taken for 'createMetadata' 0.004900000058114529ms
[NX v22.7.8 Daemon Server] - 2026-08-20T05:11:15.169Z - Time taken for 'serialize graph' 0.40870000002905726ms
[NX v22.7.8 Daemon Server] - 2026-08-20T05:11:20.327Z - [WATCHER]: Processing file changes in outputs
[NX v22.7.8 Daemon Server] - 2026-08-20T05:11:20.328Z - [WATCHER]: libs/productization/src/ProductizationProvider.tsx was modified
[NX v22.7.8 Daemon Server] - 2026-08-20T05:11:20.328Z - [WATCHER]: File changes detected:
Created:
(none)
Updated:
  - libs/productization/src/ProductizationProvider.tsx
Deleted:
(none)
[NX v22.7.8 Daemon Server] - 2026-08-20T05:11:20.328Z - [SYNC]: clearing sync generators cache due to file changes
[NX v22.7.8 Daemon Server] - 2026-08-20T05:11:20.529Z - [REQUEST]: Updated workspace context based on watched changes, recomputing project graph...
[NX v22.7.8 Daemon Server] - 2026-08-20T05:11:20.529Z - [REQUEST]: libs/productization/src/ProductizationProvider.tsx
[NX v22.7.8 Daemon Server] - 2026-08-20T05:11:20.529Z - [REQUEST]: 
[plugin-client] restarting worker for "nx/js/dependencies-and-lockfile"
[isolated-plugin] spawned worker for "nx/js/dependencies-and-lockfile" (pid: 26444, socket: \\.\pipe\nx\C:\Users\DHRUVM~1\AppData\Local\Temp\plugin5404-111-1027350.4797.sock)
[plugin-client] restarting worker for "nx/core/package-json"
[isolated-plugin] spawned worker for "nx/core/package-json" (pid: 22336, socket: \\.\pipe\nx\C:\Users\DHRUVM~1\AppData\Local\Temp\plugin5404-112-1027443.4664.sock)
[plugin-client] restarting worker for "nx/core/project-json"
[isolated-plugin] spawned worker for "nx/core/project-json" (pid: 12488, socket: \\.\pipe\nx\C:\Users\DHRUVM~1\AppData\Local\Temp\plugin5404-113-1027540.9039.sock)
[NX v22.7.8 Daemon Server] - 2026-08-20T05:11:20.824Z - Time taken for 'hash changed files from watcher' 0.2878999999957159ms
[plugin-worker] "nx/js/dependencies-and-lockfile" (pid: 26444) listening on \\.\pipe\nx\C:\Users\DHRUVM~1\AppData\Local\Temp\plugin5404-111-1027350.4797.sock
[1m[33mTime taken for 'plugin worker 26444 code loading' 283.5367ms[39m[22m
[isolated-plugin] connected to worker for "nx/js/dependencies-and-lockfile" (pid: 26444)
[NX v22.7.8 Daemon Server] - 2026-08-20T05:11:20.995Z - Time taken for 'start-plugin-worker:nx/js/dependencies-and-lockfile' 464.20940000005066ms
[plugin-worker] "nx/js/dependencies-and-lockfile" (pid: 26444) connected
[plugin-worker] "nx/core/package-json" (pid: 22336) listening on \\.\pipe\nx\C:\Users\DHRUVM~1\AppData\Local\Temp\plugin5404-112-1027443.4664.sock
[1m[33mTime taken for 'plugin worker 22336 code loading' 277.0996ms[39m[22m
[isolated-plugin] connected to worker for "nx/core/package-json" (pid: 22336)
[NX v22.7.8 Daemon Server] - 2026-08-20T05:11:21.095Z - Time taken for 'start-plugin-worker:nx/core/package-json' 470.7844000000041ms
[plugin-worker] "nx/core/package-json" (pid: 22336) connected
[plugin-worker] "nx/js/dependencies-and-lockfile" (pid: 26444) loaded successfully
[1m[33mTime taken for 'nx/js/dependencies-and-lockfile:createNodes' 4.556499999999971ms[39m[22m
[plugin-worker] "nx/core/project-json" (pid: 12488) listening on \\.\pipe\nx\C:\Users\DHRUVM~1\AppData\Local\Temp\plugin5404-113-1027540.9039.sock
[1m[33mTime taken for 'plugin worker 12488 code loading' 257.28520000000003ms[39m[22m
[isolated-plugin] connected to worker for "nx/core/project-json" (pid: 12488)
[NX v22.7.8 Daemon Server] - 2026-08-20T05:11:21.175Z - Time taken for 'start-plugin-worker:nx/core/project-json' 453.8551999999909ms
[plugin-worker] "nx/core/project-json" (pid: 12488) connected
[plugin-worker] "nx/core/package-json" (pid: 22336) loaded successfully
[1m[33mTime taken for 'nx/core/package-json:createNodes' 4.508700000000033ms[39m[22m
[isolated-plugin] shutting down worker for "nx/core/package-json" after createNodes
[plugin-worker] "nx/core/project-json" (pid: 12488) loaded successfully
[1m[33mTime taken for 'nx/core/project-json:createNodes' 1.0067000000000235ms[39m[22m
[isolated-plugin] shutting down worker for "nx/core/project-json" after createNodes
[NX v22.7.8 Daemon Server] - 2026-08-20T05:11:21.297Z - Time taken for 'build-project-configs' 764.6765000000596ms
[NX v22.7.8 Daemon Server] - 2026-08-20T05:11:21.297Z - Time taken for 'createNodes:merge' 0.21979999996256083ms
[NX v22.7.8 Daemon Server] - 2026-08-20T05:11:21.297Z - Time taken for 'get-all-workspace-files' 0.02139999996870756ms
[1m[33mTime taken for 'build typescript dependencies' 0.11940000000004147ms[39m[22m
[isolated-plugin] shutting down worker for "nx/js/dependencies-and-lockfile" after createDependencies
[NX v22.7.8 Daemon Server] - 2026-08-20T05:11:21.302Z - [SYNC]: collect registered sync generators
[NX v22.7.8 Daemon Server] - 2026-08-20T05:11:21.303Z - [SYNC]: project graph hash is the same, not collecting task sync generators
[NX v22.7.8 Daemon Server] - 2026-08-20T05:11:21.303Z - [SYNC]: nx.json hash is the same, not collecting global sync generators
[NX v22.7.8 Daemon Server] - 2026-08-20T05:11:21.303Z - Time taken for 'total execution time for createProjectGraph()' 6.994300000020303ms
[NX v22.7.8 Daemon Server] - 2026-08-20T05:11:21.303Z - Time taken for 'createDependencies' 5.128399999928661ms
[NX v22.7.8 Daemon Server] - 2026-08-20T05:11:21.303Z - Time taken for 'nx/js/dependencies-and-lockfile:createDependencies' 5.0816999999806285ms
[NX v22.7.8 Daemon Server] - 2026-08-20T05:11:21.303Z - Time taken for 'createMetadata' 0.004199999966658652ms
[NX v22.7.8 Daemon Server] - 2026-08-20T05:11:21.303Z - Time taken for 'serialize graph' 0.393999999971129ms
[NX v22.7.8 Daemon Server] - 2026-08-20T05:11:21.715Z - [WATCHER]: libs/productization/src/ProductizationProvider.tsx was modified
[NX v22.7.8 Daemon Server] - 2026-08-20T05:11:21.715Z - [WATCHER]: File changes detected:
Created:
(none)
Updated:
  - libs/productization/src/ProductizationProvider.tsx
Deleted:
(none)
[NX v22.7.8 Daemon Server] - 2026-08-20T05:11:21.715Z - [SYNC]: clearing sync generators cache due to file changes
[NX v22.7.8 Daemon Server] - 2026-08-20T05:11:21.715Z - [WATCHER]: Processing file changes in outputs
[NX v22.7.8 Daemon Server] - 2026-08-20T05:11:22.126Z - [REQUEST]: Updated workspace context based on watched changes, recomputing project graph...
[NX v22.7.8 Daemon Server] - 2026-08-20T05:11:22.126Z - [REQUEST]: libs/productization/src/ProductizationProvider.tsx
[NX v22.7.8 Daemon Server] - 2026-08-20T05:11:22.126Z - [REQUEST]: 
[plugin-client] restarting worker for "nx/js/dependencies-and-lockfile"
[isolated-plugin] spawned worker for "nx/js/dependencies-and-lockfile" (pid: 18916, socket: \\.\pipe\nx\C:\Users\DHRUVM~1\AppData\Local\Temp\plugin5404-114-1028947.2608.sock)
[plugin-client] restarting worker for "nx/core/package-json"
[isolated-plugin] spawned worker for "nx/core/package-json" (pid: 23396, socket: \\.\pipe\nx\C:\Users\DHRUVM~1\AppData\Local\Temp\plugin5404-115-1029036.6113.sock)
[plugin-client] restarting worker for "nx/core/project-json"
[isolated-plugin] spawned worker for "nx/core/project-json" (pid: 7660, socket: \\.\pipe\nx\C:\Users\DHRUVM~1\AppData\Local\Temp\plugin5404-116-1029128.5261.sock)
[NX v22.7.8 Daemon Server] - 2026-08-20T05:11:22.410Z - Time taken for 'hash changed files from watcher' 0.29260000004433095ms
[plugin-worker] "nx/js/dependencies-and-lockfile" (pid: 18916) listening on \\.\pipe\nx\C:\Users\DHRUVM~1\AppData\Local\Temp\plugin5404-114-1028947.2608.sock
[1m[33mTime taken for 'plugin worker 18916 code loading' 259.4291ms[39m[22m
[isolated-plugin] connected to worker for "nx/js/dependencies-and-lockfile" (pid: 18916)
[NX v22.7.8 Daemon Server] - 2026-08-20T05:11:22.560Z - Time taken for 'start-plugin-worker:nx/js/dependencies-and-lockfile' 432.4372999999905ms
[plugin-worker] "nx/js/dependencies-and-lockfile" (pid: 18916) connected
[plugin-worker] "nx/core/package-json" (pid: 23396) listening on \\.\pipe\nx\C:\Users\DHRUVM~1\AppData\Local\Temp\plugin5404-115-1029036.6113.sock
[isolated-plugin] connected to worker for "nx/core/package-json" (pid: 23396)
[1m[33mTime taken for 'plugin worker 23396 code loading' 245.55310000000003ms[39m[22m
[NX v22.7.8 Daemon Server] - 2026-08-20T05:11:22.639Z - Time taken for 'start-plugin-worker:nx/core/package-json' 421.7820000000065ms
[plugin-worker] "nx/core/package-json" (pid: 23396) connected
[plugin-worker] "nx/js/dependencies-and-lockfile" (pid: 18916) loaded successfully
[1m[33mTime taken for 'nx/js/dependencies-and-lockfile:createNodes' 4.0049999999999955ms[39m[22m
[plugin-worker] "nx/core/project-json" (pid: 7660) listening on \\.\pipe\nx\C:\Users\DHRUVM~1\AppData\Local\Temp\plugin5404-116-1029128.5261.sock
[1m[33mTime taken for 'plugin worker 7660 code loading' 249.43019999999999ms[39m[22m
[isolated-plugin] connected to worker for "nx/core/project-json" (pid: 7660)
[NX v22.7.8 Daemon Server] - 2026-08-20T05:11:22.745Z - Time taken for 'start-plugin-worker:nx/core/project-json' 436.3375000000233ms
[plugin-worker] "nx/core/project-json" (pid: 7660) connected
[plugin-worker] "nx/core/package-json" (pid: 23396) loaded successfully
[1m[33mTime taken for 'nx/core/package-json:createNodes' 5.429899999999975ms[39m[22m
[isolated-plugin] shutting down worker for "nx/core/package-json" after createNodes
[plugin-worker] "nx/core/project-json" (pid: 7660) loaded successfully
[1m[33mTime taken for 'nx/core/project-json:createNodes' 0.6519999999999868ms[39m[22m
[isolated-plugin] shutting down worker for "nx/core/project-json" after createNodes
[NX v22.7.8 Daemon Server] - 2026-08-20T05:11:22.871Z - Time taken for 'build-project-configs' 740.7317000000039ms
[NX v22.7.8 Daemon Server] - 2026-08-20T05:11:22.871Z - Time taken for 'createNodes:merge' 0.208199999993667ms
[NX v22.7.8 Daemon Server] - 2026-08-20T05:11:22.871Z - Time taken for 'get-all-workspace-files' 0.022200000006705523ms
[1m[33mTime taken for 'build typescript dependencies' 0.12339999999994689ms[39m[22m
[isolated-plugin] shutting down worker for "nx/js/dependencies-and-lockfile" after createDependencies
[NX v22.7.8 Daemon Server] - 2026-08-20T05:11:22.877Z - [SYNC]: collect registered sync generators
[NX v22.7.8 Daemon Server] - 2026-08-20T05:11:22.878Z - [SYNC]: project graph hash is the same, not collecting task sync generators
[NX v22.7.8 Daemon Server] - 2026-08-20T05:11:22.878Z - [SYNC]: nx.json hash is the same, not collecting global sync generators
[NX v22.7.8 Daemon Server] - 2026-08-20T05:11:22.878Z - Time taken for 'total execution time for createProjectGraph()' 8.74620000005234ms
[NX v22.7.8 Daemon Server] - 2026-08-20T05:11:22.878Z - Time taken for 'createDependencies' 6.347500000032596ms
[NX v22.7.8 Daemon Server] - 2026-08-20T05:11:22.878Z - Time taken for 'nx/js/dependencies-and-lockfile:createDependencies' 6.287000000011176ms
[NX v22.7.8 Daemon Server] - 2026-08-20T05:11:22.878Z - Time taken for 'createMetadata' 0.005499999970197678ms
[NX v22.7.8 Daemon Server] - 2026-08-20T05:11:22.878Z - Time taken for 'serialize graph' 0.4276000000536442ms
[NX v22.7.8 Daemon Server] - 2026-08-20T05:11:30.761Z - [WATCHER]: libs/productization/src/ProductizationProvider.tsx was modified
[NX v22.7.8 Daemon Server] - 2026-08-20T05:11:30.761Z - [WATCHER]: File changes detected:
Created:
(none)
Updated:
  - libs/productization/src/ProductizationProvider.tsx
Deleted:
(none)
[NX v22.7.8 Daemon Server] - 2026-08-20T05:11:30.761Z - [SYNC]: clearing sync generators cache due to file changes
[NX v22.7.8 Daemon Server] - 2026-08-20T05:11:30.761Z - [WATCHER]: Processing file changes in outputs
[NX v22.7.8 Daemon Server] - 2026-08-20T05:11:31.565Z - [REQUEST]: Updated workspace context based on watched changes, recomputing project graph...
[NX v22.7.8 Daemon Server] - 2026-08-20T05:11:31.565Z - [REQUEST]: libs/productization/src/ProductizationProvider.tsx
[NX v22.7.8 Daemon Server] - 2026-08-20T05:11:31.565Z - [REQUEST]: 
[plugin-client] restarting worker for "nx/js/dependencies-and-lockfile"
[isolated-plugin] spawned worker for "nx/js/dependencies-and-lockfile" (pid: 16712, socket: \\.\pipe\nx\C:\Users\DHRUVM~1\AppData\Local\Temp\plugin5404-117-1038386.2597.sock)
[plugin-client] restarting worker for "nx/core/package-json"
[isolated-plugin] spawned worker for "nx/core/package-json" (pid: 16692, socket: \\.\pipe\nx\C:\Users\DHRUVM~1\AppData\Local\Temp\plugin5404-118-1038477.7566.sock)
[plugin-client] restarting worker for "nx/core/project-json"
[isolated-plugin] spawned worker for "nx/core/project-json" (pid: 2580, socket: \\.\pipe\nx\C:\Users\DHRUVM~1\AppData\Local\Temp\plugin5404-119-1038574.1441.sock)
[NX v22.7.8 Daemon Server] - 2026-08-20T05:11:31.854Z - Time taken for 'hash changed files from watcher' 0.2983000000240281ms
[plugin-worker] "nx/js/dependencies-and-lockfile" (pid: 16712) listening on \\.\pipe\nx\C:\Users\DHRUVM~1\AppData\Local\Temp\plugin5404-117-1038386.2597.sock
[isolated-plugin] connected to worker for "nx/js/dependencies-and-lockfile" (pid: 16712)
[NX v22.7.8 Daemon Server] - 2026-08-20T05:11:32.012Z - Time taken for 'start-plugin-worker:nx/js/dependencies-and-lockfile' 445.5853000000352ms
[plugin-worker] "nx/js/dependencies-and-lockfile" (pid: 16712) connected
[1m[33mTime taken for 'plugin worker 16712 code loading' 278.3992ms[39m[22m
[plugin-worker] "nx/core/package-json" (pid: 16692) listening on \\.\pipe\nx\C:\Users\DHRUVM~1\AppData\Local\Temp\plugin5404-118-1038477.7566.sock
[1m[33mTime taken for 'plugin worker 16692 code loading' 274.2249ms[39m[22m
[isolated-plugin] connected to worker for "nx/core/package-json" (pid: 16692)
[NX v22.7.8 Daemon Server] - 2026-08-20T05:11:32.109Z - Time taken for 'start-plugin-worker:nx/core/package-json' 450.8394000000553ms
[plugin-worker] "nx/core/package-json" (pid: 16692) connected
[plugin-worker] "nx/js/dependencies-and-lockfile" (pid: 16712) loaded successfully
[1m[33mTime taken for 'nx/js/dependencies-and-lockfile:createNodes' 4.364900000000034ms[39m[22m
[plugin-worker] "nx/core/project-json" (pid: 2580) listening on \\.\pipe\nx\C:\Users\DHRUVM~1\AppData\Local\Temp\plugin5404-119-1038574.1441.sock
[1m[33mTime taken for 'plugin worker 2580 code loading' 268.0211ms[39m[22m
[isolated-plugin] connected to worker for "nx/core/project-json" (pid: 2580)
[NX v22.7.8 Daemon Server] - 2026-08-20T05:11:32.209Z - Time taken for 'start-plugin-worker:nx/core/project-json' 454.7416999998968ms
[plugin-worker] "nx/core/project-json" (pid: 2580) connected
[plugin-worker] "nx/core/package-json" (pid: 16692) loaded successfully
[1m[33mTime taken for 'nx/core/package-json:createNodes' 4.549699999999973ms[39m[22m
[isolated-plugin] shutting down worker for "nx/core/package-json" after createNodes
[plugin-worker] "nx/core/project-json" (pid: 2580) loaded successfully
[1m[33mTime taken for 'nx/core/project-json:createNodes' 0.6239999999999668ms[39m[22m
[isolated-plugin] shutting down worker for "nx/core/project-json" after createNodes
[NX v22.7.8 Daemon Server] - 2026-08-20T05:11:32.330Z - Time taken for 'build-project-configs' 761.0372999999672ms
[NX v22.7.8 Daemon Server] - 2026-08-20T05:11:32.330Z - Time taken for 'createNodes:merge' 0.1956999999238178ms
[NX v22.7.8 Daemon Server] - 2026-08-20T05:11:32.330Z - Time taken for 'get-all-workspace-files' 0.036699999938718975ms
[1m[33mTime taken for 'build typescript dependencies' 0.10290000000009059ms[39m[22m
[isolated-plugin] shutting down worker for "nx/js/dependencies-and-lockfile" after createDependencies
[NX v22.7.8 Daemon Server] - 2026-08-20T05:11:32.334Z - [SYNC]: collect registered sync generators
[NX v22.7.8 Daemon Server] - 2026-08-20T05:11:32.335Z - [SYNC]: project graph hash is the same, not collecting task sync generators
[NX v22.7.8 Daemon Server] - 2026-08-20T05:11:32.335Z - [SYNC]: nx.json hash is the same, not collecting global sync generators
[NX v22.7.8 Daemon Server] - 2026-08-20T05:11:32.335Z - Time taken for 'total execution time for createProjectGraph()' 6.511799999978393ms
[NX v22.7.8 Daemon Server] - 2026-08-20T05:11:32.335Z - Time taken for 'createDependencies' 4.6282000000355765ms
[NX v22.7.8 Daemon Server] - 2026-08-20T05:11:32.335Z - Time taken for 'nx/js/dependencies-and-lockfile:createDependencies' 4.581400000024587ms
[NX v22.7.8 Daemon Server] - 2026-08-20T05:11:32.335Z - Time taken for 'createMetadata' 0.004100000020116568ms
[NX v22.7.8 Daemon Server] - 2026-08-20T05:11:32.335Z - Time taken for 'serialize graph' 0.36400000005960464ms
[NX v22.7.8 Daemon Server] - 2026-08-20T05:11:33.454Z - [WATCHER]: Processing file changes in outputs
[NX v22.7.8 Daemon Server] - 2026-08-20T05:11:33.469Z - [WATCHER]: libs/productization/src/ProductizationProvider.tsx was modified
[NX v22.7.8 Daemon Server] - 2026-08-20T05:11:33.469Z - [WATCHER]: File changes detected:
Created:
(none)
Updated:
  - libs/productization/src/ProductizationProvider.tsx
Deleted:
(none)
[NX v22.7.8 Daemon Server] - 2026-08-20T05:11:33.469Z - [SYNC]: clearing sync generators cache due to file changes
[NX v22.7.8 Daemon Server] - 2026-08-20T05:11:35.078Z - [REQUEST]: Updated workspace context based on watched changes, recomputing project graph...
[NX v22.7.8 Daemon Server] - 2026-08-20T05:11:35.078Z - [REQUEST]: libs/productization/src/ProductizationProvider.tsx
[NX v22.7.8 Daemon Server] - 2026-08-20T05:11:35.078Z - [REQUEST]: 
[plugin-client] restarting worker for "nx/js/dependencies-and-lockfile"
[isolated-plugin] spawned worker for "nx/js/dependencies-and-lockfile" (pid: 25164, socket: \\.\pipe\nx\C:\Users\DHRUVM~1\AppData\Local\Temp\plugin5404-120-1041899.9125.sock)
[plugin-client] restarting worker for "nx/core/package-json"
[isolated-plugin] spawned worker for "nx/core/package-json" (pid: 23712, socket: \\.\pipe\nx\C:\Users\DHRUVM~1\AppData\Local\Temp\plugin5404-121-1041993.2044.sock)
[plugin-client] restarting worker for "nx/core/project-json"
[isolated-plugin] spawned worker for "nx/core/project-json" (pid: 1512, socket: \\.\pipe\nx\C:\Users\DHRUVM~1\AppData\Local\Temp\plugin5404-122-1042084.5375.sock)
[NX v22.7.8 Daemon Server] - 2026-08-20T05:11:35.365Z - Time taken for 'hash changed files from watcher' 0.5988999999826774ms
[plugin-worker] "nx/js/dependencies-and-lockfile" (pid: 25164) listening on \\.\pipe\nx\C:\Users\DHRUVM~1\AppData\Local\Temp\plugin5404-120-1041899.9125.sock
[isolated-plugin] connected to worker for "nx/js/dependencies-and-lockfile" (pid: 25164)
[1m[33mTime taken for 'plugin worker 25164 code loading' 253.386ms[39m[22m
[NX v22.7.8 Daemon Server] - 2026-08-20T05:11:35.502Z - Time taken for 'start-plugin-worker:nx/js/dependencies-and-lockfile' 421.29550000000745ms
[plugin-worker] "nx/js/dependencies-and-lockfile" (pid: 25164) connected
[isolated-plugin] connected to worker for "nx/core/package-json" (pid: 23712)
[plugin-worker] "nx/core/package-json" (pid: 23712) listening on \\.\pipe\nx\C:\Users\DHRUVM~1\AppData\Local\Temp\plugin5404-121-1041993.2044.sock
[plugin-worker] "nx/core/package-json" (pid: 23712) connected
[1m[33mTime taken for 'plugin worker 23712 code loading' 252.53209999999999ms[39m[22m
[NX v22.7.8 Daemon Server] - 2026-08-20T05:11:35.597Z - Time taken for 'start-plugin-worker:nx/core/package-json' 423.3220000000438ms
[plugin-worker] "nx/js/dependencies-and-lockfile" (pid: 25164) loaded successfully
[1m[33mTime taken for 'nx/js/dependencies-and-lockfile:createNodes' 4.7140999999999735ms[39m[22m
[plugin-worker] "nx/core/project-json" (pid: 1512) listening on \\.\pipe\nx\C:\Users\DHRUVM~1\AppData\Local\Temp\plugin5404-122-1042084.5375.sock
[1m[33mTime taken for 'plugin worker 1512 code loading' 252.8077ms[39m[22m
[isolated-plugin] connected to worker for "nx/core/project-json" (pid: 1512)
[NX v22.7.8 Daemon Server] - 2026-08-20T05:11:35.707Z - Time taken for 'start-plugin-worker:nx/core/project-json' 442.13670000003185ms
[plugin-worker] "nx/core/project-json" (pid: 1512) connected
[plugin-worker] "nx/core/package-json" (pid: 23712) loaded successfully
[1m[33mTime taken for 'nx/core/package-json:createNodes' 4.609699999999975ms[39m[22m
[isolated-plugin] shutting down worker for "nx/core/package-json" after createNodes
[plugin-worker] "nx/core/project-json" (pid: 1512) loaded successfully
[1m[33mTime taken for 'nx/core/project-json:createNodes' 0.5752999999999702ms[39m[22m
[isolated-plugin] shutting down worker for "nx/core/project-json" after createNodes
[NX v22.7.8 Daemon Server] - 2026-08-20T05:11:35.832Z - Time taken for 'build-project-configs' 749.6467000000412ms
[NX v22.7.8 Daemon Server] - 2026-08-20T05:11:35.832Z - Time taken for 'createNodes:merge' 0.4276000000536442ms
[NX v22.7.8 Daemon Server] - 2026-08-20T05:11:35.832Z - Time taken for 'get-all-workspace-files' 0.03620000008959323ms
[1m[33mTime taken for 'build typescript dependencies' 0.09900000000004638ms[39m[22m
[isolated-plugin] shutting down worker for "nx/js/dependencies-and-lockfile" after createDependencies
[NX v22.7.8 Daemon Server] - 2026-08-20T05:11:35.836Z - [SYNC]: collect registered sync generators
[NX v22.7.8 Daemon Server] - 2026-08-20T05:11:35.837Z - [SYNC]: project graph hash is the same, not collecting task sync generators
[NX v22.7.8 Daemon Server] - 2026-08-20T05:11:35.837Z - [SYNC]: nx.json hash is the same, not collecting global sync generators
[NX v22.7.8 Daemon Server] - 2026-08-20T05:11:35.837Z - Time taken for 'total execution time for createProjectGraph()' 6.899500000057742ms
[NX v22.7.8 Daemon Server] - 2026-08-20T05:11:35.837Z - Time taken for 'createDependencies' 4.6239999999525025ms
[NX v22.7.8 Daemon Server] - 2026-08-20T05:11:35.837Z - Time taken for 'nx/js/dependencies-and-lockfile:createDependencies' 4.579400000046007ms
[NX v22.7.8 Daemon Server] - 2026-08-20T05:11:35.837Z - Time taken for 'createMetadata' 0.004199999966658652ms
[NX v22.7.8 Daemon Server] - 2026-08-20T05:11:35.837Z - Time taken for 'serialize graph' 0.3658999999752268ms
[NX v22.7.8 Daemon Server] - 2026-08-20T05:11:38.112Z - [WATCHER]: libs/productization/src/ProductizationProvider.tsx was modified
[NX v22.7.8 Daemon Server] - 2026-08-20T05:11:38.112Z - [WATCHER]: File changes detected:
Created:
(none)
Updated:
  - libs/productization/src/ProductizationProvider.tsx
Deleted:
(none)
[NX v22.7.8 Daemon Server] - 2026-08-20T05:11:38.112Z - [SYNC]: clearing sync generators cache due to file changes
[NX v22.7.8 Daemon Server] - 2026-08-20T05:11:38.112Z - [WATCHER]: Processing file changes in outputs
[NX v22.7.8 Daemon Server] - 2026-08-20T05:11:38.983Z - [WATCHER]: Processing file changes in outputs
[NX v22.7.8 Daemon Server] - 2026-08-20T05:11:38.983Z - [WATCHER]: libs/productization/src/ProductizationProvider.tsx was modified
[NX v22.7.8 Daemon Server] - 2026-08-20T05:11:38.983Z - [WATCHER]: File changes detected:
Created:
(none)
Updated:
  - libs/productization/src/ProductizationProvider.tsx
Deleted:
(none)
[NX v22.7.8 Daemon Server] - 2026-08-20T05:11:38.983Z - [SYNC]: clearing sync generators cache due to file changes
[NX v22.7.8 Daemon Server] - 2026-08-20T05:11:41.326Z - [REQUEST]: Updated workspace context based on watched changes, recomputing project graph...
[NX v22.7.8 Daemon Server] - 2026-08-20T05:11:41.326Z - [REQUEST]: libs/productization/src/ProductizationProvider.tsx
[NX v22.7.8 Daemon Server] - 2026-08-20T05:11:41.326Z - [REQUEST]: 
[plugin-client] restarting worker for "nx/js/dependencies-and-lockfile"
[isolated-plugin] spawned worker for "nx/js/dependencies-and-lockfile" (pid: 26612, socket: \\.\pipe\nx\C:\Users\DHRUVM~1\AppData\Local\Temp\plugin5404-123-1048147.8416.sock)
[plugin-client] restarting worker for "nx/core/package-json"
[isolated-plugin] spawned worker for "nx/core/package-json" (pid: 25488, socket: \\.\pipe\nx\C:\Users\DHRUVM~1\AppData\Local\Temp\plugin5404-124-1048237.8487.sock)
[plugin-client] restarting worker for "nx/core/project-json"
[isolated-plugin] spawned worker for "nx/core/project-json" (pid: 25548, socket: \\.\pipe\nx\C:\Users\DHRUVM~1\AppData\Local\Temp\plugin5404-125-1048328.7645.sock)
[NX v22.7.8 Daemon Server] - 2026-08-20T05:11:41.607Z - Time taken for 'hash changed files from watcher' 0.3053999999538064ms
[plugin-worker] "nx/js/dependencies-and-lockfile" (pid: 26612) listening on \\.\pipe\nx\C:\Users\DHRUVM~1\AppData\Local\Temp\plugin5404-123-1048147.8416.sock
[1m[33mTime taken for 'plugin worker 26612 code loading' 251.2309ms[39m[22m
[isolated-plugin] connected to worker for "nx/js/dependencies-and-lockfile" (pid: 26612)
[NX v22.7.8 Daemon Server] - 2026-08-20T05:11:41.750Z - Time taken for 'start-plugin-worker:nx/js/dependencies-and-lockfile' 421.5209999999497ms
[plugin-worker] "nx/js/dependencies-and-lockfile" (pid: 26612) connected
[plugin-worker] "nx/core/package-json" (pid: 25488) listening on \\.\pipe\nx\C:\Users\DHRUVM~1\AppData\Local\Temp\plugin5404-124-1048237.8487.sock
[isolated-plugin] connected to worker for "nx/core/package-json" (pid: 25488)
[1m[33mTime taken for 'plugin worker 25488 code loading' 253.43380000000002ms[39m[22m
[NX v22.7.8 Daemon Server] - 2026-08-20T05:11:41.839Z - Time taken for 'start-plugin-worker:nx/core/package-json' 420.5028000000166ms
[plugin-worker] "nx/core/package-json" (pid: 25488) connected
[plugin-worker] "nx/js/dependencies-and-lockfile" (pid: 26612) loaded successfully
[1m[33mTime taken for 'nx/js/dependencies-and-lockfile:createNodes' 3.971299999999985ms[39m[22m
[plugin-worker] "nx/core/project-json" (pid: 25548) listening on \\.\pipe\nx\C:\Users\DHRUVM~1\AppData\Local\Temp\plugin5404-125-1048328.7645.sock
[isolated-plugin] connected to worker for "nx/core/project-json" (pid: 25548)
[1m[33mTime taken for 'plugin worker 25548 code loading' 251.03230000000002ms[39m[22m
[NX v22.7.8 Daemon Server] - 2026-08-20T05:11:41.942Z - Time taken for 'start-plugin-worker:nx/core/project-json' 432.7778999999864ms
[plugin-worker] "nx/core/project-json" (pid: 25548) connected
[plugin-worker] "nx/core/package-json" (pid: 25488) loaded successfully
[1m[33mTime taken for 'nx/core/package-json:createNodes' 5.7117000000000075ms[39m[22m
[isolated-plugin] shutting down worker for "nx/core/package-json" after createNodes
[plugin-worker] "nx/core/project-json" (pid: 25548) loaded successfully
[1m[33mTime taken for 'nx/core/project-json:createNodes' 0.9035000000000082ms[39m[22m
[isolated-plugin] shutting down worker for "nx/core/project-json" after createNodes
[NX v22.7.8 Daemon Server] - 2026-08-20T05:11:42.059Z - Time taken for 'build-project-configs' 728.8437999999151ms
[NX v22.7.8 Daemon Server] - 2026-08-20T05:11:42.059Z - Time taken for 'createNodes:merge' 0.22720000008121133ms
[NX v22.7.8 Daemon Server] - 2026-08-20T05:11:42.059Z - Time taken for 'get-all-workspace-files' 0.02509999996982515ms
[1m[33mTime taken for 'build typescript dependencies' 0.10350000000005366ms[39m[22m
[isolated-plugin] shutting down worker for "nx/js/dependencies-and-lockfile" after createDependencies
[NX v22.7.8 Daemon Server] - 2026-08-20T05:11:42.063Z - [SYNC]: collect registered sync generators
[NX v22.7.8 Daemon Server] - 2026-08-20T05:11:42.064Z - [SYNC]: project graph hash is the same, not collecting task sync generators
[NX v22.7.8 Daemon Server] - 2026-08-20T05:11:42.064Z - [SYNC]: nx.json hash is the same, not collecting global sync generators
[NX v22.7.8 Daemon Server] - 2026-08-20T05:11:42.064Z - Time taken for 'total execution time for createProjectGraph()' 6.538399999961257ms
[NX v22.7.8 Daemon Server] - 2026-08-20T05:11:42.064Z - Time taken for 'createDependencies' 4.516700000036508ms
[NX v22.7.8 Daemon Server] - 2026-08-20T05:11:42.064Z - Time taken for 'nx/js/dependencies-and-lockfile:createDependencies' 4.469000000040978ms
[NX v22.7.8 Daemon Server] - 2026-08-20T05:11:42.064Z - Time taken for 'createMetadata' 0.00430000014603138ms
[NX v22.7.8 Daemon Server] - 2026-08-20T05:11:42.064Z - Time taken for 'serialize graph' 0.35479999985545874ms
[NX v22.7.8 Daemon Server] - 2026-08-20T05:12:26.894Z - [WATCHER]: Processing file changes in outputs
[NX v22.7.8 Daemon Server] - 2026-08-20T05:12:26.894Z - [WATCHER]: libs/productization/src/ProductizationProvider.tsx was modified
[NX v22.7.8 Daemon Server] - 2026-08-20T05:12:26.894Z - [WATCHER]: File changes detected:
Created:
(none)
Updated:
  - libs/productization/src/ProductizationProvider.tsx
Deleted:
(none)
[NX v22.7.8 Daemon Server] - 2026-08-20T05:12:26.894Z - [SYNC]: clearing sync generators cache due to file changes
[NX v22.7.8 Daemon Server] - 2026-08-20T05:12:33.298Z - [REQUEST]: Updated workspace context based on watched changes, recomputing project graph...
[NX v22.7.8 Daemon Server] - 2026-08-20T05:12:33.298Z - [REQUEST]: libs/productization/src/ProductizationProvider.tsx
[NX v22.7.8 Daemon Server] - 2026-08-20T05:12:33.298Z - [REQUEST]: 
[plugin-client] restarting worker for "nx/js/dependencies-and-lockfile"
[isolated-plugin] spawned worker for "nx/js/dependencies-and-lockfile" (pid: 26220, socket: \\.\pipe\nx\C:\Users\DHRUVM~1\AppData\Local\Temp\plugin5404-126-1100121.1525.sock)
[plugin-client] restarting worker for "nx/core/package-json"
[isolated-plugin] spawned worker for "nx/core/package-json" (pid: 25436, socket: \\.\pipe\nx\C:\Users\DHRUVM~1\AppData\Local\Temp\plugin5404-127-1100301.8124.sock)
[plugin-client] restarting worker for "nx/core/project-json"
[isolated-plugin] spawned worker for "nx/core/project-json" (pid: 26488, socket: \\.\pipe\nx\C:\Users\DHRUVM~1\AppData\Local\Temp\plugin5404-128-1100430.0661.sock)
[NX v22.7.8 Daemon Server] - 2026-08-20T05:12:33.764Z - Time taken for 'hash changed files from watcher' 0.9181000001262873ms
[plugin-worker] "nx/js/dependencies-and-lockfile" (pid: 26220) listening on \\.\pipe\nx\C:\Users\DHRUVM~1\AppData\Local\Temp\plugin5404-126-1100121.1525.sock
[isolated-plugin] connected to worker for "nx/js/dependencies-and-lockfile" (pid: 26220)
[1m[33mTime taken for 'plugin worker 26220 code loading' 251.3736ms[39m[22m
[NX v22.7.8 Daemon Server] - 2026-08-20T05:12:33.805Z - Time taken for 'start-plugin-worker:nx/js/dependencies-and-lockfile' 504.8619999999646ms
[plugin-worker] "nx/js/dependencies-and-lockfile" (pid: 26220) connected
[plugin-worker] "nx/core/package-json" (pid: 25436) listening on \\.\pipe\nx\C:\Users\DHRUVM~1\AppData\Local\Temp\plugin5404-127-1100301.8124.sock
[1m[33mTime taken for 'plugin worker 25436 code loading' 255.95030000000003ms[39m[22m
[plugin-worker] "nx/js/dependencies-and-lockfile" (pid: 26220) loaded successfully
[isolated-plugin] connected to worker for "nx/core/package-json" (pid: 25436)
[1m[33mTime taken for 'nx/js/dependencies-and-lockfile:createNodes' 3.842700000000036ms[39m[22m
[NX v22.7.8 Daemon Server] - 2026-08-20T05:12:33.950Z - Time taken for 'start-plugin-worker:nx/core/package-json' 468.8549999999814ms
[plugin-worker] "nx/core/package-json" (pid: 25436) connected
[plugin-worker] "nx/core/package-json" (pid: 25436) loaded successfully
[1m[33mTime taken for 'nx/core/package-json:createNodes' 4.5283000000000015ms[39m[22m
[isolated-plugin] shutting down worker for "nx/core/package-json" after createNodes
[isolated-plugin] connected to worker for "nx/core/project-json" (pid: 26488)
[plugin-worker] "nx/core/project-json" (pid: 26488) listening on \\.\pipe\nx\C:\Users\DHRUVM~1\AppData\Local\Temp\plugin5404-128-1100430.0661.sock
[1m[33mTime taken for 'plugin worker 26488 code loading' 246.27929999999998ms[39m[22m
[NX v22.7.8 Daemon Server] - 2026-08-20T05:12:34.091Z - Time taken for 'start-plugin-worker:nx/core/project-json' 481.68819999997504ms
[plugin-worker] "nx/core/project-json" (pid: 26488) connected
[plugin-worker] "nx/core/project-json" (pid: 26488) loaded successfully
[1m[33mTime taken for 'nx/core/project-json:createNodes' 0.5200999999999567ms[39m[22m
[isolated-plugin] shutting down worker for "nx/core/project-json" after createNodes
[NX v22.7.8 Daemon Server] - 2026-08-20T05:12:34.215Z - Time taken for 'build-project-configs' 910.1014000000432ms
[NX v22.7.8 Daemon Server] - 2026-08-20T05:12:34.216Z - Time taken for 'createNodes:merge' 0.5496999998576939ms
[NX v22.7.8 Daemon Server] - 2026-08-20T05:12:34.216Z - Time taken for 'get-all-workspace-files' 0.046199999982491136ms
[1m[33mTime taken for 'build typescript dependencies' 0.09819999999990614ms[39m[22m
[isolated-plugin] shutting down worker for "nx/js/dependencies-and-lockfile" after createDependencies
[NX v22.7.8 Daemon Server] - 2026-08-20T05:12:34.222Z - [SYNC]: collect registered sync generators
[NX v22.7.8 Daemon Server] - 2026-08-20T05:12:34.222Z - [SYNC]: project graph hash is the same, not collecting task sync generators
[NX v22.7.8 Daemon Server] - 2026-08-20T05:12:34.222Z - [SYNC]: nx.json hash is the same, not collecting global sync generators
[NX v22.7.8 Daemon Server] - 2026-08-20T05:12:34.222Z - Time taken for 'total execution time for createProjectGraph()' 11.213300000177696ms
[NX v22.7.8 Daemon Server] - 2026-08-20T05:12:34.222Z - Time taken for 'createDependencies' 6.364100000122562ms
[NX v22.7.8 Daemon Server] - 2026-08-20T05:12:34.222Z - Time taken for 'nx/js/dependencies-and-lockfile:createDependencies' 6.076099999947473ms
[NX v22.7.8 Daemon Server] - 2026-08-20T05:12:34.222Z - Time taken for 'createMetadata' 0.008300000103190541ms
[NX v22.7.8 Daemon Server] - 2026-08-20T05:12:34.222Z - Time taken for 'serialize graph' 0.5988000000361353ms
[NX v22.7.8 Daemon Server] - 2026-08-20T05:13:22.010Z - [WATCHER]: Processing file changes in outputs
[NX v22.7.8 Daemon Server] - 2026-08-20T05:13:22.010Z - [WATCHER]: apps/portal/src/app/App.tsx was modified
[NX v22.7.8 Daemon Server] - 2026-08-20T05:13:22.010Z - [WATCHER]: File changes detected:
Created:
(none)
Updated:
  - apps/portal/src/app/App.tsx
Deleted:
(none)
[NX v22.7.8 Daemon Server] - 2026-08-20T05:13:22.010Z - [SYNC]: clearing sync generators cache due to file changes
[NX v22.7.8 Daemon Server] - 2026-08-20T05:13:25.527Z - [WATCHER]: apps/portal/src/app/App.tsx was modified
[NX v22.7.8 Daemon Server] - 2026-08-20T05:13:25.527Z - [WATCHER]: File changes detected:
Created:
(none)
Updated:
  - apps/portal/src/app/App.tsx
Deleted:
(none)
[NX v22.7.8 Daemon Server] - 2026-08-20T05:13:25.527Z - [SYNC]: clearing sync generators cache due to file changes
[NX v22.7.8 Daemon Server] - 2026-08-20T05:13:25.527Z - [WATCHER]: Processing file changes in outputs
[NX v22.7.8 Daemon Server] - 2026-08-20T05:13:27.101Z - [WATCHER]: apps/portal/src/app/App.tsx was modified
[NX v22.7.8 Daemon Server] - 2026-08-20T05:13:27.101Z - [WATCHER]: File changes detected:
Created:
(none)
Updated:
  - apps/portal/src/app/App.tsx
Deleted:
(none)
[NX v22.7.8 Daemon Server] - 2026-08-20T05:13:27.101Z - [SYNC]: clearing sync generators cache due to file changes
[NX v22.7.8 Daemon Server] - 2026-08-20T05:13:27.101Z - [WATCHER]: Processing file changes in outputs
[NX v22.7.8 Daemon Server] - 2026-08-20T05:13:28.413Z - [REQUEST]: Updated workspace context based on watched changes, recomputing project graph...
[NX v22.7.8 Daemon Server] - 2026-08-20T05:13:28.413Z - [REQUEST]: apps/portal/src/app/App.tsx
[NX v22.7.8 Daemon Server] - 2026-08-20T05:13:28.413Z - [REQUEST]: 
[plugin-client] restarting worker for "nx/js/dependencies-and-lockfile"
[isolated-plugin] spawned worker for "nx/js/dependencies-and-lockfile" (pid: 25160, socket: \\.\pipe\nx\C:\Users\DHRUVM~1\AppData\Local\Temp\plugin5404-129-1155233.6586.sock)
[plugin-client] restarting worker for "nx/core/package-json"
[isolated-plugin] spawned worker for "nx/core/package-json" (pid: 3872, socket: \\.\pipe\nx\C:\Users\DHRUVM~1\AppData\Local\Temp\plugin5404-130-1155322.4683.sock)
[plugin-client] restarting worker for "nx/core/project-json"
[isolated-plugin] spawned worker for "nx/core/project-json" (pid: 21852, socket: \\.\pipe\nx\C:\Users\DHRUVM~1\AppData\Local\Temp\plugin5404-131-1155414.4276.sock)
[NX v22.7.8 Daemon Server] - 2026-08-20T05:13:28.699Z - Time taken for 'hash changed files from watcher' 0.28410000004805624ms
[plugin-worker] "nx/js/dependencies-and-lockfile" (pid: 25160) listening on \\.\pipe\nx\C:\Users\DHRUVM~1\AppData\Local\Temp\plugin5404-129-1155233.6586.sock
[1m[33mTime taken for 'plugin worker 25160 code loading' 262.1207ms[39m[22m
[isolated-plugin] connected to worker for "nx/js/dependencies-and-lockfile" (pid: 25160)
[NX v22.7.8 Daemon Server] - 2026-08-20T05:13:28.838Z - Time taken for 'start-plugin-worker:nx/js/dependencies-and-lockfile' 423.9291999998968ms
[plugin-worker] "nx/js/dependencies-and-lockfile" (pid: 25160) connected
[isolated-plugin] connected to worker for "nx/core/package-json" (pid: 3872)
[NX v22.7.8 Daemon Server] - 2026-08-20T05:13:28.957Z - Time taken for 'start-plugin-worker:nx/core/package-json' 454.0162000001874ms
[plugin-worker] "nx/core/package-json" (pid: 3872) listening on \\.\pipe\nx\C:\Users\DHRUVM~1\AppData\Local\Temp\plugin5404-130-1155322.4683.sock
[plugin-worker] "nx/core/package-json" (pid: 3872) connected
[1m[33mTime taken for 'plugin worker 3872 code loading' 270.3235ms[39m[22m
[plugin-worker] "nx/js/dependencies-and-lockfile" (pid: 25160) loaded successfully
[1m[33mTime taken for 'nx/js/dependencies-and-lockfile:createNodes' 4.051600000000008ms[39m[22m
[plugin-worker] "nx/core/project-json" (pid: 21852) listening on \\.\pipe\nx\C:\Users\DHRUVM~1\AppData\Local\Temp\plugin5404-131-1155414.4276.sock
[isolated-plugin] connected to worker for "nx/core/project-json" (pid: 21852)
[1m[33mTime taken for 'plugin worker 21852 code loading' 254.84249999999997ms[39m[22m
[NX v22.7.8 Daemon Server] - 2026-08-20T05:13:29.037Z - Time taken for 'start-plugin-worker:nx/core/project-json' 441.9185000001453ms
[plugin-worker] "nx/core/project-json" (pid: 21852) connected
[plugin-worker] "nx/core/package-json" (pid: 3872) loaded successfully
[1m[33mTime taken for 'nx/core/package-json:createNodes' 4.587799999999959ms[39m[22m
[isolated-plugin] shutting down worker for "nx/core/package-json" after createNodes
[plugin-worker] "nx/core/project-json" (pid: 21852) loaded successfully
[1m[33mTime taken for 'nx/core/project-json:createNodes' 0.5701999999999998ms[39m[22m
[isolated-plugin] shutting down worker for "nx/core/project-json" after createNodes
[NX v22.7.8 Daemon Server] - 2026-08-20T05:13:29.155Z - Time taken for 'build-project-configs' 738.3260999999475ms
[NX v22.7.8 Daemon Server] - 2026-08-20T05:13:29.155Z - Time taken for 'createNodes:merge' 0.2657000001054257ms
[NX v22.7.8 Daemon Server] - 2026-08-20T05:13:29.155Z - Time taken for 'get-all-workspace-files' 0.02099999994970858ms
[1m[33mTime taken for 'build typescript dependencies' 1.1140000000000327ms[39m[22m
[isolated-plugin] shutting down worker for "nx/js/dependencies-and-lockfile" after createDependencies
[NX v22.7.8 Daemon Server] - 2026-08-20T05:13:29.163Z - [SYNC]: collect registered sync generators
[NX v22.7.8 Daemon Server] - 2026-08-20T05:13:29.164Z - [SYNC]: project graph hash is the same, not collecting task sync generators
[NX v22.7.8 Daemon Server] - 2026-08-20T05:13:29.164Z - [SYNC]: nx.json hash is the same, not collecting global sync generators
[NX v22.7.8 Daemon Server] - 2026-08-20T05:13:29.164Z - Time taken for 'total execution time for createProjectGraph()' 10.550900000147521ms
[NX v22.7.8 Daemon Server] - 2026-08-20T05:13:29.164Z - Time taken for 'createDependencies' 7.5087000001221895ms
[NX v22.7.8 Daemon Server] - 2026-08-20T05:13:29.164Z - Time taken for 'nx/js/dependencies-and-lockfile:createDependencies' 7.446999999927357ms
[NX v22.7.8 Daemon Server] - 2026-08-20T05:13:29.164Z - Time taken for 'createMetadata' 0.004799999995157123ms
[NX v22.7.8 Daemon Server] - 2026-08-20T05:13:29.164Z - Time taken for 'serialize graph' 0.4608999998308718ms
[NX v22.7.8 Daemon Server] - 2026-08-20T05:13:29.360Z - [WATCHER]: apps/portal/src/app/App.tsx was modified
[NX v22.7.8 Daemon Server] - 2026-08-20T05:13:29.360Z - [WATCHER]: File changes detected:
Created:
(none)
Updated:
  - apps/portal/src/app/App.tsx
Deleted:
(none)
[NX v22.7.8 Daemon Server] - 2026-08-20T05:13:29.360Z - [SYNC]: clearing sync generators cache due to file changes
[NX v22.7.8 Daemon Server] - 2026-08-20T05:13:29.360Z - [WATCHER]: Processing file changes in outputs
[NX v22.7.8 Daemon Server] - 2026-08-20T05:13:35.761Z - [REQUEST]: Updated workspace context based on watched changes, recomputing project graph...
[NX v22.7.8 Daemon Server] - 2026-08-20T05:13:35.761Z - [REQUEST]: apps/portal/src/app/App.tsx
[NX v22.7.8 Daemon Server] - 2026-08-20T05:13:35.761Z - [REQUEST]: 
[plugin-client] restarting worker for "nx/js/dependencies-and-lockfile"
[isolated-plugin] spawned worker for "nx/js/dependencies-and-lockfile" (pid: 6524, socket: \\.\pipe\nx\C:\Users\DHRUVM~1\AppData\Local\Temp\plugin5404-132-1162581.5207.sock)
[plugin-client] restarting worker for "nx/core/package-json"
[isolated-plugin] spawned worker for "nx/core/package-json" (pid: 26156, socket: \\.\pipe\nx\C:\Users\DHRUVM~1\AppData\Local\Temp\plugin5404-133-1162677.018.sock)
[plugin-client] restarting worker for "nx/core/project-json"
[isolated-plugin] spawned worker for "nx/core/project-json" (pid: 21372, socket: \\.\pipe\nx\C:\Users\DHRUVM~1\AppData\Local\Temp\plugin5404-134-1162772.3362.sock)
[NX v22.7.8 Daemon Server] - 2026-08-20T05:13:36.061Z - Time taken for 'hash changed files from watcher' 0.2669999999925494ms
[plugin-worker] "nx/js/dependencies-and-lockfile" (pid: 6524) listening on \\.\pipe\nx\C:\Users\DHRUVM~1\AppData\Local\Temp\plugin5404-132-1162581.5207.sock
[isolated-plugin] connected to worker for "nx/js/dependencies-and-lockfile" (pid: 6524)
[NX v22.7.8 Daemon Server] - 2026-08-20T05:13:36.225Z - Time taken for 'start-plugin-worker:nx/js/dependencies-and-lockfile' 463.1648999999743ms
[plugin-worker] "nx/js/dependencies-and-lockfile" (pid: 6524) connected
[1m[33mTime taken for 'plugin worker 6524 code loading' 295.4108ms[39m[22m
[plugin-worker] "nx/core/package-json" (pid: 26156) listening on \\.\pipe\nx\C:\Users\DHRUVM~1\AppData\Local\Temp\plugin5404-133-1162677.018.sock
[isolated-plugin] connected to worker for "nx/core/package-json" (pid: 26156)
[1m[33mTime taken for 'plugin worker 26156 code loading' 315.5127ms[39m[22m
[NX v22.7.8 Daemon Server] - 2026-08-20T05:13:36.357Z - Time taken for 'start-plugin-worker:nx/core/package-json' 499.0820999999996ms
[plugin-worker] "nx/core/package-json" (pid: 26156) connected
[plugin-worker] "nx/js/dependencies-and-lockfile" (pid: 6524) loaded successfully
[1m[33mTime taken for 'nx/js/dependencies-and-lockfile:createNodes' 5.417299999999955ms[39m[22m
[plugin-worker] "nx/core/project-json" (pid: 21372) listening on \\.\pipe\nx\C:\Users\DHRUVM~1\AppData\Local\Temp\plugin5404-134-1162772.3362.sock
[isolated-plugin] connected to worker for "nx/core/project-json" (pid: 21372)
[NX v22.7.8 Daemon Server] - 2026-08-20T05:13:36.445Z - Time taken for 'start-plugin-worker:nx/core/project-json' 492.00600000005215ms
[plugin-worker] "nx/core/project-json" (pid: 21372) connected
[1m[33mTime taken for 'plugin worker 21372 code loading' 295.8914ms[39m[22m
[plugin-worker] "nx/core/package-json" (pid: 26156) loaded successfully
[1m[33mTime taken for 'nx/core/package-json:createNodes' 5.803300000000036ms[39m[22m
[isolated-plugin] shutting down worker for "nx/core/package-json" after createNodes
[plugin-worker] "nx/core/project-json" (pid: 21372) loaded successfully
[isolated-plugin] shutting down worker for "nx/core/project-json" after createNodes
[NX v22.7.8 Daemon Server] - 2026-08-20T05:13:36.570Z - Time taken for 'build-project-configs' 805.5005999999121ms
[NX v22.7.8 Daemon Server] - 2026-08-20T05:13:36.570Z - Time taken for 'createNodes:merge' 0.35649999999441206ms
[NX v22.7.8 Daemon Server] - 2026-08-20T05:13:36.570Z - Time taken for 'get-all-workspace-files' 0.020099999848753214ms
[1m[33mTime taken for 'build typescript dependencies' 0.1028999999999769ms[39m[22m
[isolated-plugin] shutting down worker for "nx/js/dependencies-and-lockfile" after createDependencies
[NX v22.7.8 Daemon Server] - 2026-08-20T05:13:36.574Z - [SYNC]: collect registered sync generators
[NX v22.7.8 Daemon Server] - 2026-08-20T05:13:36.575Z - [SYNC]: project graph hash is the same, not collecting task sync generators
[NX v22.7.8 Daemon Server] - 2026-08-20T05:13:36.575Z - [SYNC]: nx.json hash is the same, not collecting global sync generators
[NX v22.7.8 Daemon Server] - 2026-08-20T05:13:36.575Z - Time taken for 'total execution time for createProjectGraph()' 6.9398000000510365ms
[NX v22.7.8 Daemon Server] - 2026-08-20T05:13:36.575Z - Time taken for 'createDependencies' 4.950599999865517ms
[NX v22.7.8 Daemon Server] - 2026-08-20T05:13:36.575Z - Time taken for 'nx/js/dependencies-and-lockfile:createDependencies' 4.890700000105426ms
[NX v22.7.8 Daemon Server] - 2026-08-20T05:13:36.575Z - Time taken for 'createMetadata' 0.0045999998692423105ms
[NX v22.7.8 Daemon Server] - 2026-08-20T05:13:36.575Z - Time taken for 'serialize graph' 0.35940000019036233ms
[NX v22.7.8 Daemon Server] - 2026-08-20T05:13:40.711Z - [WATCHER]: pnpm-workspace.yaml was modified
[NX v22.7.8 Daemon Server] - 2026-08-20T05:13:40.711Z - [WATCHER]: File changes detected:
Created:
(none)
Updated:
  - pnpm-workspace.yaml
Deleted:
(none)
[NX v22.7.8 Daemon Server] - 2026-08-20T05:13:40.711Z - [SYNC]: clearing sync generators cache due to file changes
[NX v22.7.8 Daemon Server] - 2026-08-20T05:13:40.711Z - [WATCHER]: Processing file changes in outputs
[NX v22.7.8 Daemon Server] - 2026-08-20T05:13:43.208Z - [WATCHER]: pnpm-workspace.yaml was modified
[NX v22.7.8 Daemon Server] - 2026-08-20T05:13:43.208Z - [WATCHER]: File changes detected:
Created:
(none)
Updated:
  - pnpm-workspace.yaml
Deleted:
(none)
[NX v22.7.8 Daemon Server] - 2026-08-20T05:13:43.208Z - [SYNC]: clearing sync generators cache due to file changes
[NX v22.7.8 Daemon Server] - 2026-08-20T05:13:43.208Z - [WATCHER]: Processing file changes in outputs
[NX v22.7.8 Daemon Server] - 2026-08-20T05:13:46.357Z - [WATCHER]: pnpm-workspace.yaml was modified
[NX v22.7.8 Daemon Server] - 2026-08-20T05:13:46.358Z - [WATCHER]: File changes detected:
Created:
(none)
Updated:
  - pnpm-workspace.yaml
Deleted:
(none)
[NX v22.7.8 Daemon Server] - 2026-08-20T05:13:46.358Z - [SYNC]: clearing sync generators cache due to file changes
[NX v22.7.8 Daemon Server] - 2026-08-20T05:13:46.358Z - [WATCHER]: Processing file changes in outputs
[NX v22.7.8 Daemon Server] - 2026-08-20T05:13:47.114Z - [REQUEST]: Updated workspace context based on watched changes, recomputing project graph...
[NX v22.7.8 Daemon Server] - 2026-08-20T05:13:47.115Z - [REQUEST]: pnpm-workspace.yaml
[NX v22.7.8 Daemon Server] - 2026-08-20T05:13:47.115Z - [REQUEST]: 
[plugin-client] restarting worker for "nx/js/dependencies-and-lockfile"
[isolated-plugin] spawned worker for "nx/js/dependencies-and-lockfile" (pid: 25200, socket: \\.\pipe\nx\C:\Users\DHRUVM~1\AppData\Local\Temp\plugin5404-135-1173936.0874.sock)
[plugin-client] restarting worker for "nx/core/package-json"
[isolated-plugin] spawned worker for "nx/core/package-json" (pid: 5564, socket: \\.\pipe\nx\C:\Users\DHRUVM~1\AppData\Local\Temp\plugin5404-136-1174026.3433.sock)
[plugin-client] restarting worker for "nx/core/project-json"
[isolated-plugin] spawned worker for "nx/core/project-json" (pid: 22296, socket: \\.\pipe\nx\C:\Users\DHRUVM~1\AppData\Local\Temp\plugin5404-137-1174117.6719.sock)
[NX v22.7.8 Daemon Server] - 2026-08-20T05:13:47.397Z - Time taken for 'hash changed files from watcher' 0.5039000001270324ms
[plugin-worker] "nx/js/dependencies-and-lockfile" (pid: 25200) listening on \\.\pipe\nx\C:\Users\DHRUVM~1\AppData\Local\Temp\plugin5404-135-1173936.0874.sock
[1m[33mTime taken for 'plugin worker 25200 code loading' 258.18320000000006ms[39m[22m
[isolated-plugin] connected to worker for "nx/js/dependencies-and-lockfile" (pid: 25200)
[NX v22.7.8 Daemon Server] - 2026-08-20T05:13:47.552Z - Time taken for 'start-plugin-worker:nx/js/dependencies-and-lockfile' 435.22750000003725ms
[plugin-worker] "nx/js/dependencies-and-lockfile" (pid: 25200) connected
[plugin-worker] "nx/core/package-json" (pid: 5564) listening on \\.\pipe\nx\C:\Users\DHRUVM~1\AppData\Local\Temp\plugin5404-136-1174026.3433.sock
[isolated-plugin] connected to worker for "nx/core/package-json" (pid: 5564)
[1m[33mTime taken for 'plugin worker 5564 code loading' 264.4059ms[39m[22m
[NX v22.7.8 Daemon Server] - 2026-08-20T05:13:47.643Z - Time taken for 'start-plugin-worker:nx/core/package-json' 435.6813999998849ms
[plugin-worker] "nx/core/package-json" (pid: 5564) connected
[plugin-worker] "nx/js/dependencies-and-lockfile" (pid: 25200) loaded successfully
[1m[33mTime taken for 'nx/js/dependencies-and-lockfile:createNodes' 4.172399999999982ms[39m[22m
[plugin-worker] "nx/core/project-json" (pid: 22296) listening on \\.\pipe\nx\C:\Users\DHRUVM~1\AppData\Local\Temp\plugin5404-137-1174117.6719.sock
[1m[33mTime taken for 'plugin worker 22296 code loading' 248.92620000000002ms[39m[22m
[isolated-plugin] connected to worker for "nx/core/project-json" (pid: 22296)
[NX v22.7.8 Daemon Server] - 2026-08-20T05:13:47.737Z - Time taken for 'start-plugin-worker:nx/core/project-json' 439.39020000002347ms
[plugin-worker] "nx/core/project-json" (pid: 22296) connected
[plugin-worker] "nx/core/package-json" (pid: 5564) loaded successfully
[1m[33mTime taken for 'nx/core/package-json:createNodes' 5.049200000000042ms[39m[22m
[isolated-plugin] shutting down worker for "nx/core/package-json" after createNodes
[plugin-worker] "nx/core/project-json" (pid: 22296) loaded successfully
[1m[33mTime taken for 'nx/core/project-json:createNodes' 0.5643999999999778ms[39m[22m
[isolated-plugin] shutting down worker for "nx/core/project-json" after createNodes
[NX v22.7.8 Daemon Server] - 2026-08-20T05:13:47.853Z - Time taken for 'build-project-configs' 734.4561000000685ms
[NX v22.7.8 Daemon Server] - 2026-08-20T05:13:47.853Z - Time taken for 'createNodes:merge' 0.23289999994449317ms
[NX v22.7.8 Daemon Server] - 2026-08-20T05:13:47.853Z - Time taken for 'get-all-workspace-files' 0.024599999887868762ms
[1m[33mTime taken for 'build typescript dependencies' 0.10900000000003729ms[39m[22m
[isolated-plugin] shutting down worker for "nx/js/dependencies-and-lockfile" after createDependencies
[NX v22.7.8 Daemon Server] - 2026-08-20T05:13:47.859Z - [SYNC]: collect registered sync generators
[NX v22.7.8 Daemon Server] - 2026-08-20T05:13:47.859Z - [SYNC]: project graph hash is the same, not collecting task sync generators
[NX v22.7.8 Daemon Server] - 2026-08-20T05:13:47.859Z - [SYNC]: nx.json hash is the same, not collecting global sync generators
[NX v22.7.8 Daemon Server] - 2026-08-20T05:13:47.859Z - Time taken for 'total execution time for createProjectGraph()' 8.19289999990724ms
[NX v22.7.8 Daemon Server] - 2026-08-20T05:13:47.859Z - Time taken for 'createDependencies' 6.233500000089407ms
[NX v22.7.8 Daemon Server] - 2026-08-20T05:13:47.859Z - Time taken for 'nx/js/dependencies-and-lockfile:createDependencies' 6.188099999912083ms
[NX v22.7.8 Daemon Server] - 2026-08-20T05:13:47.860Z - Time taken for 'createMetadata' 0.004600000102072954ms
[NX v22.7.8 Daemon Server] - 2026-08-20T05:13:47.860Z - Time taken for 'serialize graph' 0.3852999999653548ms
[NX v22.7.8 Daemon Server] - 2026-08-20T05:13:51.494Z - [WATCHER]: pnpm-workspace.yaml was modified
[NX v22.7.8 Daemon Server] - 2026-08-20T05:13:51.494Z - [WATCHER]: File changes detected:
Created:
(none)
Updated:
  - pnpm-workspace.yaml
Deleted:
(none)
[NX v22.7.8 Daemon Server] - 2026-08-20T05:13:51.494Z - [SYNC]: clearing sync generators cache due to file changes
[NX v22.7.8 Daemon Server] - 2026-08-20T05:13:51.494Z - [WATCHER]: Processing file changes in outputs
[NX v22.7.8 Daemon Server] - 2026-08-20T05:13:57.903Z - [REQUEST]: Updated workspace context based on watched changes, recomputing project graph...
[NX v22.7.8 Daemon Server] - 2026-08-20T05:13:57.903Z - [REQUEST]: pnpm-workspace.yaml
[NX v22.7.8 Daemon Server] - 2026-08-20T05:13:57.903Z - [REQUEST]: 
[plugin-client] restarting worker for "nx/js/dependencies-and-lockfile"
[isolated-plugin] spawned worker for "nx/js/dependencies-and-lockfile" (pid: 7260, socket: \\.\pipe\nx\C:\Users\DHRUVM~1\AppData\Local\Temp\plugin5404-138-1184724.761.sock)
[plugin-client] restarting worker for "nx/core/package-json"
[isolated-plugin] spawned worker for "nx/core/package-json" (pid: 4140, socket: \\.\pipe\nx\C:\Users\DHRUVM~1\AppData\Local\Temp\plugin5404-139-1184821.6349.sock)
[plugin-client] restarting worker for "nx/core/project-json"
[isolated-plugin] spawned worker for "nx/core/project-json" (pid: 26084, socket: \\.\pipe\nx\C:\Users\DHRUVM~1\AppData\Local\Temp\plugin5404-140-1184912.7707.sock)
[NX v22.7.8 Daemon Server] - 2026-08-20T05:13:58.189Z - Time taken for 'hash changed files from watcher' 0.4192000001203269ms
[plugin-worker] "nx/js/dependencies-and-lockfile" (pid: 7260) listening on \\.\pipe\nx\C:\Users\DHRUVM~1\AppData\Local\Temp\plugin5404-138-1184724.761.sock
[isolated-plugin] connected to worker for "nx/js/dependencies-and-lockfile" (pid: 7260)
[1m[33mTime taken for 'plugin worker 7260 code loading' 264.0416ms[39m[22m
[NX v22.7.8 Daemon Server] - 2026-08-20T05:13:58.339Z - Time taken for 'start-plugin-worker:nx/js/dependencies-and-lockfile' 434.03460000013ms
[plugin-worker] "nx/js/dependencies-and-lockfile" (pid: 7260) connected
[plugin-worker] "nx/core/package-json" (pid: 4140) listening on \\.\pipe\nx\C:\Users\DHRUVM~1\AppData\Local\Temp\plugin5404-139-1184821.6349.sock
[isolated-plugin] connected to worker for "nx/core/package-json" (pid: 4140)
[1m[33mTime taken for 'plugin worker 4140 code loading' 261.25899999999996ms[39m[22m
[NX v22.7.8 Daemon Server] - 2026-08-20T05:13:58.439Z - Time taken for 'start-plugin-worker:nx/core/package-json' 436.7123999998439ms
[plugin-worker] "nx/core/package-json" (pid: 4140) connected
[plugin-worker] "nx/js/dependencies-and-lockfile" (pid: 7260) loaded successfully
[1m[33mTime taken for 'nx/js/dependencies-and-lockfile:createNodes' 4.831999999999994ms[39m[22m
[plugin-worker] "nx/core/project-json" (pid: 26084) listening on \\.\pipe\nx\C:\Users\DHRUVM~1\AppData\Local\Temp\plugin5404-140-1184912.7707.sock
[1m[33mTime taken for 'plugin worker 26084 code loading' 260.49629999999996ms[39m[22m
[isolated-plugin] connected to worker for "nx/core/project-json" (pid: 26084)
[NX v22.7.8 Daemon Server] - 2026-08-20T05:13:58.544Z - Time taken for 'start-plugin-worker:nx/core/project-json' 451.18129999982193ms
[plugin-worker] "nx/core/project-json" (pid: 26084) connected
[plugin-worker] "nx/core/package-json" (pid: 4140) loaded successfully
[1m[33mTime taken for 'nx/core/package-json:createNodes' 5.1447ms[39m[22m
[isolated-plugin] shutting down worker for "nx/core/package-json" after createNodes
[plugin-worker] "nx/core/project-json" (pid: 26084) loaded successfully
[1m[33mTime taken for 'nx/core/project-json:createNodes' 0.6027000000000271ms[39m[22m
[isolated-plugin] shutting down worker for "nx/core/project-json" after createNodes
[NX v22.7.8 Daemon Server] - 2026-08-20T05:13:58.669Z - Time taken for 'build-project-configs' 761.6429999999236ms
[NX v22.7.8 Daemon Server] - 2026-08-20T05:13:58.669Z - Time taken for 'createNodes:merge' 0.26979999989271164ms
[NX v22.7.8 Daemon Server] - 2026-08-20T05:13:58.669Z - Time taken for 'get-all-workspace-files' 0.022200000006705523ms
[1m[33mTime taken for 'build typescript dependencies' 0.1027000000000271ms[39m[22m
[isolated-plugin] shutting down worker for "nx/js/dependencies-and-lockfile" after createDependencies
[NX v22.7.8 Daemon Server] - 2026-08-20T05:13:58.673Z - [SYNC]: collect registered sync generators
[NX v22.7.8 Daemon Server] - 2026-08-20T05:13:58.674Z - [SYNC]: project graph hash is the same, not collecting task sync generators
[NX v22.7.8 Daemon Server] - 2026-08-20T05:13:58.674Z - [SYNC]: nx.json hash is the same, not collecting global sync generators
[NX v22.7.8 Daemon Server] - 2026-08-20T05:13:58.674Z - Time taken for 'total execution time for createProjectGraph()' 6.831800000043586ms
[NX v22.7.8 Daemon Server] - 2026-08-20T05:13:58.674Z - Time taken for 'createDependencies' 4.843899999978021ms
[NX v22.7.8 Daemon Server] - 2026-08-20T05:13:58.674Z - Time taken for 'nx/js/dependencies-and-lockfile:createDependencies' 4.7882999998983ms
[NX v22.7.8 Daemon Server] - 2026-08-20T05:13:58.674Z - Time taken for 'createMetadata' 0.004699999932199717ms
[NX v22.7.8 Daemon Server] - 2026-08-20T05:13:58.674Z - Time taken for 'serialize graph' 0.3620999997947365ms
[NX v22.7.8 Daemon Server] - 2026-08-20T05:13:59.768Z - [WATCHER]: Processing file changes in outputs
[NX v22.7.8 Daemon Server] - 2026-08-20T05:13:59.768Z - [WATCHER]: apps/portal/src/app/App.tsx was modified
[NX v22.7.8 Daemon Server] - 2026-08-20T05:13:59.768Z - [WATCHER]: File changes detected:
Created:
(none)
Updated:
  - apps/portal/src/app/App.tsx
Deleted:
(none)
[NX v22.7.8 Daemon Server] - 2026-08-20T05:13:59.768Z - [SYNC]: clearing sync generators cache due to file changes
[NX v22.7.8 Daemon Server] - 2026-08-20T05:14:06.179Z - [REQUEST]: Updated workspace context based on watched changes, recomputing project graph...
[NX v22.7.8 Daemon Server] - 2026-08-20T05:14:06.179Z - [REQUEST]: apps/portal/src/app/App.tsx
[NX v22.7.8 Daemon Server] - 2026-08-20T05:14:06.179Z - [REQUEST]: 
[plugin-client] restarting worker for "nx/js/dependencies-and-lockfile"
[isolated-plugin] spawned worker for "nx/js/dependencies-and-lockfile" (pid: 25492, socket: \\.\pipe\nx\C:\Users\DHRUVM~1\AppData\Local\Temp\plugin5404-141-1193000.1149.sock)
[plugin-client] restarting worker for "nx/core/package-json"
[isolated-plugin] spawned worker for "nx/core/package-json" (pid: 25380, socket: \\.\pipe\nx\C:\Users\DHRUVM~1\AppData\Local\Temp\plugin5404-142-1193137.8071.sock)
[plugin-client] restarting worker for "nx/core/project-json"
[isolated-plugin] spawned worker for "nx/core/project-json" (pid: 12984, socket: \\.\pipe\nx\C:\Users\DHRUVM~1\AppData\Local\Temp\plugin5404-143-1193307.2514.sock)
[NX v22.7.8 Daemon Server] - 2026-08-20T05:14:06.640Z - Time taken for 'hash changed files from watcher' 0.34789999993517995ms
[isolated-plugin] connected to worker for "nx/js/dependencies-and-lockfile" (pid: 25492)
[plugin-worker] "nx/js/dependencies-and-lockfile" (pid: 25492) listening on \\.\pipe\nx\C:\Users\DHRUVM~1\AppData\Local\Temp\plugin5404-141-1193000.1149.sock
[NX v22.7.8 Daemon Server] - 2026-08-20T05:14:06.644Z - Time taken for 'start-plugin-worker:nx/js/dependencies-and-lockfile' 462.6696000001393ms
[plugin-worker] "nx/js/dependencies-and-lockfile" (pid: 25492) connected
[1m[33mTime taken for 'plugin worker 25492 code loading' 252.4407ms[39m[22m
[plugin-worker] "nx/js/dependencies-and-lockfile" (pid: 25492) loaded successfully
[1m[33mTime taken for 'nx/js/dependencies-and-lockfile:createNodes' 5.735899999999958ms[39m[22m
[plugin-worker] "nx/core/package-json" (pid: 25380) listening on \\.\pipe\nx\C:\Users\DHRUVM~1\AppData\Local\Temp\plugin5404-142-1193137.8071.sock
[1m[33mTime taken for 'plugin worker 25380 code loading' 263.2825ms[39m[22m
[isolated-plugin] connected to worker for "nx/core/package-json" (pid: 25380)
[NX v22.7.8 Daemon Server] - 2026-08-20T05:14:06.840Z - Time taken for 'start-plugin-worker:nx/core/package-json' 522.3881999999285ms
[plugin-worker] "nx/core/package-json" (pid: 25380) connected
[plugin-worker] "nx/core/package-json" (pid: 25380) loaded successfully
[1m[33mTime taken for 'nx/core/package-json:createNodes' 5.521500000000003ms[39m[22m
[isolated-plugin] shutting down worker for "nx/core/package-json" after createNodes
[plugin-worker] "nx/core/project-json" (pid: 12984) listening on \\.\pipe\nx\C:\Users\DHRUVM~1\AppData\Local\Temp\plugin5404-143-1193307.2514.sock
[1m[33mTime taken for 'plugin worker 12984 code loading' 251.8008ms[39m[22m
[isolated-plugin] connected to worker for "nx/core/project-json" (pid: 12984)
[plugin-worker] "nx/core/project-json" (pid: 12984) connected
[NX v22.7.8 Daemon Server] - 2026-08-20T05:14:06.993Z - Time taken for 'start-plugin-worker:nx/core/project-json' 505.49849999998696ms
[plugin-worker] "nx/core/project-json" (pid: 12984) loaded successfully
[1m[33mTime taken for 'nx/core/project-json:createNodes' 0.5434999999999945ms[39m[22m
[isolated-plugin] shutting down worker for "nx/core/project-json" after createNodes
[NX v22.7.8 Daemon Server] - 2026-08-20T05:14:07.119Z - Time taken for 'build-project-configs' 933.0228999999817ms
[NX v22.7.8 Daemon Server] - 2026-08-20T05:14:07.119Z - Time taken for 'createNodes:merge' 0.5289999998640269ms
[NX v22.7.8 Daemon Server] - 2026-08-20T05:14:07.119Z - Time taken for 'get-all-workspace-files' 0.052700000116601586ms
[1m[33mTime taken for 'build typescript dependencies' 0.10580000000004475ms[39m[22m
[isolated-plugin] shutting down worker for "nx/js/dependencies-and-lockfile" after createDependencies
[NX v22.7.8 Daemon Server] - 2026-08-20T05:14:07.126Z - [SYNC]: collect registered sync generators
[NX v22.7.8 Daemon Server] - 2026-08-20T05:14:07.126Z - [SYNC]: project graph hash is the same, not collecting task sync generators
[NX v22.7.8 Daemon Server] - 2026-08-20T05:14:07.126Z - [SYNC]: nx.json hash is the same, not collecting global sync generators
[NX v22.7.8 Daemon Server] - 2026-08-20T05:14:07.127Z - Time taken for 'total execution time for createProjectGraph()' 11.258799999952316ms
[NX v22.7.8 Daemon Server] - 2026-08-20T05:14:07.127Z - Time taken for 'createDependencies' 6.699000000022352ms
[NX v22.7.8 Daemon Server] - 2026-08-20T05:14:07.127Z - Time taken for 'nx/js/dependencies-and-lockfile:createDependencies' 6.615300000179559ms
[NX v22.7.8 Daemon Server] - 2026-08-20T05:14:07.127Z - Time taken for 'createMetadata' 0.009599999990314245ms
[NX v22.7.8 Daemon Server] - 2026-08-20T05:14:07.127Z - Time taken for 'serialize graph' 0.8989000001456589ms
[NX v22.7.8 Daemon Server] - 2026-08-20T05:14:16.085Z - [WATCHER]: Processing file changes in outputs
[NX v22.7.8 Daemon Server] - 2026-08-20T05:14:16.085Z - [WATCHER]: apps/portal/src/app/App.tsx was modified
[NX v22.7.8 Daemon Server] - 2026-08-20T05:14:16.085Z - [WATCHER]: File changes detected:
Created:
(none)
Updated:
  - apps/portal/src/app/App.tsx
Deleted:
(none)
[NX v22.7.8 Daemon Server] - 2026-08-20T05:14:16.085Z - [SYNC]: clearing sync generators cache due to file changes
[NX v22.7.8 Daemon Server] - 2026-08-20T05:14:17.660Z - [WATCHER]: Processing file changes in outputs
[NX v22.7.8 Daemon Server] - 2026-08-20T05:14:17.660Z - [WATCHER]: apps/portal/src/app/App.tsx was modified
[NX v22.7.8 Daemon Server] - 2026-08-20T05:14:17.660Z - [WATCHER]: File changes detected:
Created:
(none)
Updated:
  - apps/portal/src/app/App.tsx
Deleted:
(none)
[NX v22.7.8 Daemon Server] - 2026-08-20T05:14:17.660Z - [SYNC]: clearing sync generators cache due to file changes
[NX v22.7.8 Daemon Server] - 2026-08-20T05:14:22.496Z - [REQUEST]: Updated workspace context based on watched changes, recomputing project graph...
[NX v22.7.8 Daemon Server] - 2026-08-20T05:14:22.496Z - [REQUEST]: apps/portal/src/app/App.tsx
[NX v22.7.8 Daemon Server] - 2026-08-20T05:14:22.496Z - [REQUEST]: 
[plugin-client] restarting worker for "nx/js/dependencies-and-lockfile"
[isolated-plugin] spawned worker for "nx/js/dependencies-and-lockfile" (pid: 25720, socket: \\.\pipe\nx\C:\Users\DHRUVM~1\AppData\Local\Temp\plugin5404-144-1209317.4462.sock)
[plugin-client] restarting worker for "nx/core/package-json"
[isolated-plugin] spawned worker for "nx/core/package-json" (pid: 26540, socket: \\.\pipe\nx\C:\Users\DHRUVM~1\AppData\Local\Temp\plugin5404-145-1209406.2091.sock)
[plugin-client] restarting worker for "nx/core/project-json"
[isolated-plugin] spawned worker for "nx/core/project-json" (pid: 17252, socket: \\.\pipe\nx\C:\Users\DHRUVM~1\AppData\Local\Temp\plugin5404-146-1209501.9256.sock)
[NX v22.7.8 Daemon Server] - 2026-08-20T05:14:22.785Z - Time taken for 'hash changed files from watcher' 0.601299999980256ms
[plugin-worker] "nx/js/dependencies-and-lockfile" (pid: 25720) listening on \\.\pipe\nx\C:\Users\DHRUVM~1\AppData\Local\Temp\plugin5404-144-1209317.4462.sock
[1m[33mTime taken for 'plugin worker 25720 code loading' 269.1636ms[39m[22m
[isolated-plugin] connected to worker for "nx/js/dependencies-and-lockfile" (pid: 25720)
[NX v22.7.8 Daemon Server] - 2026-08-20T05:14:22.937Z - Time taken for 'start-plugin-worker:nx/js/dependencies-and-lockfile' 439.2550000001211ms
[plugin-worker] "nx/js/dependencies-and-lockfile" (pid: 25720) connected
[plugin-worker] "nx/core/package-json" (pid: 26540) listening on \\.\pipe\nx\C:\Users\DHRUVM~1\AppData\Local\Temp\plugin5404-145-1209406.2091.sock
[1m[33mTime taken for 'plugin worker 26540 code loading' 262.6196ms[39m[22m
[isolated-plugin] connected to worker for "nx/core/package-json" (pid: 26540)
[NX v22.7.8 Daemon Server] - 2026-08-20T05:14:23.043Z - Time taken for 'start-plugin-worker:nx/core/package-json' 456.6744999999646ms
[plugin-worker] "nx/core/package-json" (pid: 26540) connected
[plugin-worker] "nx/js/dependencies-and-lockfile" (pid: 25720) loaded successfully
[1m[33mTime taken for 'nx/js/dependencies-and-lockfile:createNodes' 4.761700000000019ms[39m[22m
[plugin-worker] "nx/core/project-json" (pid: 17252) listening on \\.\pipe\nx\C:\Users\DHRUVM~1\AppData\Local\Temp\plugin5404-146-1209501.9256.sock
[1m[33mTime taken for 'plugin worker 17252 code loading' 258.60470000000004ms[39m[22m
[isolated-plugin] connected to worker for "nx/core/project-json" (pid: 17252)
[NX v22.7.8 Daemon Server] - 2026-08-20T05:14:23.137Z - Time taken for 'start-plugin-worker:nx/core/project-json' 454.9185999999754ms
[plugin-worker] "nx/core/project-json" (pid: 17252) connected
[plugin-worker] "nx/core/package-json" (pid: 26540) loaded successfully
[1m[33mTime taken for 'nx/core/package-json:createNodes' 4.703399999999988ms[39m[22m
[isolated-plugin] shutting down worker for "nx/core/package-json" after createNodes
[plugin-worker] "nx/core/project-json" (pid: 17252) loaded successfully
[1m[33mTime taken for 'nx/core/project-json:createNodes' 0.5617000000000303ms[39m[22m
[isolated-plugin] shutting down worker for "nx/core/project-json" after createNodes
[NX v22.7.8 Daemon Server] - 2026-08-20T05:14:23.259Z - Time taken for 'build-project-configs' 759.2929000000004ms
[NX v22.7.8 Daemon Server] - 2026-08-20T05:14:23.259Z - Time taken for 'createNodes:merge' 0.2014999999664724ms
[NX v22.7.8 Daemon Server] - 2026-08-20T05:14:23.259Z - Time taken for 'get-all-workspace-files' 0.020800000056624413ms
[1m[33mTime taken for 'build typescript dependencies' 1.126800000000003ms[39m[22m
[isolated-plugin] shutting down worker for "nx/js/dependencies-and-lockfile" after createDependencies
[NX v22.7.8 Daemon Server] - 2026-08-20T05:14:23.265Z - [SYNC]: collect registered sync generators
[NX v22.7.8 Daemon Server] - 2026-08-20T05:14:23.266Z - [SYNC]: project graph hash is the same, not collecting task sync generators
[NX v22.7.8 Daemon Server] - 2026-08-20T05:14:23.266Z - [SYNC]: nx.json hash is the same, not collecting global sync generators
[NX v22.7.8 Daemon Server] - 2026-08-20T05:14:23.266Z - Time taken for 'total execution time for createProjectGraph()' 8.158400000073016ms
[NX v22.7.8 Daemon Server] - 2026-08-20T05:14:23.266Z - Time taken for 'createDependencies' 6.191700000083074ms
[NX v22.7.8 Daemon Server] - 2026-08-20T05:14:23.266Z - Time taken for 'nx/js/dependencies-and-lockfile:createDependencies' 6.092999999877065ms
[NX v22.7.8 Daemon Server] - 2026-08-20T05:14:23.266Z - Time taken for 'createMetadata' 0.005200000014156103ms
[NX v22.7.8 Daemon Server] - 2026-08-20T05:14:23.266Z - Time taken for 'serialize graph' 0.36999999987892807ms
[NX v22.7.8 Daemon Server] - 2026-08-20T05:14:28.508Z - [WATCHER]: apps/portal/src/app/App.tsx was modified
[NX v22.7.8 Daemon Server] - 2026-08-20T05:14:28.509Z - [WATCHER]: File changes detected:
Created:
(none)
Updated:
  - apps/portal/src/app/App.tsx
Deleted:
(none)
[NX v22.7.8 Daemon Server] - 2026-08-20T05:14:28.509Z - [SYNC]: clearing sync generators cache due to file changes
[NX v22.7.8 Daemon Server] - 2026-08-20T05:14:28.509Z - [WATCHER]: Processing file changes in outputs
[NX v22.7.8 Daemon Server] - 2026-08-20T05:14:31.942Z - [WATCHER]: Processing file changes in outputs
[NX v22.7.8 Daemon Server] - 2026-08-20T05:14:31.942Z - [WATCHER]: apps/portal/src/app/App.tsx was modified
[NX v22.7.8 Daemon Server] - 2026-08-20T05:14:31.943Z - [WATCHER]: File changes detected:
Created:
(none)
Updated:
  - apps/portal/src/app/App.tsx
Deleted:
(none)
[NX v22.7.8 Daemon Server] - 2026-08-20T05:14:31.943Z - [SYNC]: clearing sync generators cache due to file changes
[NX v22.7.8 Daemon Server] - 2026-08-20T05:14:34.913Z - [REQUEST]: Updated workspace context based on watched changes, recomputing project graph...
[NX v22.7.8 Daemon Server] - 2026-08-20T05:14:34.913Z - [REQUEST]: apps/portal/src/app/App.tsx
[NX v22.7.8 Daemon Server] - 2026-08-20T05:14:34.913Z - [REQUEST]: 
[plugin-client] restarting worker for "nx/js/dependencies-and-lockfile"
[isolated-plugin] spawned worker for "nx/js/dependencies-and-lockfile" (pid: 24516, socket: \\.\pipe\nx\C:\Users\DHRUVM~1\AppData\Local\Temp\plugin5404-147-1221737.6695.sock)
[plugin-client] restarting worker for "nx/core/package-json"
[isolated-plugin] spawned worker for "nx/core/package-json" (pid: 24224, socket: \\.\pipe\nx\C:\Users\DHRUVM~1\AppData\Local\Temp\plugin5404-148-1221828.3582.sock)
[plugin-client] restarting worker for "nx/core/project-json"
[isolated-plugin] spawned worker for "nx/core/project-json" (pid: 21820, socket: \\.\pipe\nx\C:\Users\DHRUVM~1\AppData\Local\Temp\plugin5404-149-1221922.1768.sock)
[NX v22.7.8 Daemon Server] - 2026-08-20T05:14:35.200Z - Time taken for 'hash changed files from watcher' 0.2939000001642853ms
[plugin-worker] "nx/js/dependencies-and-lockfile" (pid: 24516) listening on \\.\pipe\nx\C:\Users\DHRUVM~1\AppData\Local\Temp\plugin5404-147-1221737.6695.sock
[isolated-plugin] connected to worker for "nx/js/dependencies-and-lockfile" (pid: 24516)
[1m[33mTime taken for 'plugin worker 24516 code loading' 256.9659ms[39m[22m
[NX v22.7.8 Daemon Server] - 2026-08-20T05:14:35.335Z - Time taken for 'start-plugin-worker:nx/js/dependencies-and-lockfile' 419.5246999999508ms
[plugin-worker] "nx/js/dependencies-and-lockfile" (pid: 24516) connected
[plugin-worker] "nx/core/package-json" (pid: 24224) listening on \\.\pipe\nx\C:\Users\DHRUVM~1\AppData\Local\Temp\plugin5404-148-1221828.3582.sock
[isolated-plugin] connected to worker for "nx/core/package-json" (pid: 24224)
[1m[33mTime taken for 'plugin worker 24224 code loading' 254.04399999999998ms[39m[22m
[NX v22.7.8 Daemon Server] - 2026-08-20T05:14:35.436Z - Time taken for 'start-plugin-worker:nx/core/package-json' 429.7874000000302ms
[plugin-worker] "nx/core/package-json" (pid: 24224) connected
[plugin-worker] "nx/js/dependencies-and-lockfile" (pid: 24516) loaded successfully
[1m[33mTime taken for 'nx/js/dependencies-and-lockfile:createNodes' 4.343399999999974ms[39m[22m
[plugin-worker] "nx/core/project-json" (pid: 21820) listening on \\.\pipe\nx\C:\Users\DHRUVM~1\AppData\Local\Temp\plugin5404-149-1221922.1768.sock
[isolated-plugin] connected to worker for "nx/core/project-json" (pid: 21820)
[1m[33mTime taken for 'plugin worker 21820 code loading' 250.121ms[39m[22m
[NX v22.7.8 Daemon Server] - 2026-08-20T05:14:35.533Z - Time taken for 'start-plugin-worker:nx/core/project-json' 433.1359999999404ms
[plugin-worker] "nx/core/project-json" (pid: 21820) connected
[plugin-worker] "nx/core/package-json" (pid: 24224) loaded successfully
[1m[33mTime taken for 'nx/core/package-json:createNodes' 5.238400000000013ms[39m[22m
[isolated-plugin] shutting down worker for "nx/core/package-json" after createNodes
[NX v22.7.8 Daemon Server] - 2026-08-20T05:14:35.613Z - [WATCHER]: Processing file changes in outputs
[NX v22.7.8 Daemon Server] - 2026-08-20T05:14:35.613Z - [WATCHER]: apps/portal/src/app/App.tsx was modified
[NX v22.7.8 Daemon Server] - 2026-08-20T05:14:35.613Z - [WATCHER]: File changes detected:
Created:
(none)
Updated:
  - apps/portal/src/app/App.tsx
Deleted:
(none)
[NX v22.7.8 Daemon Server] - 2026-08-20T05:14:35.613Z - [SYNC]: clearing sync generators cache due to file changes
[plugin-worker] "nx/core/project-json" (pid: 21820) loaded successfully
[1m[33mTime taken for 'nx/core/project-json:createNodes' 0.5926000000000045ms[39m[22m
[isolated-plugin] shutting down worker for "nx/core/project-json" after createNodes
[NX v22.7.8 Daemon Server] - 2026-08-20T05:14:35.658Z - Time taken for 'build-project-configs' 741.1410000000615ms
[NX v22.7.8 Daemon Server] - 2026-08-20T05:14:35.658Z - Time taken for 'createNodes:merge' 0.26210000016726553ms
[NX v22.7.8 Daemon Server] - 2026-08-20T05:14:35.658Z - Time taken for 'get-all-workspace-files' 0.02139999996870756ms
[1m[33mTime taken for 'build typescript dependencies' 1.8950999999999567ms[39m[22m
[isolated-plugin] shutting down worker for "nx/js/dependencies-and-lockfile" after createDependencies
[NX v22.7.8 Daemon Server] - 2026-08-20T05:14:35.665Z - [SYNC]: collect registered sync generators
[NX v22.7.8 Daemon Server] - 2026-08-20T05:14:35.666Z - [SYNC]: project graph hash is the same, not collecting task sync generators
[NX v22.7.8 Daemon Server] - 2026-08-20T05:14:35.666Z - [SYNC]: nx.json hash is the same, not collecting global sync generators
[NX v22.7.8 Daemon Server] - 2026-08-20T05:14:35.666Z - Time taken for 'total execution time for createProjectGraph()' 8.918400000082329ms
[NX v22.7.8 Daemon Server] - 2026-08-20T05:14:35.666Z - Time taken for 'createDependencies' 6.8891999998595566ms
[NX v22.7.8 Daemon Server] - 2026-08-20T05:14:35.666Z - Time taken for 'nx/js/dependencies-and-lockfile:createDependencies' 6.827999999979511ms
[NX v22.7.8 Daemon Server] - 2026-08-20T05:14:35.666Z - Time taken for 'createMetadata' 0.005600000033155084ms
[NX v22.7.8 Daemon Server] - 2026-08-20T05:14:35.666Z - Time taken for 'serialize graph' 0.39130000001750886ms
[NX v22.7.8 Daemon Server] - 2026-08-20T05:14:36.703Z - [WATCHER]: apps/portal/src/app/App.tsx was modified
[NX v22.7.8 Daemon Server] - 2026-08-20T05:14:36.703Z - [WATCHER]: File changes detected:
Created:
(none)
Updated:
  - apps/portal/src/app/App.tsx
Deleted:
(none)
[NX v22.7.8 Daemon Server] - 2026-08-20T05:14:36.704Z - [SYNC]: clearing sync generators cache due to file changes
[NX v22.7.8 Daemon Server] - 2026-08-20T05:14:36.704Z - [WATCHER]: Processing file changes in outputs
[NX v22.7.8 Daemon Server] - 2026-08-20T05:14:40.389Z - [WATCHER]: apps/portal/src/app/App.tsx was modified
[NX v22.7.8 Daemon Server] - 2026-08-20T05:14:40.389Z - [WATCHER]: File changes detected:
Created:
(none)
Updated:
  - apps/portal/src/app/App.tsx
Deleted:
(none)
[NX v22.7.8 Daemon Server] - 2026-08-20T05:14:40.389Z - [SYNC]: clearing sync generators cache due to file changes
[NX v22.7.8 Daemon Server] - 2026-08-20T05:14:40.389Z - [WATCHER]: Processing file changes in outputs
[NX v22.7.8 Daemon Server] - 2026-08-20T05:14:42.023Z - [REQUEST]: Updated workspace context based on watched changes, recomputing project graph...
[NX v22.7.8 Daemon Server] - 2026-08-20T05:14:42.023Z - [REQUEST]: apps/portal/src/app/App.tsx
[NX v22.7.8 Daemon Server] - 2026-08-20T05:14:42.023Z - [REQUEST]: 
[plugin-client] restarting worker for "nx/js/dependencies-and-lockfile"
[isolated-plugin] spawned worker for "nx/js/dependencies-and-lockfile" (pid: 8596, socket: \\.\pipe\nx\C:\Users\DHRUVM~1\AppData\Local\Temp\plugin5404-150-1228847.5327.sock)
[plugin-client] restarting worker for "nx/core/package-json"
[isolated-plugin] spawned worker for "nx/core/package-json" (pid: 17852, socket: \\.\pipe\nx\C:\Users\DHRUVM~1\AppData\Local\Temp\plugin5404-151-1228939.2348.sock)
[plugin-client] restarting worker for "nx/core/project-json"
[isolated-plugin] spawned worker for "nx/core/project-json" (pid: 18748, socket: \\.\pipe\nx\C:\Users\DHRUVM~1\AppData\Local\Temp\plugin5404-152-1229031.6596.sock)
[NX v22.7.8 Daemon Server] - 2026-08-20T05:14:42.310Z - Time taken for 'hash changed files from watcher' 0.31030000001192093ms
[plugin-worker] "nx/js/dependencies-and-lockfile" (pid: 8596) listening on \\.\pipe\nx\C:\Users\DHRUVM~1\AppData\Local\Temp\plugin5404-150-1228847.5327.sock
[1m[33mTime taken for 'plugin worker 8596 code loading' 263.8246ms[39m[22m
[isolated-plugin] connected to worker for "nx/js/dependencies-and-lockfile" (pid: 8596)
[NX v22.7.8 Daemon Server] - 2026-08-20T05:14:42.454Z - Time taken for 'start-plugin-worker:nx/js/dependencies-and-lockfile' 429.04839999997057ms
[plugin-worker] "nx/js/dependencies-and-lockfile" (pid: 8596) connected
[plugin-worker] "nx/core/package-json" (pid: 17852) listening on \\.\pipe\nx\C:\Users\DHRUVM~1\AppData\Local\Temp\plugin5404-151-1228939.2348.sock
[isolated-plugin] connected to worker for "nx/core/package-json" (pid: 17852)
[1m[33mTime taken for 'plugin worker 17852 code loading' 264.50300000000004ms[39m[22m
[plugin-worker] "nx/core/package-json" (pid: 17852) connected
[NX v22.7.8 Daemon Server] - 2026-08-20T05:14:42.558Z - Time taken for 'start-plugin-worker:nx/core/package-json' 440.908000000054ms
[plugin-worker] "nx/js/dependencies-and-lockfile" (pid: 8596) loaded successfully
[1m[33mTime taken for 'nx/js/dependencies-and-lockfile:createNodes' 4.297200000000032ms[39m[22m
[plugin-worker] "nx/core/project-json" (pid: 18748) listening on \\.\pipe\nx\C:\Users\DHRUVM~1\AppData\Local\Temp\plugin5404-152-1229031.6596.sock
[isolated-plugin] connected to worker for "nx/core/project-json" (pid: 18748)
[NX v22.7.8 Daemon Server] - 2026-08-20T05:14:42.662Z - Time taken for 'start-plugin-worker:nx/core/project-json' 453.0285000000149ms
[plugin-worker] "nx/core/project-json" (pid: 18748) connected
[1m[33mTime taken for 'plugin worker 18748 code loading' 270.59659999999997ms[39m[22m
[plugin-worker] "nx/core/package-json" (pid: 17852) loaded successfully
[1m[33mTime taken for 'nx/core/package-json:createNodes' 4.928999999999974ms[39m[22m
[isolated-plugin] shutting down worker for "nx/core/package-json" after createNodes
[plugin-worker] "nx/core/project-json" (pid: 18748) loaded successfully
[1m[33mTime taken for 'nx/core/project-json:createNodes' 0.5736999999999739ms[39m[22m
[isolated-plugin] shutting down worker for "nx/core/project-json" after createNodes
[NX v22.7.8 Daemon Server] - 2026-08-20T05:14:42.781Z - Time taken for 'build-project-configs' 753.7391999999527ms
[NX v22.7.8 Daemon Server] - 2026-08-20T05:14:42.781Z - Time taken for 'createNodes:merge' 0.21059999987483025ms
[NX v22.7.8 Daemon Server] - 2026-08-20T05:14:42.781Z - Time taken for 'get-all-workspace-files' 0.021100000012665987ms
[1m[33mTime taken for 'build typescript dependencies' 1.169399999999996ms[39m[22m
[isolated-plugin] shutting down worker for "nx/js/dependencies-and-lockfile" after createDependencies
[NX v22.7.8 Daemon Server] - 2026-08-20T05:14:42.787Z - [SYNC]: collect registered sync generators
[NX v22.7.8 Daemon Server] - 2026-08-20T05:14:42.787Z - [SYNC]: project graph hash is the same, not collecting task sync generators
[NX v22.7.8 Daemon Server] - 2026-08-20T05:14:42.787Z - [SYNC]: nx.json hash is the same, not collecting global sync generators
[NX v22.7.8 Daemon Server] - 2026-08-20T05:14:42.787Z - Time taken for 'total execution time for createProjectGraph()' 7.577799999853596ms
[NX v22.7.8 Daemon Server] - 2026-08-20T05:14:42.787Z - Time taken for 'createDependencies' 5.7657999999355525ms
[NX v22.7.8 Daemon Server] - 2026-08-20T05:14:42.787Z - Time taken for 'nx/js/dependencies-and-lockfile:createDependencies' 5.718800000147894ms
[NX v22.7.8 Daemon Server] - 2026-08-20T05:14:42.787Z - Time taken for 'createMetadata' 0.004600000102072954ms
[NX v22.7.8 Daemon Server] - 2026-08-20T05:14:42.787Z - Time taken for 'serialize graph' 0.38779999990947545ms
[NX v22.7.8 Daemon Server] - 2026-08-20T05:14:44.808Z - [WATCHER]: Processing file changes in outputs
[NX v22.7.8 Daemon Server] - 2026-08-20T05:14:44.809Z - [WATCHER]: apps/portal/src/app/App.tsx was modified
[NX v22.7.8 Daemon Server] - 2026-08-20T05:14:44.809Z - [WATCHER]: File changes detected:
Created:
(none)
Updated:
  - apps/portal/src/app/App.tsx
Deleted:
(none)
[NX v22.7.8 Daemon Server] - 2026-08-20T05:14:44.809Z - [SYNC]: clearing sync generators cache due to file changes
[NX v22.7.8 Daemon Server] - 2026-08-20T05:14:48.106Z - [WATCHER]: apps/portal/src/app/App.tsx was modified
[NX v22.7.8 Daemon Server] - 2026-08-20T05:14:48.106Z - [WATCHER]: File changes detected:
Created:
(none)
Updated:
  - apps/portal/src/app/App.tsx
Deleted:
(none)
[NX v22.7.8 Daemon Server] - 2026-08-20T05:14:48.107Z - [SYNC]: clearing sync generators cache due to file changes
[NX v22.7.8 Daemon Server] - 2026-08-20T05:14:48.107Z - [WATCHER]: Processing file changes in outputs
[NX v22.7.8 Daemon Server] - 2026-08-20T05:14:50.008Z - [WATCHER]: apps/portal/src/app/App.tsx was modified
[NX v22.7.8 Daemon Server] - 2026-08-20T05:14:50.008Z - [WATCHER]: File changes detected:
Created:
(none)
Updated:
  - apps/portal/src/app/App.tsx
Deleted:
(none)
[NX v22.7.8 Daemon Server] - 2026-08-20T05:14:50.008Z - [SYNC]: clearing sync generators cache due to file changes
[NX v22.7.8 Daemon Server] - 2026-08-20T05:14:50.008Z - [WATCHER]: Processing file changes in outputs
[NX v22.7.8 Daemon Server] - 2026-08-20T05:14:51.223Z - [REQUEST]: Updated workspace context based on watched changes, recomputing project graph...
[NX v22.7.8 Daemon Server] - 2026-08-20T05:14:51.223Z - [REQUEST]: apps/portal/src/app/App.tsx
[NX v22.7.8 Daemon Server] - 2026-08-20T05:14:51.223Z - [REQUEST]: 
[plugin-client] restarting worker for "nx/js/dependencies-and-lockfile"
[isolated-plugin] spawned worker for "nx/js/dependencies-and-lockfile" (pid: 24260, socket: \\.\pipe\nx\C:\Users\DHRUVM~1\AppData\Local\Temp\plugin5404-153-1238047.2934.sock)
[plugin-client] restarting worker for "nx/core/package-json"
[isolated-plugin] spawned worker for "nx/core/package-json" (pid: 13168, socket: \\.\pipe\nx\C:\Users\DHRUVM~1\AppData\Local\Temp\plugin5404-154-1238137.9998.sock)
[plugin-client] restarting worker for "nx/core/project-json"
[isolated-plugin] spawned worker for "nx/core/project-json" (pid: 12504, socket: \\.\pipe\nx\C:\Users\DHRUVM~1\AppData\Local\Temp\plugin5404-155-1238236.3652.sock)
[NX v22.7.8 Daemon Server] - 2026-08-20T05:14:51.510Z - Time taken for 'hash changed files from watcher' 0.2804999998770654ms
[plugin-worker] "nx/js/dependencies-and-lockfile" (pid: 24260) listening on \\.\pipe\nx\C:\Users\DHRUVM~1\AppData\Local\Temp\plugin5404-153-1238047.2934.sock
[1m[33mTime taken for 'plugin worker 24260 code loading' 252.8668ms[39m[22m
[isolated-plugin] connected to worker for "nx/js/dependencies-and-lockfile" (pid: 24260)
[NX v22.7.8 Daemon Server] - 2026-08-20T05:14:51.656Z - Time taken for 'start-plugin-worker:nx/js/dependencies-and-lockfile' 430.69270000001416ms
[plugin-worker] "nx/js/dependencies-and-lockfile" (pid: 24260) connected
[plugin-worker] "nx/core/package-json" (pid: 13168) listening on \\.\pipe\nx\C:\Users\DHRUVM~1\AppData\Local\Temp\plugin5404-154-1238137.9998.sock
[isolated-plugin] connected to worker for "nx/core/package-json" (pid: 13168)
[1m[33mTime taken for 'plugin worker 13168 code loading' 257.3817ms[39m[22m
[NX v22.7.8 Daemon Server] - 2026-08-20T05:14:51.755Z - Time taken for 'start-plugin-worker:nx/core/package-json' 438.4810000001453ms
[plugin-worker] "nx/core/package-json" (pid: 13168) connected
[plugin-worker] "nx/js/dependencies-and-lockfile" (pid: 24260) loaded successfully
[1m[33mTime taken for 'nx/js/dependencies-and-lockfile:createNodes' 4.469600000000014ms[39m[22m
[plugin-worker] "nx/core/project-json" (pid: 12504) listening on \\.\pipe\nx\C:\Users\DHRUVM~1\AppData\Local\Temp\plugin5404-155-1238236.3652.sock
[1m[33mTime taken for 'plugin worker 12504 code loading' 250.17270000000002ms[39m[22m
[isolated-plugin] connected to worker for "nx/core/project-json" (pid: 12504)
[NX v22.7.8 Daemon Server] - 2026-08-20T05:14:51.855Z - Time taken for 'start-plugin-worker:nx/core/project-json' 441.12260000011884ms
[plugin-worker] "nx/core/project-json" (pid: 12504) connected
[plugin-worker] "nx/core/package-json" (pid: 13168) loaded successfully
[1m[33mTime taken for 'nx/core/package-json:createNodes' 4.634200000000021ms[39m[22m
[isolated-plugin] shutting down worker for "nx/core/package-json" after createNodes
[plugin-worker] "nx/core/project-json" (pid: 12504) loaded successfully
[1m[33mTime taken for 'nx/core/project-json:createNodes' 0.5256999999999721ms[39m[22m
[isolated-plugin] shutting down worker for "nx/core/project-json" after createNodes
[NX v22.7.8 Daemon Server] - 2026-08-20T05:14:51.973Z - Time taken for 'build-project-configs' 746.0882999999449ms
[NX v22.7.8 Daemon Server] - 2026-08-20T05:14:51.973Z - Time taken for 'createNodes:merge' 0.19880000012926757ms
[NX v22.7.8 Daemon Server] - 2026-08-20T05:14:51.973Z - Time taken for 'get-all-workspace-files' 0.022200000006705523ms
[1m[33mTime taken for 'build typescript dependencies' 1.1382999999999583ms[39m[22m
[isolated-plugin] shutting down worker for "nx/js/dependencies-and-lockfile" after createDependencies
[NX v22.7.8 Daemon Server] - 2026-08-20T05:14:51.980Z - [SYNC]: collect registered sync generators
[NX v22.7.8 Daemon Server] - 2026-08-20T05:14:51.980Z - [SYNC]: project graph hash is the same, not collecting task sync generators
[NX v22.7.8 Daemon Server] - 2026-08-20T05:14:51.980Z - [SYNC]: nx.json hash is the same, not collecting global sync generators
[NX v22.7.8 Daemon Server] - 2026-08-20T05:14:51.981Z - Time taken for 'total execution time for createProjectGraph()' 9.211500000208616ms
[NX v22.7.8 Daemon Server] - 2026-08-20T05:14:51.981Z - Time taken for 'createDependencies' 7.225300000049174ms
[NX v22.7.8 Daemon Server] - 2026-08-20T05:14:51.981Z - Time taken for 'nx/js/dependencies-and-lockfile:createDependencies' 7.171499999938533ms
[NX v22.7.8 Daemon Server] - 2026-08-20T05:14:51.981Z - Time taken for 'createMetadata' 0.0052999998442828655ms
[NX v22.7.8 Daemon Server] - 2026-08-20T05:14:51.981Z - Time taken for 'serialize graph' 0.35000000009313226ms
[NX v22.7.8 Daemon Server] - 2026-08-20T05:14:54.477Z - [WATCHER]: apps/portal/src/app/App.tsx was modified
[NX v22.7.8 Daemon Server] - 2026-08-20T05:14:54.477Z - [WATCHER]: File changes detected:
Created:
(none)
Updated:
  - apps/portal/src/app/App.tsx
Deleted:
(none)
[NX v22.7.8 Daemon Server] - 2026-08-20T05:14:54.477Z - [SYNC]: clearing sync generators cache due to file changes
[NX v22.7.8 Daemon Server] - 2026-08-20T05:14:54.477Z - [WATCHER]: Processing file changes in outputs
[NX v22.7.8 Daemon Server] - 2026-08-20T05:14:55.108Z - [WATCHER]: apps/portal/src/app/App.tsx was modified
[NX v22.7.8 Daemon Server] - 2026-08-20T05:14:55.108Z - [WATCHER]: File changes detected:
Created:
(none)
Updated:
  - apps/portal/src/app/App.tsx
Deleted:
(none)
[NX v22.7.8 Daemon Server] - 2026-08-20T05:14:55.109Z - [SYNC]: clearing sync generators cache due to file changes
[NX v22.7.8 Daemon Server] - 2026-08-20T05:14:55.109Z - [WATCHER]: Processing file changes in outputs
[NX v22.7.8 Daemon Server] - 2026-08-20T05:15:00.893Z - [REQUEST]: Updated workspace context based on watched changes, recomputing project graph...
[NX v22.7.8 Daemon Server] - 2026-08-20T05:15:00.894Z - [REQUEST]: apps/portal/src/app/App.tsx
[NX v22.7.8 Daemon Server] - 2026-08-20T05:15:00.894Z - [REQUEST]: 
[plugin-client] restarting worker for "nx/js/dependencies-and-lockfile"
[isolated-plugin] spawned worker for "nx/js/dependencies-and-lockfile" (pid: 23700, socket: \\.\pipe\nx\C:\Users\DHRUVM~1\AppData\Local\Temp\plugin5404-156-1247717.9194.sock)
[plugin-client] restarting worker for "nx/core/package-json"
[isolated-plugin] spawned worker for "nx/core/package-json" (pid: 5760, socket: \\.\pipe\nx\C:\Users\DHRUVM~1\AppData\Local\Temp\plugin5404-157-1247897.8178.sock)
[plugin-client] restarting worker for "nx/core/project-json"
[isolated-plugin] spawned worker for "nx/core/project-json" (pid: 26520, socket: \\.\pipe\nx\C:\Users\DHRUVM~1\AppData\Local\Temp\plugin5404-158-1248039.9755.sock)
[NX v22.7.8 Daemon Server] - 2026-08-20T05:15:01.370Z - Time taken for 'hash changed files from watcher' 0.41409999993629754ms
[plugin-worker] "nx/js/dependencies-and-lockfile" (pid: 23700) listening on \\.\pipe\nx\C:\Users\DHRUVM~1\AppData\Local\Temp\plugin5404-156-1247717.9194.sock
[isolated-plugin] connected to worker for "nx/js/dependencies-and-lockfile" (pid: 23700)
[1m[33mTime taken for 'plugin worker 23700 code loading' 260.8295ms[39m[22m
[NX v22.7.8 Daemon Server] - 2026-08-20T05:15:01.407Z - Time taken for 'start-plugin-worker:nx/js/dependencies-and-lockfile' 511.3292000000365ms
[plugin-worker] "nx/js/dependencies-and-lockfile" (pid: 23700) connected
[plugin-worker] "nx/js/dependencies-and-lockfile" (pid: 23700) loaded successfully
[1m[33mTime taken for 'nx/js/dependencies-and-lockfile:createNodes' 4.660699999999963ms[39m[22m
[plugin-worker] "nx/core/package-json" (pid: 5760) listening on \\.\pipe\nx\C:\Users\DHRUVM~1\AppData\Local\Temp\plugin5404-157-1247897.8178.sock
[1m[33mTime taken for 'plugin worker 5760 code loading' 271.64ms[39m[22m
[isolated-plugin] connected to worker for "nx/core/package-json" (pid: 5760)
[NX v22.7.8 Daemon Server] - 2026-08-20T05:15:01.574Z - Time taken for 'start-plugin-worker:nx/core/package-json' 498.27679999987595ms
[plugin-worker] "nx/core/package-json" (pid: 5760) connected
[plugin-worker] "nx/core/package-json" (pid: 5760) loaded successfully
[1m[33mTime taken for 'nx/core/package-json:createNodes' 5.4547999999999774ms[39m[22m
[isolated-plugin] shutting down worker for "nx/core/package-json" after createNodes
[plugin-worker] "nx/core/project-json" (pid: 26520) listening on \\.\pipe\nx\C:\Users\DHRUVM~1\AppData\Local\Temp\plugin5404-158-1248039.9755.sock
[isolated-plugin] connected to worker for "nx/core/project-json" (pid: 26520)
[1m[33mTime taken for 'plugin worker 26520 code loading' 283.2027ms[39m[22m
[plugin-worker] "nx/core/project-json" (pid: 26520) connected
[NX v22.7.8 Daemon Server] - 2026-08-20T05:15:01.738Z - Time taken for 'start-plugin-worker:nx/core/project-json' 520.6920999998692ms
[plugin-worker] "nx/core/project-json" (pid: 26520) loaded successfully
[1m[33mTime taken for 'nx/core/project-json:createNodes' 0.7010000000000218ms[39m[22m
[isolated-plugin] shutting down worker for "nx/core/project-json" after createNodes
[NX v22.7.8 Daemon Server] - 2026-08-20T05:15:01.864Z - Time taken for 'build-project-configs' 965.9226999999955ms
[NX v22.7.8 Daemon Server] - 2026-08-20T05:15:01.864Z - Time taken for 'createNodes:merge' 0.3937999999616295ms
[NX v22.7.8 Daemon Server] - 2026-08-20T05:15:01.864Z - Time taken for 'get-all-workspace-files' 0.035099999979138374ms
[1m[33mTime taken for 'build typescript dependencies' 1.2217999999999165ms[39m[22m
[isolated-plugin] shutting down worker for "nx/js/dependencies-and-lockfile" after createDependencies
[NX v22.7.8 Daemon Server] - 2026-08-20T05:15:01.872Z - [SYNC]: collect registered sync generators
[NX v22.7.8 Daemon Server] - 2026-08-20T05:15:01.873Z - [SYNC]: project graph hash is the same, not collecting task sync generators
[NX v22.7.8 Daemon Server] - 2026-08-20T05:15:01.873Z - [SYNC]: nx.json hash is the same, not collecting global sync generators
[NX v22.7.8 Daemon Server] - 2026-08-20T05:15:01.873Z - Time taken for 'total execution time for createProjectGraph()' 10.589799999957904ms
[NX v22.7.8 Daemon Server] - 2026-08-20T05:15:01.873Z - Time taken for 'createDependencies' 7.467600000090897ms
[NX v22.7.8 Daemon Server] - 2026-08-20T05:15:01.873Z - Time taken for 'nx/js/dependencies-and-lockfile:createDependencies' 7.371600000187755ms
[NX v22.7.8 Daemon Server] - 2026-08-20T05:15:01.873Z - Time taken for 'createMetadata' 0.010100000072270632ms
[NX v22.7.8 Daemon Server] - 2026-08-20T05:15:01.873Z - Time taken for 'serialize graph' 0.6739000000525266ms
[NX v22.7.8 Daemon Server] - 2026-08-20T05:15:34.741Z - [WATCHER]: Processing file changes in outputs
[NX v22.7.8 Daemon Server] - 2026-08-20T05:15:34.742Z - [WATCHER]: apps/portal/src/app/Sidebar.tsx was modified
[NX v22.7.8 Daemon Server] - 2026-08-20T05:15:34.742Z - [WATCHER]: File changes detected:
Created:
(none)
Updated:
  - apps/portal/src/app/Sidebar.tsx
Deleted:
(none)
[NX v22.7.8 Daemon Server] - 2026-08-20T05:15:34.742Z - [SYNC]: clearing sync generators cache due to file changes
[NX v22.7.8 Daemon Server] - 2026-08-20T05:15:35.877Z - [WATCHER]: Processing file changes in outputs
[NX v22.7.8 Daemon Server] - 2026-08-20T05:15:35.877Z - [WATCHER]: apps/portal/src/app/Sidebar.tsx was modified
[NX v22.7.8 Daemon Server] - 2026-08-20T05:15:35.878Z - [WATCHER]: File changes detected:
Created:
(none)
Updated:
  - apps/portal/src/app/Sidebar.tsx
Deleted:
(none)
[NX v22.7.8 Daemon Server] - 2026-08-20T05:15:35.878Z - [SYNC]: clearing sync generators cache due to file changes
[NX v22.7.8 Daemon Server] - 2026-08-20T05:15:39.205Z - [WATCHER]: apps/portal/src/app/Sidebar.tsx was modified
[NX v22.7.8 Daemon Server] - 2026-08-20T05:15:39.205Z - [WATCHER]: File changes detected:
Created:
(none)
Updated:
  - apps/portal/src/app/Sidebar.tsx
Deleted:
(none)
[NX v22.7.8 Daemon Server] - 2026-08-20T05:15:39.205Z - [SYNC]: clearing sync generators cache due to file changes
[NX v22.7.8 Daemon Server] - 2026-08-20T05:15:39.205Z - [WATCHER]: Processing file changes in outputs
[NX v22.7.8 Daemon Server] - 2026-08-20T05:15:41.157Z - [REQUEST]: Updated workspace context based on watched changes, recomputing project graph...
[NX v22.7.8 Daemon Server] - 2026-08-20T05:15:41.158Z - [REQUEST]: apps/portal/src/app/Sidebar.tsx
[NX v22.7.8 Daemon Server] - 2026-08-20T05:15:41.158Z - [REQUEST]: 
[plugin-client] restarting worker for "nx/js/dependencies-and-lockfile"
[isolated-plugin] spawned worker for "nx/js/dependencies-and-lockfile" (pid: 21500, socket: \\.\pipe\nx\C:\Users\DHRUVM~1\AppData\Local\Temp\plugin5404-159-1287978.7679.sock)
[plugin-client] restarting worker for "nx/core/package-json"
[isolated-plugin] spawned worker for "nx/core/package-json" (pid: 24908, socket: \\.\pipe\nx\C:\Users\DHRUVM~1\AppData\Local\Temp\plugin5404-160-1288070.3037.sock)
[plugin-client] restarting worker for "nx/core/project-json"
[isolated-plugin] spawned worker for "nx/core/project-json" (pid: 26472, socket: \\.\pipe\nx\C:\Users\DHRUVM~1\AppData\Local\Temp\plugin5404-161-1288163.7967.sock)
[NX v22.7.8 Daemon Server] - 2026-08-20T05:15:41.444Z - Time taken for 'hash changed files from watcher' 0.3199000000022352ms
[plugin-worker] "nx/js/dependencies-and-lockfile" (pid: 21500) listening on \\.\pipe\nx\C:\Users\DHRUVM~1\AppData\Local\Temp\plugin5404-159-1287978.7679.sock
[isolated-plugin] connected to worker for "nx/js/dependencies-and-lockfile" (pid: 21500)
[NX v22.7.8 Daemon Server] - 2026-08-20T05:15:41.584Z - Time taken for 'start-plugin-worker:nx/js/dependencies-and-lockfile' 425.17929999995977ms
[plugin-worker] "nx/js/dependencies-and-lockfile" (pid: 21500) connected
[1m[33mTime taken for 'plugin worker 21500 code loading' 260.8553ms[39m[22m
[plugin-worker] "nx/core/package-json" (pid: 24908) listening on \\.\pipe\nx\C:\Users\DHRUVM~1\AppData\Local\Temp\plugin5404-160-1288070.3037.sock
[1m[33mTime taken for 'plugin worker 24908 code loading' 259.6832ms[39m[22m
[isolated-plugin] connected to worker for "nx/core/package-json" (pid: 24908)
[NX v22.7.8 Daemon Server] - 2026-08-20T05:15:41.698Z - Time taken for 'start-plugin-worker:nx/core/package-json' 446.7042000000365ms
[plugin-worker] "nx/core/package-json" (pid: 24908) connected
[plugin-worker] "nx/js/dependencies-and-lockfile" (pid: 21500) loaded successfully
[1m[33mTime taken for 'nx/js/dependencies-and-lockfile:createNodes' 4.2812000000000126ms[39m[22m
[plugin-worker] "nx/core/project-json" (pid: 26472) listening on \\.\pipe\nx\C:\Users\DHRUVM~1\AppData\Local\Temp\plugin5404-161-1288163.7967.sock
[1m[33mTime taken for 'plugin worker 26472 code loading' 258.7828ms[39m[22m
[isolated-plugin] connected to worker for "nx/core/project-json" (pid: 26472)
[NX v22.7.8 Daemon Server] - 2026-08-20T05:15:41.805Z - [WATCHER]: apps/portal/src/app/Sidebar.tsx was modified
[NX v22.7.8 Daemon Server] - 2026-08-20T05:15:41.805Z - [WATCHER]: File changes detected:
Created:
(none)
Updated:
  - apps/portal/src/app/Sidebar.tsx
Deleted:
(none)
[NX v22.7.8 Daemon Server] - 2026-08-20T05:15:41.805Z - [SYNC]: clearing sync generators cache due to file changes
[NX v22.7.8 Daemon Server] - 2026-08-20T05:15:41.805Z - [WATCHER]: Processing file changes in outputs
[NX v22.7.8 Daemon Server] - 2026-08-20T05:15:41.805Z - Time taken for 'start-plugin-worker:nx/core/project-json' 460.344000000041ms
[plugin-worker] "nx/core/project-json" (pid: 26472) connected
[plugin-worker] "nx/core/package-json" (pid: 24908) loaded successfully
[1m[33mTime taken for 'nx/core/package-json:createNodes' 5.324999999999989ms[39m[22m
[isolated-plugin] shutting down worker for "nx/core/package-json" after createNodes
[plugin-worker] "nx/core/project-json" (pid: 26472) loaded successfully
[1m[33mTime taken for 'nx/core/project-json:createNodes' 0.620399999999961ms[39m[22m
[isolated-plugin] shutting down worker for "nx/core/project-json" after createNodes
[NX v22.7.8 Daemon Server] - 2026-08-20T05:15:41.932Z - Time taken for 'build-project-configs' 771.0862000000197ms
[NX v22.7.8 Daemon Server] - 2026-08-20T05:15:41.932Z - Time taken for 'createNodes:merge' 0.22590000019408762ms
[NX v22.7.8 Daemon Server] - 2026-08-20T05:15:41.932Z - Time taken for 'get-all-workspace-files' 0.02419999986886978ms
[1m[33mTime taken for 'build typescript dependencies' 1.2248999999999342ms[39m[22m
[isolated-plugin] shutting down worker for "nx/js/dependencies-and-lockfile" after createDependencies
[NX v22.7.8 Daemon Server] - 2026-08-20T05:15:41.938Z - [SYNC]: collect registered sync generators
[NX v22.7.8 Daemon Server] - 2026-08-20T05:15:41.939Z - [SYNC]: project graph hash is the same, not collecting task sync generators
[NX v22.7.8 Daemon Server] - 2026-08-20T05:15:41.939Z - [SYNC]: nx.json hash is the same, not collecting global sync generators
[NX v22.7.8 Daemon Server] - 2026-08-20T05:15:41.939Z - Time taken for 'total execution time for createProjectGraph()' 7.834399999817833ms
[NX v22.7.8 Daemon Server] - 2026-08-20T05:15:41.939Z - Time taken for 'createDependencies' 6.042099999962375ms
[NX v22.7.8 Daemon Server] - 2026-08-20T05:15:41.939Z - Time taken for 'nx/js/dependencies-and-lockfile:createDependencies' 5.9980999999679625ms
[NX v22.7.8 Daemon Server] - 2026-08-20T05:15:41.939Z - Time taken for 'createMetadata' 0.004999999888241291ms
[NX v22.7.8 Daemon Server] - 2026-08-20T05:15:41.939Z - Time taken for 'serialize graph' 0.36460000020451844ms
[NX v22.7.8 Daemon Server] - 2026-08-20T05:15:44.778Z - [WATCHER]: Processing file changes in outputs
[NX v22.7.8 Daemon Server] - 2026-08-20T05:15:44.778Z - [WATCHER]: apps/portal/src/app/Sidebar.tsx was modified
[NX v22.7.8 Daemon Server] - 2026-08-20T05:15:44.778Z - [WATCHER]: File changes detected:
Created:
(none)
Updated:
  - apps/portal/src/app/Sidebar.tsx
Deleted:
(none)
[NX v22.7.8 Daemon Server] - 2026-08-20T05:15:44.778Z - [SYNC]: clearing sync generators cache due to file changes
[NX v22.7.8 Daemon Server] - 2026-08-20T05:15:45.976Z - [WATCHER]: apps/portal/src/app/Sidebar.tsx was modified
[NX v22.7.8 Daemon Server] - 2026-08-20T05:15:45.976Z - [WATCHER]: File changes detected:
Created:
(none)
Updated:
  - apps/portal/src/app/Sidebar.tsx
Deleted:
(none)
[NX v22.7.8 Daemon Server] - 2026-08-20T05:15:45.976Z - [SYNC]: clearing sync generators cache due to file changes
[NX v22.7.8 Daemon Server] - 2026-08-20T05:15:45.976Z - [WATCHER]: Processing file changes in outputs
[NX v22.7.8 Daemon Server] - 2026-08-20T05:15:48.209Z - [REQUEST]: Updated workspace context based on watched changes, recomputing project graph...
[NX v22.7.8 Daemon Server] - 2026-08-20T05:15:48.210Z - [REQUEST]: apps/portal/src/app/Sidebar.tsx
[NX v22.7.8 Daemon Server] - 2026-08-20T05:15:48.210Z - [REQUEST]: 
[plugin-client] restarting worker for "nx/js/dependencies-and-lockfile"
[isolated-plugin] spawned worker for "nx/js/dependencies-and-lockfile" (pid: 26364, socket: \\.\pipe\nx\C:\Users\DHRUVM~1\AppData\Local\Temp\plugin5404-162-1295031.322.sock)
[plugin-client] restarting worker for "nx/core/package-json"
[isolated-plugin] spawned worker for "nx/core/package-json" (pid: 19932, socket: \\.\pipe\nx\C:\Users\DHRUVM~1\AppData\Local\Temp\plugin5404-163-1295216.6172.sock)
[plugin-client] restarting worker for "nx/core/project-json"
[isolated-plugin] spawned worker for "nx/core/project-json" (pid: 13144, socket: \\.\pipe\nx\C:\Users\DHRUVM~1\AppData\Local\Temp\plugin5404-164-1295356.1272.sock)
[NX v22.7.8 Daemon Server] - 2026-08-20T05:15:48.681Z - Time taken for 'hash changed files from watcher' 0.5276999999769032ms
[plugin-worker] "nx/js/dependencies-and-lockfile" (pid: 26364) listening on \\.\pipe\nx\C:\Users\DHRUVM~1\AppData\Local\Temp\plugin5404-162-1295031.322.sock
[1m[33mTime taken for 'plugin worker 26364 code loading' 261.94129999999996ms[39m[22m
[isolated-plugin] connected to worker for "nx/js/dependencies-and-lockfile" (pid: 26364)
[NX v22.7.8 Daemon Server] - 2026-08-20T05:15:48.742Z - Time taken for 'start-plugin-worker:nx/js/dependencies-and-lockfile' 530.5689999999013ms
[plugin-worker] "nx/js/dependencies-and-lockfile" (pid: 26364) connected
[plugin-worker] "nx/core/package-json" (pid: 19932) listening on \\.\pipe\nx\C:\Users\DHRUVM~1\AppData\Local\Temp\plugin5404-163-1295216.6172.sock
[1m[33mTime taken for 'plugin worker 19932 code loading' 268.9481ms[39m[22m
[plugin-worker] "nx/js/dependencies-and-lockfile" (pid: 26364) loaded successfully
[isolated-plugin] connected to worker for "nx/core/package-json" (pid: 19932)
[NX v22.7.8 Daemon Server] - 2026-08-20T05:15:48.891Z - Time taken for 'start-plugin-worker:nx/core/package-json' 493.967399999965ms
[plugin-worker] "nx/core/package-json" (pid: 19932) connected
[1m[33mTime taken for 'nx/js/dependencies-and-lockfile:createNodes' 4.6001999999999725ms[39m[22m
[plugin-worker] "nx/core/package-json" (pid: 19932) loaded successfully
[1m[33mTime taken for 'nx/core/package-json:createNodes' 5.913199999999961ms[39m[22m
[plugin-worker] "nx/core/project-json" (pid: 13144) listening on \\.\pipe\nx\C:\Users\DHRUVM~1\AppData\Local\Temp\plugin5404-164-1295356.1272.sock
[isolated-plugin] shutting down worker for "nx/core/package-json" after createNodes
[1m[33mTime taken for 'plugin worker 13144 code loading' 269.8102ms[39m[22m
[isolated-plugin] connected to worker for "nx/core/project-json" (pid: 13144)
[plugin-worker] "nx/core/project-json" (pid: 13144) connected
[NX v22.7.8 Daemon Server] - 2026-08-20T05:15:49.047Z - Time taken for 'start-plugin-worker:nx/core/project-json' 510.4419999998063ms
[plugin-worker] "nx/core/project-json" (pid: 13144) loaded successfully
[1m[33mTime taken for 'nx/core/project-json:createNodes' 0.6626999999999725ms[39m[22m
[isolated-plugin] shutting down worker for "nx/core/project-json" after createNodes
[NX v22.7.8 Daemon Server] - 2026-08-20T05:15:49.168Z - Time taken for 'build-project-configs' 954.6927000000142ms
[NX v22.7.8 Daemon Server] - 2026-08-20T05:15:49.168Z - Time taken for 'createNodes:merge' 0.20919999992474914ms
[NX v22.7.8 Daemon Server] - 2026-08-20T05:15:49.168Z - Time taken for 'get-all-workspace-files' 0.02170000015757978ms
[1m[33mTime taken for 'build typescript dependencies' 1.269100000000094ms[39m[22m
[isolated-plugin] shutting down worker for "nx/js/dependencies-and-lockfile" after createDependencies
[NX v22.7.8 Daemon Server] - 2026-08-20T05:15:49.174Z - [SYNC]: collect registered sync generators
[NX v22.7.8 Daemon Server] - 2026-08-20T05:15:49.175Z - [SYNC]: project graph hash is the same, not collecting task sync generators
[NX v22.7.8 Daemon Server] - 2026-08-20T05:15:49.175Z - [SYNC]: nx.json hash is the same, not collecting global sync generators
[NX v22.7.8 Daemon Server] - 2026-08-20T05:15:49.175Z - Time taken for 'total execution time for createProjectGraph()' 7.889200000092387ms
[NX v22.7.8 Daemon Server] - 2026-08-20T05:15:49.175Z - Time taken for 'createDependencies' 6.037899999879301ms
[NX v22.7.8 Daemon Server] - 2026-08-20T05:15:49.175Z - Time taken for 'nx/js/dependencies-and-lockfile:createDependencies' 5.984899999806657ms
[NX v22.7.8 Daemon Server] - 2026-08-20T05:15:49.175Z - Time taken for 'createMetadata' 0.004699999932199717ms
[NX v22.7.8 Daemon Server] - 2026-08-20T05:15:49.175Z - Time taken for 'serialize graph' 0.750400000018999ms
[NX v22.7.8 Daemon Server] - 2026-08-20T05:16:15.592Z - [WATCHER]: apps/portal/src/app/App.tsx was modified
[NX v22.7.8 Daemon Server] - 2026-08-20T05:16:15.592Z - [WATCHER]: File changes detected:
Created:
(none)
Updated:
  - apps/portal/src/app/App.tsx
Deleted:
(none)
[NX v22.7.8 Daemon Server] - 2026-08-20T05:16:15.592Z - [SYNC]: clearing sync generators cache due to file changes
[NX v22.7.8 Daemon Server] - 2026-08-20T05:16:15.592Z - [WATCHER]: Processing file changes in outputs
[NX v22.7.8 Daemon Server] - 2026-08-20T05:16:17.593Z - [WATCHER]: apps/portal/src/app/App.tsx was modified
[NX v22.7.8 Daemon Server] - 2026-08-20T05:16:17.593Z - [WATCHER]: File changes detected:
Created:
(none)
Updated:
  - apps/portal/src/app/App.tsx
Deleted:
(none)
[NX v22.7.8 Daemon Server] - 2026-08-20T05:16:17.593Z - [SYNC]: clearing sync generators cache due to file changes
[NX v22.7.8 Daemon Server] - 2026-08-20T05:16:17.593Z - [WATCHER]: Processing file changes in outputs
[NX v22.7.8 Daemon Server] - 2026-08-20T05:16:19.090Z - [WATCHER]: Processing file changes in outputs
[NX v22.7.8 Daemon Server] - 2026-08-20T05:16:19.090Z - [WATCHER]: apps/portal/src/app/App.tsx was modified
[NX v22.7.8 Daemon Server] - 2026-08-20T05:16:19.090Z - [WATCHER]: File changes detected:
Created:
(none)
Updated:
  - apps/portal/src/app/App.tsx
Deleted:
(none)
[NX v22.7.8 Daemon Server] - 2026-08-20T05:16:19.090Z - [SYNC]: clearing sync generators cache due to file changes
[NX v22.7.8 Daemon Server] - 2026-08-20T05:16:21.994Z - [REQUEST]: Updated workspace context based on watched changes, recomputing project graph...
[NX v22.7.8 Daemon Server] - 2026-08-20T05:16:21.994Z - [REQUEST]: apps/portal/src/app/App.tsx
[NX v22.7.8 Daemon Server] - 2026-08-20T05:16:21.994Z - [REQUEST]: 
[plugin-client] restarting worker for "nx/js/dependencies-and-lockfile"
[isolated-plugin] spawned worker for "nx/js/dependencies-and-lockfile" (pid: 5588, socket: \\.\pipe\nx\C:\Users\DHRUVM~1\AppData\Local\Temp\plugin5404-165-1328815.5801.sock)
[plugin-client] restarting worker for "nx/core/package-json"
[isolated-plugin] spawned worker for "nx/core/package-json" (pid: 13004, socket: \\.\pipe\nx\C:\Users\DHRUVM~1\AppData\Local\Temp\plugin5404-166-1329017.6706.sock)
[plugin-client] restarting worker for "nx/core/project-json"
[isolated-plugin] spawned worker for "nx/core/project-json" (pid: 24060, socket: \\.\pipe\nx\C:\Users\DHRUVM~1\AppData\Local\Temp\plugin5404-167-1329199.4109.sock)
[plugin-worker] "nx/js/dependencies-and-lockfile" (pid: 5588) listening on \\.\pipe\nx\C:\Users\DHRUVM~1\AppData\Local\Temp\plugin5404-165-1328815.5801.sock
[1m[33mTime taken for 'plugin worker 5588 code loading' 241.25619999999998ms[39m[22m
[NX v22.7.8 Daemon Server] - 2026-08-20T05:16:22.532Z - Time taken for 'hash changed files from watcher' 0.6173000000417233ms
[isolated-plugin] connected to worker for "nx/js/dependencies-and-lockfile" (pid: 5588)
[plugin-worker] "nx/js/dependencies-and-lockfile" (pid: 5588) connected
[NX v22.7.8 Daemon Server] - 2026-08-20T05:16:22.536Z - Time taken for 'start-plugin-worker:nx/js/dependencies-and-lockfile' 539.7739000001457ms
[plugin-worker] "nx/js/dependencies-and-lockfile" (pid: 5588) loaded successfully
[1m[33mTime taken for 'nx/js/dependencies-and-lockfile:createNodes' 3.956800000000044ms[39m[22m
[plugin-worker] "nx/core/package-json" (pid: 13004) listening on \\.\pipe\nx\C:\Users\DHRUVM~1\AppData\Local\Temp\plugin5404-166-1329017.6706.sock
[isolated-plugin] connected to worker for "nx/core/package-json" (pid: 13004)
[1m[33mTime taken for 'plugin worker 13004 code loading' 252.6722ms[39m[22m
[plugin-worker] "nx/core/package-json" (pid: 13004) connected
[NX v22.7.8 Daemon Server] - 2026-08-20T05:16:22.709Z - Time taken for 'start-plugin-worker:nx/core/package-json' 511.0763000000734ms
[plugin-worker] "nx/core/package-json" (pid: 13004) loaded successfully
[1m[33mTime taken for 'nx/core/package-json:createNodes' 4.7181999999999675ms[39m[22m
[isolated-plugin] shutting down worker for "nx/core/package-json" after createNodes
[plugin-worker] "nx/core/project-json" (pid: 24060) listening on \\.\pipe\nx\C:\Users\DHRUVM~1\AppData\Local\Temp\plugin5404-167-1329199.4109.sock
[isolated-plugin] connected to worker for "nx/core/project-json" (pid: 24060)
[1m[33mTime taken for 'plugin worker 24060 code loading' 243.89950000000002ms[39m[22m
[plugin-worker] "nx/core/project-json" (pid: 24060) connected
[NX v22.7.8 Daemon Server] - 2026-08-20T05:16:22.860Z - Time taken for 'start-plugin-worker:nx/core/project-json' 479.46529999980703ms
[plugin-worker] "nx/core/project-json" (pid: 24060) loaded successfully
[1m[33mTime taken for 'nx/core/project-json:createNodes' 0.5147999999999797ms[39m[22m
[isolated-plugin] shutting down worker for "nx/core/project-json" after createNodes
[NX v22.7.8 Daemon Server] - 2026-08-20T05:16:22.981Z - Time taken for 'build-project-configs' 979.9858999999706ms
[NX v22.7.8 Daemon Server] - 2026-08-20T05:16:22.981Z - Time taken for 'createNodes:merge' 0.46299999998882413ms
[NX v22.7.8 Daemon Server] - 2026-08-20T05:16:22.981Z - Time taken for 'get-all-workspace-files' 0.050700000021606684ms
[1m[33mTime taken for 'build typescript dependencies' 1.1198000000000548ms[39m[22m
[isolated-plugin] shutting down worker for "nx/js/dependencies-and-lockfile" after createDependencies
[NX v22.7.8 Daemon Server] - 2026-08-20T05:16:22.991Z - [SYNC]: collect registered sync generators
[NX v22.7.8 Daemon Server] - 2026-08-20T05:16:22.991Z - [SYNC]: project graph hash is the same, not collecting task sync generators
[NX v22.7.8 Daemon Server] - 2026-08-20T05:16:22.992Z - [SYNC]: nx.json hash is the same, not collecting global sync generators
[NX v22.7.8 Daemon Server] - 2026-08-20T05:16:22.992Z - Time taken for 'total execution time for createProjectGraph()' 14.49390000011772ms
[NX v22.7.8 Daemon Server] - 2026-08-20T05:16:22.992Z - Time taken for 'createDependencies' 9.73479999997653ms
[NX v22.7.8 Daemon Server] - 2026-08-20T05:16:22.992Z - Time taken for 'nx/js/dependencies-and-lockfile:createDependencies' 9.653300000121817ms
[NX v22.7.8 Daemon Server] - 2026-08-20T05:16:22.992Z - Time taken for 'createMetadata' 0.004799999995157123ms
[NX v22.7.8 Daemon Server] - 2026-08-20T05:16:22.992Z - Time taken for 'serialize graph' 0.834400000050664ms
[NX v22.7.8 Daemon Server] - 2026-08-20T05:16:31.567Z - [WATCHER]: Processing file changes in outputs
[NX v22.7.8 Daemon Server] - 2026-08-20T05:16:31.567Z - [WATCHER]: apps/portal/src/app/App.tsx was modified
[NX v22.7.8 Daemon Server] - 2026-08-20T05:16:31.567Z - [WATCHER]: File changes detected:
Created:
(none)
Updated:
  - apps/portal/src/app/App.tsx
Deleted:
(none)
[NX v22.7.8 Daemon Server] - 2026-08-20T05:16:31.567Z - [SYNC]: clearing sync generators cache due to file changes
[NX v22.7.8 Daemon Server] - 2026-08-20T05:16:37.968Z - [REQUEST]: Updated workspace context based on watched changes, recomputing project graph...
[NX v22.7.8 Daemon Server] - 2026-08-20T05:16:37.968Z - [REQUEST]: apps/portal/src/app/App.tsx
[NX v22.7.8 Daemon Server] - 2026-08-20T05:16:37.968Z - [REQUEST]: 
[plugin-client] restarting worker for "nx/js/dependencies-and-lockfile"
[isolated-plugin] spawned worker for "nx/js/dependencies-and-lockfile" (pid: 2864, socket: \\.\pipe\nx\C:\Users\DHRUVM~1\AppData\Local\Temp\plugin5404-168-1344789.2275.sock)
[plugin-client] restarting worker for "nx/core/package-json"
[isolated-plugin] spawned worker for "nx/core/package-json" (pid: 10684, socket: \\.\pipe\nx\C:\Users\DHRUVM~1\AppData\Local\Temp\plugin5404-169-1344884.4358.sock)
[plugin-client] restarting worker for "nx/core/project-json"
[isolated-plugin] spawned worker for "nx/core/project-json" (pid: 21404, socket: \\.\pipe\nx\C:\Users\DHRUVM~1\AppData\Local\Temp\plugin5404-170-1344985.8496.sock)
[NX v22.7.8 Daemon Server] - 2026-08-20T05:16:38.270Z - Time taken for 'hash changed files from watcher' 0.3256999999284744ms
[plugin-worker] "nx/js/dependencies-and-lockfile" (pid: 2864) listening on \\.\pipe\nx\C:\Users\DHRUVM~1\AppData\Local\Temp\plugin5404-168-1344789.2275.sock
[1m[33mTime taken for 'plugin worker 2864 code loading' 291.4199ms[39m[22m
[isolated-plugin] connected to worker for "nx/js/dependencies-and-lockfile" (pid: 2864)
[NX v22.7.8 Daemon Server] - 2026-08-20T05:16:38.449Z - Time taken for 'start-plugin-worker:nx/js/dependencies-and-lockfile' 479.1295000000391ms
[plugin-worker] "nx/js/dependencies-and-lockfile" (pid: 2864) connected
[plugin-worker] "nx/core/package-json" (pid: 10684) listening on \\.\pipe\nx\C:\Users\DHRUVM~1\AppData\Local\Temp\plugin5404-169-1344884.4358.sock
[1m[33mTime taken for 'plugin worker 10684 code loading' 293.553ms[39m[22m
[isolated-plugin] connected to worker for "nx/core/package-json" (pid: 10684)
[NX v22.7.8 Daemon Server] - 2026-08-20T05:16:38.556Z - Time taken for 'start-plugin-worker:nx/core/package-json' 491.4235000000335ms
[plugin-worker] "nx/core/package-json" (pid: 10684) connected
[plugin-worker] "nx/js/dependencies-and-lockfile" (pid: 2864) loaded successfully
[1m[33mTime taken for 'nx/js/dependencies-and-lockfile:createNodes' 4.843800000000044ms[39m[22m
[plugin-worker] "nx/core/project-json" (pid: 21404) listening on \\.\pipe\nx\C:\Users\DHRUVM~1\AppData\Local\Temp\plugin5404-170-1344985.8496.sock
[1m[33mTime taken for 'plugin worker 21404 code loading' 285.037ms[39m[22m
[isolated-plugin] connected to worker for "nx/core/project-json" (pid: 21404)
[NX v22.7.8 Daemon Server] - 2026-08-20T05:16:38.652Z - Time taken for 'start-plugin-worker:nx/core/project-json' 486.57419999991544ms
[plugin-worker] "nx/core/project-json" (pid: 21404) connected
[plugin-worker] "nx/core/package-json" (pid: 10684) loaded successfully
[1m[33mTime taken for 'nx/core/package-json:createNodes' 5.445600000000013ms[39m[22m
[isolated-plugin] shutting down worker for "nx/core/package-json" after createNodes
[plugin-worker] "nx/core/project-json" (pid: 21404) loaded successfully
[1m[33mTime taken for 'nx/core/project-json:createNodes' 1.0133000000000152ms[39m[22m
[isolated-plugin] shutting down worker for "nx/core/project-json" after createNodes
[NX v22.7.8 Daemon Server] - 2026-08-20T05:16:38.784Z - Time taken for 'build-project-configs' 811.4352000001818ms
[NX v22.7.8 Daemon Server] - 2026-08-20T05:16:38.784Z - Time taken for 'createNodes:merge' 0.2885000000242144ms
[NX v22.7.8 Daemon Server] - 2026-08-20T05:16:38.784Z - Time taken for 'get-all-workspace-files' 0.025399999925866723ms
[1m[33mTime taken for 'build typescript dependencies' 0.14250000000004093ms[39m[22m
[isolated-plugin] shutting down worker for "nx/js/dependencies-and-lockfile" after createDependencies
[NX v22.7.8 Daemon Server] - 2026-08-20T05:16:38.791Z - [SYNC]: collect registered sync generators
[NX v22.7.8 Daemon Server] - 2026-08-20T05:16:38.792Z - [SYNC]: project graph hash is the same, not collecting task sync generators
[NX v22.7.8 Daemon Server] - 2026-08-20T05:16:38.792Z - [SYNC]: nx.json hash is the same, not collecting global sync generators
[NX v22.7.8 Daemon Server] - 2026-08-20T05:16:38.792Z - Time taken for 'total execution time for createProjectGraph()' 10.005499999970198ms
[NX v22.7.8 Daemon Server] - 2026-08-20T05:16:38.792Z - Time taken for 'createDependencies' 7.221299999859184ms
[NX v22.7.8 Daemon Server] - 2026-08-20T05:16:38.792Z - Time taken for 'nx/js/dependencies-and-lockfile:createDependencies' 7.14739999989979ms
[NX v22.7.8 Daemon Server] - 2026-08-20T05:16:38.792Z - Time taken for 'createMetadata' 0.006400000071153045ms
[NX v22.7.8 Daemon Server] - 2026-08-20T05:16:38.792Z - Time taken for 'serialize graph' 0.4268000000156462ms
[NX v22.7.8 Daemon Server] - 2026-08-20T05:16:41.924Z - [WATCHER]: Processing file changes in outputs
[NX v22.7.8 Daemon Server] - 2026-08-20T05:16:41.925Z - [WATCHER]: apps/portal/src/app/App.tsx was modified
[NX v22.7.8 Daemon Server] - 2026-08-20T05:16:41.925Z - [WATCHER]: File changes detected:
Created:
(none)
Updated:
  - apps/portal/src/app/App.tsx
Deleted:
(none)
[NX v22.7.8 Daemon Server] - 2026-08-20T05:16:41.925Z - [SYNC]: clearing sync generators cache due to file changes
[NX v22.7.8 Daemon Server] - 2026-08-20T05:16:41.992Z - [WATCHER]: apps/portal/src/app/App.tsx was modified
[NX v22.7.8 Daemon Server] - 2026-08-20T05:16:41.992Z - [WATCHER]: File changes detected:
Created:
(none)
Updated:
  - apps/portal/src/app/App.tsx
Deleted:
(none)
[NX v22.7.8 Daemon Server] - 2026-08-20T05:16:41.992Z - [SYNC]: clearing sync generators cache due to file changes
[NX v22.7.8 Daemon Server] - 2026-08-20T05:16:41.992Z - [WATCHER]: Processing file changes in outputs
[NX v22.7.8 Daemon Server] - 2026-08-20T05:16:48.339Z - [REQUEST]: Updated workspace context based on watched changes, recomputing project graph...
[NX v22.7.8 Daemon Server] - 2026-08-20T05:16:48.340Z - [REQUEST]: apps/portal/src/app/App.tsx
[NX v22.7.8 Daemon Server] - 2026-08-20T05:16:48.340Z - [REQUEST]: 
[plugin-client] restarting worker for "nx/js/dependencies-and-lockfile"
[isolated-plugin] spawned worker for "nx/js/dependencies-and-lockfile" (pid: 26168, socket: \\.\pipe\nx\C:\Users\DHRUVM~1\AppData\Local\Temp\plugin5404-171-1355160.8476.sock)
[plugin-client] restarting worker for "nx/core/package-json"
[isolated-plugin] spawned worker for "nx/core/package-json" (pid: 14920, socket: \\.\pipe\nx\C:\Users\DHRUVM~1\AppData\Local\Temp\plugin5404-172-1355254.267.sock)
[plugin-client] restarting worker for "nx/core/project-json"
[isolated-plugin] spawned worker for "nx/core/project-json" (pid: 26232, socket: \\.\pipe\nx\C:\Users\DHRUVM~1\AppData\Local\Temp\plugin5404-173-1355350.7018.sock)
[NX v22.7.8 Daemon Server] - 2026-08-20T05:16:48.643Z - Time taken for 'hash changed files from watcher' 0.2619999998714775ms
[isolated-plugin] connected to worker for "nx/js/dependencies-and-lockfile" (pid: 26168)
[plugin-worker] "nx/js/dependencies-and-lockfile" (pid: 26168) listening on \\.\pipe\nx\C:\Users\DHRUVM~1\AppData\Local\Temp\plugin5404-171-1355160.8476.sock
[1m[33mTime taken for 'plugin worker 26168 code loading' 277.7441ms[39m[22m
[NX v22.7.8 Daemon Server] - 2026-08-20T05:16:48.792Z - Time taken for 'start-plugin-worker:nx/js/dependencies-and-lockfile' 450.5742999999784ms
[plugin-worker] "nx/js/dependencies-and-lockfile" (pid: 26168) connected
[plugin-worker] "nx/core/package-json" (pid: 14920) listening on \\.\pipe\nx\C:\Users\DHRUVM~1\AppData\Local\Temp\plugin5404-172-1355254.267.sock
[1m[33mTime taken for 'plugin worker 14920 code loading' 261.0231ms[39m[22m
[isolated-plugin] connected to worker for "nx/core/package-json" (pid: 14920)
[NX v22.7.8 Daemon Server] - 2026-08-20T05:16:48.890Z - Time taken for 'start-plugin-worker:nx/core/package-json' 455.33829999994487ms
[plugin-worker] "nx/core/package-json" (pid: 14920) connected
[plugin-worker] "nx/js/dependencies-and-lockfile" (pid: 26168) loaded successfully
[1m[33mTime taken for 'nx/js/dependencies-and-lockfile:createNodes' 4.947999999999979ms[39m[22m
[plugin-worker] "nx/core/project-json" (pid: 26232) listening on \\.\pipe\nx\C:\Users\DHRUVM~1\AppData\Local\Temp\plugin5404-173-1355350.7018.sock
[isolated-plugin] connected to worker for "nx/core/project-json" (pid: 26232)
[NX v22.7.8 Daemon Server] - 2026-08-20T05:16:48.979Z - Time taken for 'start-plugin-worker:nx/core/project-json' 448.14020000002347ms
[plugin-worker] "nx/core/project-json" (pid: 26232) connected
[1m[33mTime taken for 'plugin worker 26232 code loading' 258.05850000000004ms[39m[22m
[plugin-worker] "nx/core/package-json" (pid: 14920) loaded successfully
[1m[33mTime taken for 'nx/core/package-json:createNodes' 5.075400000000002ms[39m[22m
[isolated-plugin] shutting down worker for "nx/core/package-json" after createNodes
[plugin-worker] "nx/core/project-json" (pid: 26232) loaded successfully
[1m[33mTime taken for 'nx/core/project-json:createNodes' 0.6300999999999704ms[39m[22m
[isolated-plugin] shutting down worker for "nx/core/project-json" after createNodes
[NX v22.7.8 Daemon Server] - 2026-08-20T05:16:49.102Z - Time taken for 'build-project-configs' 758.5538000001106ms
[NX v22.7.8 Daemon Server] - 2026-08-20T05:16:49.102Z - Time taken for 'createNodes:merge' 0.22980000008828938ms
[NX v22.7.8 Daemon Server] - 2026-08-20T05:16:49.102Z - Time taken for 'get-all-workspace-files' 0.021799999987706542ms
[1m[33mTime taken for 'build typescript dependencies' 1.1113000000000284ms[39m[22m
[isolated-plugin] shutting down worker for "nx/js/dependencies-and-lockfile" after createDependencies
[NX v22.7.8 Daemon Server] - 2026-08-20T05:16:49.109Z - [SYNC]: collect registered sync generators
[NX v22.7.8 Daemon Server] - 2026-08-20T05:16:49.109Z - [SYNC]: project graph hash is the same, not collecting task sync generators
[NX v22.7.8 Daemon Server] - 2026-08-20T05:16:49.109Z - [SYNC]: nx.json hash is the same, not collecting global sync generators
[NX v22.7.8 Daemon Server] - 2026-08-20T05:16:49.109Z - Time taken for 'total execution time for createProjectGraph()' 8.944700000109151ms
[NX v22.7.8 Daemon Server] - 2026-08-20T05:16:49.109Z - Time taken for 'createDependencies' 6.922499999869615ms
[NX v22.7.8 Daemon Server] - 2026-08-20T05:16:49.109Z - Time taken for 'nx/js/dependencies-and-lockfile:createDependencies' 6.87210000003688ms
[NX v22.7.8 Daemon Server] - 2026-08-20T05:16:49.109Z - Time taken for 'createMetadata' 0.004900000058114529ms
[NX v22.7.8 Daemon Server] - 2026-08-20T05:16:49.109Z - Time taken for 'serialize graph' 0.3935999998357147ms
[NX v22.7.8 Daemon Server] - 2026-08-20T05:16:54.726Z - [WATCHER]: apps/portal/src/app/App.tsx was modified
[NX v22.7.8 Daemon Server] - 2026-08-20T05:16:54.726Z - [WATCHER]: File changes detected:
Created:
(none)
Updated:
  - apps/portal/src/app/App.tsx
Deleted:
(none)
[NX v22.7.8 Daemon Server] - 2026-08-20T05:16:54.726Z - [SYNC]: clearing sync generators cache due to file changes
[NX v22.7.8 Daemon Server] - 2026-08-20T05:16:54.726Z - [WATCHER]: Processing file changes in outputs
[NX v22.7.8 Daemon Server] - 2026-08-20T05:16:55.944Z - [WATCHER]: Processing file changes in outputs
[NX v22.7.8 Daemon Server] - 2026-08-20T05:16:55.944Z - [WATCHER]: apps/portal/src/app/App.tsx was modified
[NX v22.7.8 Daemon Server] - 2026-08-20T05:16:55.944Z - [WATCHER]: File changes detected:
Created:
(none)
Updated:
  - apps/portal/src/app/App.tsx
Deleted:
(none)
[NX v22.7.8 Daemon Server] - 2026-08-20T05:16:55.944Z - [SYNC]: clearing sync generators cache due to file changes
[NX v22.7.8 Daemon Server] - 2026-08-20T05:16:57.445Z - [WATCHER]: apps/portal/src/app/App.tsx was modified
[NX v22.7.8 Daemon Server] - 2026-08-20T05:16:57.445Z - [WATCHER]: File changes detected:
Created:
(none)
Updated:
  - apps/portal/src/app/App.tsx
Deleted:
(none)
[NX v22.7.8 Daemon Server] - 2026-08-20T05:16:57.445Z - [SYNC]: clearing sync generators cache due to file changes
[NX v22.7.8 Daemon Server] - 2026-08-20T05:16:57.445Z - [WATCHER]: Processing file changes in outputs
[NX v22.7.8 Daemon Server] - 2026-08-20T05:16:58.041Z - [WATCHER]: apps/portal/src/app/App.tsx was modified
[NX v22.7.8 Daemon Server] - 2026-08-20T05:16:58.041Z - [WATCHER]: File changes detected:
Created:
(none)
Updated:
  - apps/portal/src/app/App.tsx
Deleted:
(none)
[NX v22.7.8 Daemon Server] - 2026-08-20T05:16:58.041Z - [SYNC]: clearing sync generators cache due to file changes
[NX v22.7.8 Daemon Server] - 2026-08-20T05:16:58.043Z - [WATCHER]: Processing file changes in outputs
[NX v22.7.8 Daemon Server] - 2026-08-20T05:17:01.134Z - [REQUEST]: Updated workspace context based on watched changes, recomputing project graph...
[NX v22.7.8 Daemon Server] - 2026-08-20T05:17:01.134Z - [REQUEST]: apps/portal/src/app/App.tsx
[NX v22.7.8 Daemon Server] - 2026-08-20T05:17:01.134Z - [REQUEST]: 
[plugin-client] restarting worker for "nx/js/dependencies-and-lockfile"
[isolated-plugin] spawned worker for "nx/js/dependencies-and-lockfile" (pid: 13008, socket: \\.\pipe\nx\C:\Users\DHRUVM~1\AppData\Local\Temp\plugin5404-174-1367956.9009.sock)
[plugin-client] restarting worker for "nx/core/package-json"
[isolated-plugin] spawned worker for "nx/core/package-json" (pid: 24660, socket: \\.\pipe\nx\C:\Users\DHRUVM~1\AppData\Local\Temp\plugin5404-175-1368167.7695.sock)
[plugin-client] restarting worker for "nx/core/project-json"
[isolated-plugin] spawned worker for "nx/core/project-json" (pid: 9056, socket: \\.\pipe\nx\C:\Users\DHRUVM~1\AppData\Local\Temp\plugin5404-176-1368316.2689.sock)
[plugin-worker] "nx/js/dependencies-and-lockfile" (pid: 13008) listening on \\.\pipe\nx\C:\Users\DHRUVM~1\AppData\Local\Temp\plugin5404-174-1367956.9009.sock
[1m[33mTime taken for 'plugin worker 13008 code loading' 237.27259999999998ms[39m[22m
[NX v22.7.8 Daemon Server] - 2026-08-20T05:17:01.662Z - Time taken for 'hash changed files from watcher' 0.5971999999601394ms
[isolated-plugin] connected to worker for "nx/js/dependencies-and-lockfile" (pid: 13008)
[NX v22.7.8 Daemon Server] - 2026-08-20T05:17:01.666Z - Time taken for 'start-plugin-worker:nx/js/dependencies-and-lockfile' 527.9501000000164ms
[plugin-worker] "nx/js/dependencies-and-lockfile" (pid: 13008) connected
[plugin-worker] "nx/js/dependencies-and-lockfile" (pid: 13008) loaded successfully
[plugin-worker] "nx/core/package-json" (pid: 24660) listening on \\.\pipe\nx\C:\Users\DHRUVM~1\AppData\Local\Temp\plugin5404-175-1368167.7695.sock
[1m[33mTime taken for 'plugin worker 24660 code loading' 245.94369999999998ms[39m[22m
[1m[33mTime taken for 'nx/js/dependencies-and-lockfile:createNodes' 4.69580000000002ms[39m[22m
[isolated-plugin] connected to worker for "nx/core/package-json" (pid: 24660)
[plugin-worker] "nx/core/package-json" (pid: 24660) connected
[NX v22.7.8 Daemon Server] - 2026-08-20T05:17:01.831Z - Time taken for 'start-plugin-worker:nx/core/package-json' 483.1376000000164ms
[plugin-worker] "nx/core/package-json" (pid: 24660) loaded successfully
[1m[33mTime taken for 'nx/core/package-json:createNodes' 4.9044999999999845ms[39m[22m
[isolated-plugin] shutting down worker for "nx/core/package-json" after createNodes
[plugin-worker] "nx/core/project-json" (pid: 9056) listening on \\.\pipe\nx\C:\Users\DHRUVM~1\AppData\Local\Temp\plugin5404-176-1368316.2689.sock
[1m[33mTime taken for 'plugin worker 9056 code loading' 239.9531ms[39m[22m
[isolated-plugin] connected to worker for "nx/core/project-json" (pid: 9056)
[NX v22.7.8 Daemon Server] - 2026-08-20T05:17:01.988Z - Time taken for 'start-plugin-worker:nx/core/project-json' 491.1853000000119ms
[plugin-worker] "nx/core/project-json" (pid: 9056) connected
[plugin-worker] "nx/core/project-json" (pid: 9056) loaded successfully
[1m[33mTime taken for 'nx/core/project-json:createNodes' 0.7116000000000327ms[39m[22m
[isolated-plugin] shutting down worker for "nx/core/project-json" after createNodes
[NX v22.7.8 Daemon Server] - 2026-08-20T05:17:02.103Z - Time taken for 'build-project-configs' 964.4151000001002ms
[NX v22.7.8 Daemon Server] - 2026-08-20T05:17:02.103Z - Time taken for 'createNodes:merge' 0.44680000003427267ms
[NX v22.7.8 Daemon Server] - 2026-08-20T05:17:02.103Z - Time taken for 'get-all-workspace-files' 0.037999999942258ms
[1m[33mTime taken for 'build typescript dependencies' 0.11040000000002692ms[39m[22m
[isolated-plugin] shutting down worker for "nx/js/dependencies-and-lockfile" after createDependencies
[NX v22.7.8 Daemon Server] - 2026-08-20T05:17:02.111Z - [SYNC]: collect registered sync generators
[NX v22.7.8 Daemon Server] - 2026-08-20T05:17:02.111Z - [SYNC]: project graph hash is the same, not collecting task sync generators
[NX v22.7.8 Daemon Server] - 2026-08-20T05:17:02.111Z - [SYNC]: nx.json hash is the same, not collecting global sync generators
[NX v22.7.8 Daemon Server] - 2026-08-20T05:17:02.112Z - Time taken for 'total execution time for createProjectGraph()' 9.497899999842048ms
[NX v22.7.8 Daemon Server] - 2026-08-20T05:17:02.112Z - Time taken for 'createDependencies' 7.374599999981001ms
[NX v22.7.8 Daemon Server] - 2026-08-20T05:17:02.112Z - Time taken for 'nx/js/dependencies-and-lockfile:createDependencies' 7.312399999937043ms
[NX v22.7.8 Daemon Server] - 2026-08-20T05:17:02.112Z - Time taken for 'createMetadata' 0.008399999933317304ms
[NX v22.7.8 Daemon Server] - 2026-08-20T05:17:02.112Z - Time taken for 'serialize graph' 0.5364000000990927ms
[NX v22.7.8 Daemon Server] - 2026-08-20T05:17:07.057Z - [WATCHER]: Processing file changes in outputs
[NX v22.7.8 Daemon Server] - 2026-08-20T05:17:07.057Z - [WATCHER]: apps/portal/src/app/App.tsx was modified
[NX v22.7.8 Daemon Server] - 2026-08-20T05:17:07.057Z - [WATCHER]: File changes detected:
Created:
(none)
Updated:
  - apps/portal/src/app/App.tsx
Deleted:
(none)
[NX v22.7.8 Daemon Server] - 2026-08-20T05:17:07.057Z - [SYNC]: clearing sync generators cache due to file changes
[NX v22.7.8 Daemon Server] - 2026-08-20T05:17:07.687Z - [WATCHER]: apps/portal/src/app/App.tsx was modified
[NX v22.7.8 Daemon Server] - 2026-08-20T05:17:07.687Z - [WATCHER]: File changes detected:
Created:
(none)
Updated:
  - apps/portal/src/app/App.tsx
Deleted:
(none)
[NX v22.7.8 Daemon Server] - 2026-08-20T05:17:07.687Z - [SYNC]: clearing sync generators cache due to file changes
[NX v22.7.8 Daemon Server] - 2026-08-20T05:17:07.687Z - [WATCHER]: Processing file changes in outputs
[NX v22.7.8 Daemon Server] - 2026-08-20T05:17:13.459Z - [REQUEST]: Updated workspace context based on watched changes, recomputing project graph...
[NX v22.7.8 Daemon Server] - 2026-08-20T05:17:13.460Z - [REQUEST]: apps/portal/src/app/App.tsx
[NX v22.7.8 Daemon Server] - 2026-08-20T05:17:13.460Z - [REQUEST]: 
[plugin-client] restarting worker for "nx/js/dependencies-and-lockfile"
[isolated-plugin] spawned worker for "nx/js/dependencies-and-lockfile" (pid: 24612, socket: \\.\pipe\nx\C:\Users\DHRUVM~1\AppData\Local\Temp\plugin5404-177-1380280.8307.sock)
[plugin-client] restarting worker for "nx/core/package-json"
[isolated-plugin] spawned worker for "nx/core/package-json" (pid: 26060, socket: \\.\pipe\nx\C:\Users\DHRUVM~1\AppData\Local\Temp\plugin5404-178-1380374.8824.sock)
[plugin-client] restarting worker for "nx/core/project-json"
[isolated-plugin] spawned worker for "nx/core/project-json" (pid: 24332, socket: \\.\pipe\nx\C:\Users\DHRUVM~1\AppData\Local\Temp\plugin5404-179-1380467.308.sock)
[NX v22.7.8 Daemon Server] - 2026-08-20T05:17:13.748Z - Time taken for 'hash changed files from watcher' 0.337400000076741ms
[plugin-worker] "nx/js/dependencies-and-lockfile" (pid: 24612) listening on \\.\pipe\nx\C:\Users\DHRUVM~1\AppData\Local\Temp\plugin5404-177-1380280.8307.sock
[isolated-plugin] connected to worker for "nx/js/dependencies-and-lockfile" (pid: 24612)
[1m[33mTime taken for 'plugin worker 24612 code loading' 275.9397ms[39m[22m
[NX v22.7.8 Daemon Server] - 2026-08-20T05:17:13.904Z - Time taken for 'start-plugin-worker:nx/js/dependencies-and-lockfile' 442.82560000009835ms
[plugin-worker] "nx/js/dependencies-and-lockfile" (pid: 24612) connected
[plugin-worker] "nx/core/package-json" (pid: 26060) listening on \\.\pipe\nx\C:\Users\DHRUVM~1\AppData\Local\Temp\plugin5404-178-1380374.8824.sock
[1m[33mTime taken for 'plugin worker 26060 code loading' 281.4117ms[39m[22m
[isolated-plugin] connected to worker for "nx/core/package-json" (pid: 26060)
[plugin-worker] "nx/core/package-json" (pid: 26060) connected
[NX v22.7.8 Daemon Server] - 2026-08-20T05:17:14.028Z - Time taken for 'start-plugin-worker:nx/core/package-json' 472.5045000000391ms
[plugin-worker] "nx/js/dependencies-and-lockfile" (pid: 24612) loaded successfully
[1m[33mTime taken for 'nx/js/dependencies-and-lockfile:createNodes' 4.763300000000015ms[39m[22m
[plugin-worker] "nx/core/project-json" (pid: 24332) listening on \\.\pipe\nx\C:\Users\DHRUVM~1\AppData\Local\Temp\plugin5404-179-1380467.308.sock
[1m[33mTime taken for 'plugin worker 24332 code loading' 280.5164ms[39m[22m
[isolated-plugin] connected to worker for "nx/core/project-json" (pid: 24332)
[NX v22.7.8 Daemon Server] - 2026-08-20T05:17:14.124Z - Time taken for 'start-plugin-worker:nx/core/project-json' 476.47080000001006ms
[plugin-worker] "nx/core/project-json" (pid: 24332) connected
[plugin-worker] "nx/core/package-json" (pid: 26060) loaded successfully
[1m[33mTime taken for 'nx/core/package-json:createNodes' 5.699199999999962ms[39m[22m
[isolated-plugin] shutting down worker for "nx/core/package-json" after createNodes
[NX v22.7.8 Daemon Server] - 2026-08-20T05:17:14.241Z - [WATCHER]: Processing file changes in outputs
[NX v22.7.8 Daemon Server] - 2026-08-20T05:17:14.241Z - [WATCHER]: apps/portal/src/app/App.tsx was modified
[NX v22.7.8 Daemon Server] - 2026-08-20T05:17:14.241Z - [WATCHER]: File changes detected:
Created:
(none)
Updated:
  - apps/portal/src/app/App.tsx
Deleted:
(none)
[NX v22.7.8 Daemon Server] - 2026-08-20T05:17:14.241Z - [SYNC]: clearing sync generators cache due to file changes
[plugin-worker] "nx/core/project-json" (pid: 24332) loaded successfully
[1m[33mTime taken for 'nx/core/project-json:createNodes' 0.5942000000000007ms[39m[22m
[isolated-plugin] shutting down worker for "nx/core/project-json" after createNodes
[NX v22.7.8 Daemon Server] - 2026-08-20T05:17:14.254Z - Time taken for 'build-project-configs' 791.5679999999702ms
[NX v22.7.8 Daemon Server] - 2026-08-20T05:17:14.254Z - Time taken for 'createNodes:merge' 0.20879999990575016ms
[NX v22.7.8 Daemon Server] - 2026-08-20T05:17:14.254Z - Time taken for 'get-all-workspace-files' 0.0213000001385808ms
[1m[33mTime taken for 'build typescript dependencies' 1.2248999999999342ms[39m[22m
[isolated-plugin] shutting down worker for "nx/js/dependencies-and-lockfile" after createDependencies
[NX v22.7.8 Daemon Server] - 2026-08-20T05:17:14.261Z - [SYNC]: collect registered sync generators
[NX v22.7.8 Daemon Server] - 2026-08-20T05:17:14.261Z - [SYNC]: project graph hash is the same, not collecting task sync generators
[NX v22.7.8 Daemon Server] - 2026-08-20T05:17:14.261Z - [SYNC]: nx.json hash is the same, not collecting global sync generators
[NX v22.7.8 Daemon Server] - 2026-08-20T05:17:14.261Z - Time taken for 'total execution time for createProjectGraph()' 8.090000000083819ms
[NX v22.7.8 Daemon Server] - 2026-08-20T05:17:14.261Z - Time taken for 'createDependencies' 6.191499999957159ms
[NX v22.7.8 Daemon Server] - 2026-08-20T05:17:14.261Z - Time taken for 'nx/js/dependencies-and-lockfile:createDependencies' 6.136799999978393ms
[NX v22.7.8 Daemon Server] - 2026-08-20T05:17:14.261Z - Time taken for 'createMetadata' 0.005600000033155084ms
[NX v22.7.8 Daemon Server] - 2026-08-20T05:17:14.261Z - Time taken for 'serialize graph' 0.4357000000309199ms
[NX v22.7.8 Daemon Server] - 2026-08-20T05:17:20.658Z - [REQUEST]: Updated workspace context based on watched changes, recomputing project graph...
[NX v22.7.8 Daemon Server] - 2026-08-20T05:17:20.658Z - [REQUEST]: apps/portal/src/app/App.tsx
[NX v22.7.8 Daemon Server] - 2026-08-20T05:17:20.658Z - [REQUEST]: 
[plugin-client] restarting worker for "nx/js/dependencies-and-lockfile"
[isolated-plugin] spawned worker for "nx/js/dependencies-and-lockfile" (pid: 16720, socket: \\.\pipe\nx\C:\Users\DHRUVM~1\AppData\Local\Temp\plugin5404-180-1387479.864.sock)
[plugin-client] restarting worker for "nx/core/package-json"
[isolated-plugin] spawned worker for "nx/core/package-json" (pid: 24768, socket: \\.\pipe\nx\C:\Users\DHRUVM~1\AppData\Local\Temp\plugin5404-181-1387571.0081.sock)
[plugin-client] restarting worker for "nx/core/project-json"
[isolated-plugin] spawned worker for "nx/core/project-json" (pid: 24528, socket: \\.\pipe\nx\C:\Users\DHRUVM~1\AppData\Local\Temp\plugin5404-182-1387665.5612.sock)
[NX v22.7.8 Daemon Server] - 2026-08-20T05:17:20.945Z - Time taken for 'hash changed files from watcher' 0.6117999998386949ms
[plugin-worker] "nx/js/dependencies-and-lockfile" (pid: 16720) listening on \\.\pipe\nx\C:\Users\DHRUVM~1\AppData\Local\Temp\plugin5404-180-1387479.864.sock
[1m[33mTime taken for 'plugin worker 16720 code loading' 260.26669999999996ms[39m[22m
[isolated-plugin] connected to worker for "nx/js/dependencies-and-lockfile" (pid: 16720)
[NX v22.7.8 Daemon Server] - 2026-08-20T05:17:21.086Z - Time taken for 'start-plugin-worker:nx/js/dependencies-and-lockfile' 426.1162000000477ms
[plugin-worker] "nx/js/dependencies-and-lockfile" (pid: 16720) connected
[isolated-plugin] connected to worker for "nx/core/package-json" (pid: 24768)
[plugin-worker] "nx/core/package-json" (pid: 24768) listening on \\.\pipe\nx\C:\Users\DHRUVM~1\AppData\Local\Temp\plugin5404-181-1387571.0081.sock
[NX v22.7.8 Daemon Server] - 2026-08-20T05:17:21.192Z - Time taken for 'start-plugin-worker:nx/core/package-json' 440.64830000000075ms
[plugin-worker] "nx/core/package-json" (pid: 24768) connected
[1m[33mTime taken for 'plugin worker 24768 code loading' 266.71750000000003ms[39m[22m
[plugin-worker] "nx/js/dependencies-and-lockfile" (pid: 16720) loaded successfully
[1m[33mTime taken for 'nx/js/dependencies-and-lockfile:createNodes' 4.184299999999951ms[39m[22m
[plugin-worker] "nx/core/project-json" (pid: 24528) listening on \\.\pipe\nx\C:\Users\DHRUVM~1\AppData\Local\Temp\plugin5404-182-1387665.5612.sock
[1m[33mTime taken for 'plugin worker 24528 code loading' 258.2765ms[39m[22m
[isolated-plugin] connected to worker for "nx/core/project-json" (pid: 24528)
[NX v22.7.8 Daemon Server] - 2026-08-20T05:17:21.288Z - Time taken for 'start-plugin-worker:nx/core/project-json' 442.2033000001684ms
[plugin-worker] "nx/core/project-json" (pid: 24528) connected
[plugin-worker] "nx/core/package-json" (pid: 24768) loaded successfully
[1m[33mTime taken for 'nx/core/package-json:createNodes' 5.513599999999997ms[39m[22m
[isolated-plugin] shutting down worker for "nx/core/package-json" after createNodes
[plugin-worker] "nx/core/project-json" (pid: 24528) loaded successfully
[1m[33mTime taken for 'nx/core/project-json:createNodes' 0.5581999999999994ms[39m[22m
[isolated-plugin] shutting down worker for "nx/core/project-json" after createNodes
[NX v22.7.8 Daemon Server] - 2026-08-20T05:17:21.411Z - Time taken for 'build-project-configs' 749.6077000000514ms
[NX v22.7.8 Daemon Server] - 2026-08-20T05:17:21.411Z - Time taken for 'createNodes:merge' 0.21779999998398125ms
[NX v22.7.8 Daemon Server] - 2026-08-20T05:17:21.411Z - Time taken for 'get-all-workspace-files' 0.02239999989978969ms
[1m[33mTime taken for 'build typescript dependencies' 1.165200000000027ms[39m[22m
[isolated-plugin] shutting down worker for "nx/js/dependencies-and-lockfile" after createDependencies
[NX v22.7.8 Daemon Server] - 2026-08-20T05:17:21.417Z - [SYNC]: collect registered sync generators
[NX v22.7.8 Daemon Server] - 2026-08-20T05:17:21.418Z - [SYNC]: project graph hash is the same, not collecting task sync generators
[NX v22.7.8 Daemon Server] - 2026-08-20T05:17:21.418Z - [SYNC]: nx.json hash is the same, not collecting global sync generators
[NX v22.7.8 Daemon Server] - 2026-08-20T05:17:21.418Z - Time taken for 'total execution time for createProjectGraph()' 7.662200000137091ms
[NX v22.7.8 Daemon Server] - 2026-08-20T05:17:21.418Z - Time taken for 'createDependencies' 5.810200000181794ms
[NX v22.7.8 Daemon Server] - 2026-08-20T05:17:21.418Z - Time taken for 'nx/js/dependencies-and-lockfile:createDependencies' 5.762600000016391ms
[NX v22.7.8 Daemon Server] - 2026-08-20T05:17:21.418Z - Time taken for 'createMetadata' 0.005099999951198697ms
[NX v22.7.8 Daemon Server] - 2026-08-20T05:17:21.418Z - Time taken for 'serialize graph' 0.371199999935925ms
[NX v22.7.8 Daemon Server] - 2026-08-20T05:38:32.133Z - [WATCHER]: libs/productization/src/types.ts was modified
[NX v22.7.8 Daemon Server] - 2026-08-20T05:38:32.133Z - [WATCHER]: File changes detected:
Created:
(none)
Updated:
  - libs/productization/src/types.ts
Deleted:
(none)
[NX v22.7.8 Daemon Server] - 2026-08-20T05:38:32.133Z - [SYNC]: clearing sync generators cache due to file changes
[NX v22.7.8 Daemon Server] - 2026-08-20T05:38:32.133Z - [WATCHER]: Processing file changes in outputs
[NX v22.7.8 Daemon Server] - 2026-08-20T05:38:32.555Z - [WATCHER]: libs/productization/src/types.ts was modified
[NX v22.7.8 Daemon Server] - 2026-08-20T05:38:32.555Z - [WATCHER]: File changes detected:
Created:
(none)
Updated:
  - libs/productization/src/types.ts
Deleted:
(none)
[NX v22.7.8 Daemon Server] - 2026-08-20T05:38:32.555Z - [SYNC]: clearing sync generators cache due to file changes
[NX v22.7.8 Daemon Server] - 2026-08-20T05:38:32.555Z - [WATCHER]: Processing file changes in outputs
[NX v22.7.8 Daemon Server] - 2026-08-20T05:38:38.537Z - [REQUEST]: Updated workspace context based on watched changes, recomputing project graph...
[NX v22.7.8 Daemon Server] - 2026-08-20T05:38:38.537Z - [REQUEST]: libs/productization/src/types.ts
[NX v22.7.8 Daemon Server] - 2026-08-20T05:38:38.537Z - [REQUEST]: 
[plugin-client] restarting worker for "nx/js/dependencies-and-lockfile"
[isolated-plugin] spawned worker for "nx/js/dependencies-and-lockfile" (pid: 6552, socket: \\.\pipe\nx\C:\Users\DHRUVM~1\AppData\Local\Temp\plugin5404-183-2665358.8559.sock)
[plugin-client] restarting worker for "nx/core/package-json"
[isolated-plugin] spawned worker for "nx/core/package-json" (pid: 19152, socket: \\.\pipe\nx\C:\Users\DHRUVM~1\AppData\Local\Temp\plugin5404-184-2665452.1635.sock)
[plugin-client] restarting worker for "nx/core/project-json"
[isolated-plugin] spawned worker for "nx/core/project-json" (pid: 16720, socket: \\.\pipe\nx\C:\Users\DHRUVM~1\AppData\Local\Temp\plugin5404-185-2665546.5515.sock)
[NX v22.7.8 Daemon Server] - 2026-08-20T05:38:38.829Z - Time taken for 'hash changed files from watcher' 0.5249999999068677ms
[plugin-worker] "nx/js/dependencies-and-lockfile" (pid: 6552) listening on \\.\pipe\nx\C:\Users\DHRUVM~1\AppData\Local\Temp\plugin5404-183-2665358.8559.sock
[1m[33mTime taken for 'plugin worker 6552 code loading' 284.7949ms[39m[22m
[isolated-plugin] connected to worker for "nx/js/dependencies-and-lockfile" (pid: 6552)
[NX v22.7.8 Daemon Server] - 2026-08-20T05:38:38.999Z - Time taken for 'start-plugin-worker:nx/js/dependencies-and-lockfile' 460.1111000003293ms
[plugin-worker] "nx/js/dependencies-and-lockfile" (pid: 6552) connected
[isolated-plugin] connected to worker for "nx/core/package-json" (pid: 19152)
[plugin-worker] "nx/core/package-json" (pid: 19152) listening on \\.\pipe\nx\C:\Users\DHRUVM~1\AppData\Local\Temp\plugin5404-184-2665452.1635.sock
[NX v22.7.8 Daemon Server] - 2026-08-20T05:38:39.082Z - Time taken for 'start-plugin-worker:nx/core/package-json' 448.8748999997042ms
[plugin-worker] "nx/core/package-json" (pid: 19152) connected
[1m[33mTime taken for 'plugin worker 19152 code loading' 268.8458ms[39m[22m
[plugin-worker] "nx/js/dependencies-and-lockfile" (pid: 6552) loaded successfully
[1m[33mTime taken for 'nx/js/dependencies-and-lockfile:createNodes' 5.208100000000002ms[39m[22m
[plugin-worker] "nx/core/project-json" (pid: 16720) listening on \\.\pipe\nx\C:\Users\DHRUVM~1\AppData\Local\Temp\plugin5404-185-2665546.5515.sock
[isolated-plugin] connected to worker for "nx/core/project-json" (pid: 16720)
[NX v22.7.8 Daemon Server] - 2026-08-20T05:38:39.180Z - Time taken for 'start-plugin-worker:nx/core/project-json' 453.4199999999255ms
[plugin-worker] "nx/core/project-json" (pid: 16720) connected
[1m[33mTime taken for 'plugin worker 16720 code loading' 267.79420000000005ms[39m[22m
[plugin-worker] "nx/core/package-json" (pid: 19152) loaded successfully
[1m[33mTime taken for 'nx/core/package-json:createNodes' 4.749500000000012ms[39m[22m
[isolated-plugin] shutting down worker for "nx/core/package-json" after createNodes
[plugin-worker] "nx/core/project-json" (pid: 16720) loaded successfully
[1m[33mTime taken for 'nx/core/project-json:createNodes' 0.6568000000000325ms[39m[22m
[isolated-plugin] shutting down worker for "nx/core/project-json" after createNodes
[NX v22.7.8 Daemon Server] - 2026-08-20T05:38:39.307Z - Time taken for 'build-project-configs' 764.9503999999724ms
[NX v22.7.8 Daemon Server] - 2026-08-20T05:38:39.307Z - Time taken for 'createNodes:merge' 0.2705999999307096ms
[NX v22.7.8 Daemon Server] - 2026-08-20T05:38:39.307Z - Time taken for 'get-all-workspace-files' 0.031599999871104956ms
[1m[33mTime taken for 'build typescript dependencies' 0.10919999999998709ms[39m[22m
[isolated-plugin] shutting down worker for "nx/js/dependencies-and-lockfile" after createDependencies
[NX v22.7.8 Daemon Server] - 2026-08-20T05:38:39.312Z - [SYNC]: collect registered sync generators
[NX v22.7.8 Daemon Server] - 2026-08-20T05:38:39.312Z - [SYNC]: project graph hash is the same, not collecting task sync generators
[NX v22.7.8 Daemon Server] - 2026-08-20T05:38:39.312Z - [SYNC]: nx.json hash is the same, not collecting global sync generators
[NX v22.7.8 Daemon Server] - 2026-08-20T05:38:39.312Z - Time taken for 'total execution time for createProjectGraph()' 7.621100000105798ms
[NX v22.7.8 Daemon Server] - 2026-08-20T05:38:39.312Z - Time taken for 'createDependencies' 5.159900000318885ms
[NX v22.7.8 Daemon Server] - 2026-08-20T05:38:39.312Z - Time taken for 'nx/js/dependencies-and-lockfile:createDependencies' 5.0943999998271465ms
[NX v22.7.8 Daemon Server] - 2026-08-20T05:38:39.313Z - Time taken for 'createMetadata' 0.00559999980032444ms
[NX v22.7.8 Daemon Server] - 2026-08-20T05:38:39.313Z - Time taken for 'serialize graph' 0.4232999999076128ms
[NX v22.7.8 Daemon Server] - 2026-08-20T05:38:40.761Z - [WATCHER]: libs/productization/src/types.ts was modified
[NX v22.7.8 Daemon Server] - 2026-08-20T05:38:40.761Z - [WATCHER]: File changes detected:
Created:
(none)
Updated:
  - libs/productization/src/types.ts
Deleted:
(none)
[NX v22.7.8 Daemon Server] - 2026-08-20T05:38:40.761Z - [SYNC]: clearing sync generators cache due to file changes
[NX v22.7.8 Daemon Server] - 2026-08-20T05:38:40.761Z - [WATCHER]: Processing file changes in outputs
[NX v22.7.8 Daemon Server] - 2026-08-20T05:38:41.896Z - [WATCHER]: libs/productization/src/types.ts was modified
[NX v22.7.8 Daemon Server] - 2026-08-20T05:38:41.896Z - [WATCHER]: File changes detected:
Created:
(none)
Updated:
  - libs/productization/src/types.ts
Deleted:
(none)
[NX v22.7.8 Daemon Server] - 2026-08-20T05:38:41.896Z - [SYNC]: clearing sync generators cache due to file changes
[NX v22.7.8 Daemon Server] - 2026-08-20T05:38:41.896Z - [WATCHER]: Processing file changes in outputs
[NX v22.7.8 Daemon Server] - 2026-08-20T05:38:46.863Z - [WATCHER]: libs/productization/src/types.ts was modified
[NX v22.7.8 Daemon Server] - 2026-08-20T05:38:46.863Z - [WATCHER]: File changes detected:
Created:
(none)
Updated:
  - libs/productization/src/types.ts
Deleted:
(none)
[NX v22.7.8 Daemon Server] - 2026-08-20T05:38:46.863Z - [SYNC]: clearing sync generators cache due to file changes
[NX v22.7.8 Daemon Server] - 2026-08-20T05:38:46.863Z - [WATCHER]: Processing file changes in outputs
[NX v22.7.8 Daemon Server] - 2026-08-20T05:38:47.162Z - [REQUEST]: Updated workspace context based on watched changes, recomputing project graph...
[NX v22.7.8 Daemon Server] - 2026-08-20T05:38:47.162Z - [REQUEST]: libs/productization/src/types.ts
[NX v22.7.8 Daemon Server] - 2026-08-20T05:38:47.162Z - [REQUEST]: 
[plugin-client] restarting worker for "nx/js/dependencies-and-lockfile"
[isolated-plugin] spawned worker for "nx/js/dependencies-and-lockfile" (pid: 27832, socket: \\.\pipe\nx\C:\Users\DHRUVM~1\AppData\Local\Temp\plugin5404-186-2673983.1108.sock)
[plugin-client] restarting worker for "nx/core/package-json"
[isolated-plugin] spawned worker for "nx/core/package-json" (pid: 27532, socket: \\.\pipe\nx\C:\Users\DHRUVM~1\AppData\Local\Temp\plugin5404-187-2674076.9864.sock)
[plugin-client] restarting worker for "nx/core/project-json"
[isolated-plugin] spawned worker for "nx/core/project-json" (pid: 5960, socket: \\.\pipe\nx\C:\Users\DHRUVM~1\AppData\Local\Temp\plugin5404-188-2674171.577.sock)
[NX v22.7.8 Daemon Server] - 2026-08-20T05:38:47.454Z - Time taken for 'hash changed files from watcher' 0.3138999999500811ms
[plugin-worker] "nx/js/dependencies-and-lockfile" (pid: 27832) listening on \\.\pipe\nx\C:\Users\DHRUVM~1\AppData\Local\Temp\plugin5404-186-2673983.1108.sock
[isolated-plugin] connected to worker for "nx/js/dependencies-and-lockfile" (pid: 27832)
[1m[33mTime taken for 'plugin worker 27832 code loading' 267.1943ms[39m[22m
[NX v22.7.8 Daemon Server] - 2026-08-20T05:38:47.600Z - Time taken for 'start-plugin-worker:nx/js/dependencies-and-lockfile' 436.13949999958277ms
[plugin-worker] "nx/js/dependencies-and-lockfile" (pid: 27832) connected
[isolated-plugin] connected to worker for "nx/core/package-json" (pid: 27532)
[NX v22.7.8 Daemon Server] - 2026-08-20T05:38:47.695Z - Time taken for 'start-plugin-worker:nx/core/package-json' 437.86829999974ms
[plugin-worker] "nx/core/package-json" (pid: 27532) listening on \\.\pipe\nx\C:\Users\DHRUVM~1\AppData\Local\Temp\plugin5404-187-2674076.9864.sock
[plugin-worker] "nx/core/package-json" (pid: 27532) connected
[plugin-worker] "nx/js/dependencies-and-lockfile" (pid: 27832) loaded successfully
[1m[33mTime taken for 'nx/js/dependencies-and-lockfile:createNodes' 3.9640000000000555ms[39m[22m
[plugin-worker] "nx/core/project-json" (pid: 5960) listening on \\.\pipe\nx\C:\Users\DHRUVM~1\AppData\Local\Temp\plugin5404-188-2674171.577.sock
[isolated-plugin] connected to worker for "nx/core/project-json" (pid: 5960)
[NX v22.7.8 Daemon Server] - 2026-08-20T05:38:47.802Z - Time taken for 'start-plugin-worker:nx/core/project-json' 449.60479999985546ms
[plugin-worker] "nx/core/project-json" (pid: 5960) connected
[1m[33mTime taken for 'plugin worker 5960 code loading' 265.60540000000003ms[39m[22m
[plugin-worker] "nx/core/package-json" (pid: 27532) loaded successfully
[1m[33mTime taken for 'plugin worker 27532 code loading' 265.4739ms[39m[22m
[1m[33mTime taken for 'nx/core/package-json:createNodes' 4.904600000000016ms[39m[22m
[isolated-plugin] shutting down worker for "nx/core/package-json" after createNodes
[plugin-worker] "nx/core/project-json" (pid: 5960) loaded successfully
[1m[33mTime taken for 'nx/core/project-json:createNodes' 0.716700000000003ms[39m[22m
[isolated-plugin] shutting down worker for "nx/core/project-json" after createNodes
[NX v22.7.8 Daemon Server] - 2026-08-20T05:38:47.937Z - Time taken for 'build-project-configs' 771.9029000001028ms
[NX v22.7.8 Daemon Server] - 2026-08-20T05:38:47.938Z - Time taken for 'createNodes:merge' 0.208600000012666ms
[NX v22.7.8 Daemon Server] - 2026-08-20T05:38:47.938Z - Time taken for 'get-all-workspace-files' 0.024000000208616257ms
[1m[33mTime taken for 'build typescript dependencies' 0.10559999999998126ms[39m[22m
[isolated-plugin] shutting down worker for "nx/js/dependencies-and-lockfile" after createDependencies
[NX v22.7.8 Daemon Server] - 2026-08-20T05:38:47.944Z - [SYNC]: collect registered sync generators
[NX v22.7.8 Daemon Server] - 2026-08-20T05:38:47.944Z - [SYNC]: project graph hash is the same, not collecting task sync generators
[NX v22.7.8 Daemon Server] - 2026-08-20T05:38:47.944Z - [SYNC]: nx.json hash is the same, not collecting global sync generators
[NX v22.7.8 Daemon Server] - 2026-08-20T05:38:47.944Z - Time taken for 'total execution time for createProjectGraph()' 8.086099999956787ms
[NX v22.7.8 Daemon Server] - 2026-08-20T05:38:47.944Z - Time taken for 'createDependencies' 6.017099999822676ms
[NX v22.7.8 Daemon Server] - 2026-08-20T05:38:47.944Z - Time taken for 'nx/js/dependencies-and-lockfile:createDependencies' 5.966400000266731ms
[NX v22.7.8 Daemon Server] - 2026-08-20T05:38:47.944Z - Time taken for 'createMetadata' 0.004799999762326479ms
[NX v22.7.8 Daemon Server] - 2026-08-20T05:38:47.944Z - Time taken for 'serialize graph' 0.37280000001192093ms
[NX v22.7.8 Daemon Server] - 2026-08-20T05:38:48.865Z - [WATCHER]: Processing file changes in outputs
[NX v22.7.8 Daemon Server] - 2026-08-20T05:38:48.865Z - [WATCHER]: libs/productization/src/types.ts was modified
[NX v22.7.8 Daemon Server] - 2026-08-20T05:38:48.866Z - [WATCHER]: File changes detected:
Created:
(none)
Updated:
  - libs/productization/src/types.ts
Deleted:
(none)
[NX v22.7.8 Daemon Server] - 2026-08-20T05:38:48.866Z - [SYNC]: clearing sync generators cache due to file changes
[NX v22.7.8 Daemon Server] - 2026-08-20T05:38:55.271Z - [REQUEST]: Updated workspace context based on watched changes, recomputing project graph...
[NX v22.7.8 Daemon Server] - 2026-08-20T05:38:55.271Z - [REQUEST]: libs/productization/src/types.ts
[NX v22.7.8 Daemon Server] - 2026-08-20T05:38:55.271Z - [REQUEST]: 
[plugin-client] restarting worker for "nx/js/dependencies-and-lockfile"
[isolated-plugin] spawned worker for "nx/js/dependencies-and-lockfile" (pid: 10016, socket: \\.\pipe\nx\C:\Users\DHRUVM~1\AppData\Local\Temp\plugin5404-189-2682092.7851.sock)
[plugin-client] restarting worker for "nx/core/package-json"
[isolated-plugin] spawned worker for "nx/core/package-json" (pid: 2648, socket: \\.\pipe\nx\C:\Users\DHRUVM~1\AppData\Local\Temp\plugin5404-190-2682186.5497.sock)
[plugin-client] restarting worker for "nx/core/project-json"
[isolated-plugin] spawned worker for "nx/core/project-json" (pid: 25512, socket: \\.\pipe\nx\C:\Users\DHRUVM~1\AppData\Local\Temp\plugin5404-191-2682283.624.sock)
[NX v22.7.8 Daemon Server] - 2026-08-20T05:38:55.566Z - [WATCHER]: Processing file changes in outputs
[NX v22.7.8 Daemon Server] - 2026-08-20T05:38:55.566Z - [WATCHER]: libs/productization/src/types.ts was modified
[NX v22.7.8 Daemon Server] - 2026-08-20T05:38:55.566Z - [WATCHER]: File changes detected:
Created:
(none)
Updated:
  - libs/productization/src/types.ts
Deleted:
(none)
[NX v22.7.8 Daemon Server] - 2026-08-20T05:38:55.566Z - [SYNC]: clearing sync generators cache due to file changes
[NX v22.7.8 Daemon Server] - 2026-08-20T05:38:55.566Z - Time taken for 'hash changed files from watcher' 0.287599999923259ms
[plugin-worker] "nx/js/dependencies-and-lockfile" (pid: 10016) listening on \\.\pipe\nx\C:\Users\DHRUVM~1\AppData\Local\Temp\plugin5404-189-2682092.7851.sock
[isolated-plugin] connected to worker for "nx/js/dependencies-and-lockfile" (pid: 10016)
[NX v22.7.8 Daemon Server] - 2026-08-20T05:38:55.722Z - Time taken for 'start-plugin-worker:nx/js/dependencies-and-lockfile' 449.04459999967366ms
[plugin-worker] "nx/js/dependencies-and-lockfile" (pid: 10016) connected
[1m[33mTime taken for 'plugin worker 10016 code loading' 277.3635ms[39m[22m
[plugin-worker] "nx/core/package-json" (pid: 2648) listening on \\.\pipe\nx\C:\Users\DHRUVM~1\AppData\Local\Temp\plugin5404-190-2682186.5497.sock
[1m[33mTime taken for 'plugin worker 2648 code loading' 278.0821ms[39m[22m
[isolated-plugin] connected to worker for "nx/core/package-json" (pid: 2648)
[NX v22.7.8 Daemon Server] - 2026-08-20T05:38:55.826Z - Time taken for 'start-plugin-worker:nx/core/package-json' 459.14060000004247ms
[plugin-worker] "nx/core/package-json" (pid: 2648) connected
[plugin-worker] "nx/js/dependencies-and-lockfile" (pid: 10016) loaded successfully
[1m[33mTime taken for 'nx/js/dependencies-and-lockfile:createNodes' 4.432099999999991ms[39m[22m
[plugin-worker] "nx/core/project-json" (pid: 25512) listening on \\.\pipe\nx\C:\Users\DHRUVM~1\AppData\Local\Temp\plugin5404-191-2682283.624.sock
[1m[33mTime taken for 'plugin worker 25512 code loading' 266.7947ms[39m[22m
[isolated-plugin] connected to worker for "nx/core/project-json" (pid: 25512)
[NX v22.7.8 Daemon Server] - 2026-08-20T05:38:55.924Z - Time taken for 'start-plugin-worker:nx/core/project-json' 460.4597000000067ms
[plugin-worker] "nx/core/project-json" (pid: 25512) connected
[plugin-worker] "nx/core/package-json" (pid: 2648) loaded successfully
[1m[33mTime taken for 'nx/core/package-json:createNodes' 5.849800000000016ms[39m[22m
[isolated-plugin] shutting down worker for "nx/core/package-json" after createNodes
[plugin-worker] "nx/core/project-json" (pid: 25512) loaded successfully
[1m[33mTime taken for 'nx/core/project-json:createNodes' 0.5822000000000003ms[39m[22m
[isolated-plugin] shutting down worker for "nx/core/project-json" after createNodes
[NX v22.7.8 Daemon Server] - 2026-08-20T05:38:56.053Z - Time taken for 'build-project-configs' 778.5209999997169ms
[NX v22.7.8 Daemon Server] - 2026-08-20T05:38:56.053Z - Time taken for 'createNodes:merge' 0.18170000007376075ms
[NX v22.7.8 Daemon Server] - 2026-08-20T05:38:56.053Z - Time taken for 'get-all-workspace-files' 0.023099999874830246ms
[1m[33mTime taken for 'build typescript dependencies' 0.10500000000001819ms[39m[22m
[isolated-plugin] shutting down worker for "nx/js/dependencies-and-lockfile" after createDependencies
[NX v22.7.8 Daemon Server] - 2026-08-20T05:38:56.058Z - [SYNC]: collect registered sync generators
[NX v22.7.8 Daemon Server] - 2026-08-20T05:38:56.058Z - [SYNC]: project graph hash is the same, not collecting task sync generators
[NX v22.7.8 Daemon Server] - 2026-08-20T05:38:56.058Z - [SYNC]: nx.json hash is the same, not collecting global sync generators
[NX v22.7.8 Daemon Server] - 2026-08-20T05:38:56.058Z - Time taken for 'total execution time for createProjectGraph()' 6.5750000001862645ms
[NX v22.7.8 Daemon Server] - 2026-08-20T05:38:56.059Z - Time taken for 'createDependencies' 4.667799999937415ms
[NX v22.7.8 Daemon Server] - 2026-08-20T05:38:56.059Z - Time taken for 'nx/js/dependencies-and-lockfile:createDependencies' 4.620699999853969ms
[NX v22.7.8 Daemon Server] - 2026-08-20T05:38:56.059Z - Time taken for 'createMetadata' 0.004399999976158142ms
[NX v22.7.8 Daemon Server] - 2026-08-20T05:38:56.059Z - Time taken for 'serialize graph' 0.3815999999642372ms
[NX v22.7.8 Daemon Server] - 2026-08-20T05:38:56.697Z - [WATCHER]: libs/productization/src/types.ts was modified
[NX v22.7.8 Daemon Server] - 2026-08-20T05:38:56.698Z - [WATCHER]: File changes detected:
Created:
(none)
Updated:
  - libs/productization/src/types.ts
Deleted:
(none)
[NX v22.7.8 Daemon Server] - 2026-08-20T05:38:56.698Z - [SYNC]: clearing sync generators cache due to file changes
[NX v22.7.8 Daemon Server] - 2026-08-20T05:38:56.698Z - [WATCHER]: Processing file changes in outputs
[NX v22.7.8 Daemon Server] - 2026-08-20T05:39:01.978Z - [REQUEST]: Updated workspace context based on watched changes, recomputing project graph...
[NX v22.7.8 Daemon Server] - 2026-08-20T05:39:01.978Z - [REQUEST]: libs/productization/src/types.ts
[NX v22.7.8 Daemon Server] - 2026-08-20T05:39:01.978Z - [REQUEST]: 
[plugin-client] restarting worker for "nx/js/dependencies-and-lockfile"
[isolated-plugin] spawned worker for "nx/js/dependencies-and-lockfile" (pid: 2816, socket: \\.\pipe\nx\C:\Users\DHRUVM~1\AppData\Local\Temp\plugin5404-192-2688800.6387.sock)
[plugin-client] restarting worker for "nx/core/package-json"
[isolated-plugin] spawned worker for "nx/core/package-json" (pid: 1544, socket: \\.\pipe\nx\C:\Users\DHRUVM~1\AppData\Local\Temp\plugin5404-193-2688894.697.sock)
[plugin-client] restarting worker for "nx/core/project-json"
[isolated-plugin] spawned worker for "nx/core/project-json" (pid: 23756, socket: \\.\pipe\nx\C:\Users\DHRUVM~1\AppData\Local\Temp\plugin5404-194-2688990.488.sock)
[NX v22.7.8 Daemon Server] - 2026-08-20T05:39:02.268Z - Time taken for 'hash changed files from watcher' 0.7002000003121793ms
[plugin-worker] "nx/js/dependencies-and-lockfile" (pid: 2816) listening on \\.\pipe\nx\C:\Users\DHRUVM~1\AppData\Local\Temp\plugin5404-192-2688800.6387.sock
[1m[33mTime taken for 'plugin worker 2816 code loading' 264.80219999999997ms[39m[22m
[isolated-plugin] connected to worker for "nx/js/dependencies-and-lockfile" (pid: 2816)
[NX v22.7.8 Daemon Server] - 2026-08-20T05:39:02.428Z - Time taken for 'start-plugin-worker:nx/js/dependencies-and-lockfile' 447.17920000012964ms
[plugin-worker] "nx/js/dependencies-and-lockfile" (pid: 2816) connected
[plugin-worker] "nx/core/package-json" (pid: 1544) listening on \\.\pipe\nx\C:\Users\DHRUVM~1\AppData\Local\Temp\plugin5404-193-2688894.697.sock
[1m[33mTime taken for 'plugin worker 1544 code loading' 267.5884ms[39m[22m
[isolated-plugin] connected to worker for "nx/core/package-json" (pid: 1544)
[NX v22.7.8 Daemon Server] - 2026-08-20T05:39:02.520Z - Time taken for 'start-plugin-worker:nx/core/package-json' 444.6811000001617ms
[plugin-worker] "nx/core/package-json" (pid: 1544) connected
[plugin-worker] "nx/js/dependencies-and-lockfile" (pid: 2816) loaded successfully
[1m[33mTime taken for 'nx/js/dependencies-and-lockfile:createNodes' 4.906999999999982ms[39m[22m
[plugin-worker] "nx/core/project-json" (pid: 23756) listening on \\.\pipe\nx\C:\Users\DHRUVM~1\AppData\Local\Temp\plugin5404-194-2688990.488.sock
[isolated-plugin] connected to worker for "nx/core/project-json" (pid: 23756)
[1m[33mTime taken for 'plugin worker 23756 code loading' 276.07550000000003ms[39m[22m
[NX v22.7.8 Daemon Server] - 2026-08-20T05:39:02.628Z - Time taken for 'start-plugin-worker:nx/core/project-json' 457.5066000004299ms
[plugin-worker] "nx/core/project-json" (pid: 23756) connected
[plugin-worker] "nx/core/package-json" (pid: 1544) loaded successfully
[1m[33mTime taken for 'nx/core/package-json:createNodes' 6.161900000000003ms[39m[22m
[isolated-plugin] shutting down worker for "nx/core/package-json" after createNodes
[plugin-worker] "nx/core/project-json" (pid: 23756) loaded successfully
[1m[33mTime taken for 'nx/core/project-json:createNodes' 0.6881000000000199ms[39m[22m
[isolated-plugin] shutting down worker for "nx/core/project-json" after createNodes
[NX v22.7.8 Daemon Server] - 2026-08-20T05:39:02.761Z - Time taken for 'build-project-configs' 778.1889999997802ms
[NX v22.7.8 Daemon Server] - 2026-08-20T05:39:02.761Z - Time taken for 'createNodes:merge' 0.24140000017359853ms
[NX v22.7.8 Daemon Server] - 2026-08-20T05:39:02.761Z - Time taken for 'get-all-workspace-files' 0.021699999924749136ms
[1m[33mTime taken for 'build typescript dependencies' 0.10119999999994889ms[39m[22m
[isolated-plugin] shutting down worker for "nx/js/dependencies-and-lockfile" after createDependencies
[NX v22.7.8 Daemon Server] - 2026-08-20T05:39:02.767Z - [SYNC]: collect registered sync generators
[NX v22.7.8 Daemon Server] - 2026-08-20T05:39:02.768Z - [SYNC]: project graph hash is the same, not collecting task sync generators
[NX v22.7.8 Daemon Server] - 2026-08-20T05:39:02.768Z - [SYNC]: nx.json hash is the same, not collecting global sync generators
[NX v22.7.8 Daemon Server] - 2026-08-20T05:39:02.768Z - Time taken for 'total execution time for createProjectGraph()' 8.62859999993816ms
[NX v22.7.8 Daemon Server] - 2026-08-20T05:39:02.768Z - Time taken for 'createDependencies' 6.601699999999255ms
[NX v22.7.8 Daemon Server] - 2026-08-20T05:39:02.768Z - Time taken for 'nx/js/dependencies-and-lockfile:createDependencies' 6.547599999699742ms
[NX v22.7.8 Daemon Server] - 2026-08-20T05:39:02.768Z - Time taken for 'createMetadata' 0.005400000140070915ms
[NX v22.7.8 Daemon Server] - 2026-08-20T05:39:02.768Z - Time taken for 'serialize graph' 0.375900000333786ms
[NX v22.7.8 Daemon Server] - 2026-08-20T05:39:04.879Z - [WATCHER]: libs/productization/src/types.ts was modified
[NX v22.7.8 Daemon Server] - 2026-08-20T05:39:04.879Z - [WATCHER]: File changes detected:
Created:
(none)
Updated:
  - libs/productization/src/types.ts
Deleted:
(none)
[NX v22.7.8 Daemon Server] - 2026-08-20T05:39:04.879Z - [SYNC]: clearing sync generators cache due to file changes
[NX v22.7.8 Daemon Server] - 2026-08-20T05:39:04.879Z - [WATCHER]: Processing file changes in outputs
[NX v22.7.8 Daemon Server] - 2026-08-20T05:39:08.078Z - [WATCHER]: Processing file changes in outputs
[NX v22.7.8 Daemon Server] - 2026-08-20T05:39:08.079Z - [WATCHER]: libs/productization/src/types.ts was modified
[NX v22.7.8 Daemon Server] - 2026-08-20T05:39:08.079Z - [WATCHER]: File changes detected:
Created:
(none)
Updated:
  - libs/productization/src/types.ts
Deleted:
(none)
[NX v22.7.8 Daemon Server] - 2026-08-20T05:39:08.079Z - [SYNC]: clearing sync generators cache due to file changes
[NX v22.7.8 Daemon Server] - 2026-08-20T05:39:11.295Z - [REQUEST]: Updated workspace context based on watched changes, recomputing project graph...
[NX v22.7.8 Daemon Server] - 2026-08-20T05:39:11.295Z - [REQUEST]: libs/productization/src/types.ts
[NX v22.7.8 Daemon Server] - 2026-08-20T05:39:11.295Z - [REQUEST]: 
[plugin-client] restarting worker for "nx/js/dependencies-and-lockfile"
[isolated-plugin] spawned worker for "nx/js/dependencies-and-lockfile" (pid: 28160, socket: \\.\pipe\nx\C:\Users\DHRUVM~1\AppData\Local\Temp\plugin5404-195-2698116.5325.sock)
[plugin-client] restarting worker for "nx/core/package-json"
[isolated-plugin] spawned worker for "nx/core/package-json" (pid: 27968, socket: \\.\pipe\nx\C:\Users\DHRUVM~1\AppData\Local\Temp\plugin5404-196-2698217.6491.sock)
[plugin-client] restarting worker for "nx/core/project-json"
[isolated-plugin] spawned worker for "nx/core/project-json" (pid: 23628, socket: \\.\pipe\nx\C:\Users\DHRUVM~1\AppData\Local\Temp\plugin5404-197-2698315.6023.sock)
[NX v22.7.8 Daemon Server] - 2026-08-20T05:39:11.597Z - Time taken for 'hash changed files from watcher' 0.570900000166148ms
[plugin-worker] "nx/js/dependencies-and-lockfile" (pid: 28160) listening on \\.\pipe\nx\C:\Users\DHRUVM~1\AppData\Local\Temp\plugin5404-195-2698116.5325.sock
[isolated-plugin] connected to worker for "nx/js/dependencies-and-lockfile" (pid: 28160)
[1m[33mTime taken for 'plugin worker 28160 code loading' 283.14570000000003ms[39m[22m
[NX v22.7.8 Daemon Server] - 2026-08-20T05:39:11.761Z - Time taken for 'start-plugin-worker:nx/js/dependencies-and-lockfile' 464.2724000001326ms
[plugin-worker] "nx/js/dependencies-and-lockfile" (pid: 28160) connected
[plugin-worker] "nx/core/package-json" (pid: 27968) listening on \\.\pipe\nx\C:\Users\DHRUVM~1\AppData\Local\Temp\plugin5404-196-2698217.6491.sock
[1m[33mTime taken for 'plugin worker 27968 code loading' 290.26390000000004ms[39m[22m
[isolated-plugin] connected to worker for "nx/core/package-json" (pid: 27968)
[NX v22.7.8 Daemon Server] - 2026-08-20T05:39:11.879Z - Time taken for 'start-plugin-worker:nx/core/package-json' 480.63660000031814ms
[plugin-worker] "nx/core/package-json" (pid: 27968) connected
[plugin-worker] "nx/js/dependencies-and-lockfile" (pid: 28160) loaded successfully
[1m[33mTime taken for 'nx/js/dependencies-and-lockfile:createNodes' 4.556600000000003ms[39m[22m
[plugin-worker] "nx/core/project-json" (pid: 23628) listening on \\.\pipe\nx\C:\Users\DHRUVM~1\AppData\Local\Temp\plugin5404-197-2698315.6023.sock
[1m[33mTime taken for 'plugin worker 23628 code loading' 277.2779ms[39m[22m
[isolated-plugin] connected to worker for "nx/core/project-json" (pid: 23628)
[NX v22.7.8 Daemon Server] - 2026-08-20T05:39:11.961Z - Time taken for 'start-plugin-worker:nx/core/project-json' 464.84310000017285ms
[plugin-worker] "nx/core/project-json" (pid: 23628) connected
[plugin-worker] "nx/core/package-json" (pid: 27968) loaded successfully
[1m[33mTime taken for 'nx/core/package-json:createNodes' 6.178299999999979ms[39m[22m
[isolated-plugin] shutting down worker for "nx/core/package-json" after createNodes
[plugin-worker] "nx/core/project-json" (pid: 23628) loaded successfully
[1m[33mTime taken for 'nx/core/project-json:createNodes' 0.8033000000000357ms[39m[22m
[isolated-plugin] shutting down worker for "nx/core/project-json" after createNodes
[NX v22.7.8 Daemon Server] - 2026-08-20T05:39:12.094Z - Time taken for 'build-project-configs' 795.5941999997012ms
[NX v22.7.8 Daemon Server] - 2026-08-20T05:39:12.094Z - Time taken for 'createNodes:merge' 0.3763999999500811ms
[NX v22.7.8 Daemon Server] - 2026-08-20T05:39:12.094Z - Time taken for 'get-all-workspace-files' 0.0213000001385808ms
[1m[33mTime taken for 'build typescript dependencies' 0.11219999999991614ms[39m[22m
[isolated-plugin] shutting down worker for "nx/js/dependencies-and-lockfile" after createDependencies
[NX v22.7.8 Daemon Server] - 2026-08-20T05:39:12.099Z - [SYNC]: collect registered sync generators
[NX v22.7.8 Daemon Server] - 2026-08-20T05:39:12.100Z - [SYNC]: project graph hash is the same, not collecting task sync generators
[NX v22.7.8 Daemon Server] - 2026-08-20T05:39:12.100Z - [SYNC]: nx.json hash is the same, not collecting global sync generators
[NX v22.7.8 Daemon Server] - 2026-08-20T05:39:12.100Z - Time taken for 'total execution time for createProjectGraph()' 7.013100000098348ms
[NX v22.7.8 Daemon Server] - 2026-08-20T05:39:12.100Z - Time taken for 'createDependencies' 5.044499999843538ms
[NX v22.7.8 Daemon Server] - 2026-08-20T05:39:12.100Z - Time taken for 'nx/js/dependencies-and-lockfile:createDependencies' 4.992999999783933ms
[NX v22.7.8 Daemon Server] - 2026-08-20T05:39:12.100Z - Time taken for 'createMetadata' 0.004399999976158142ms
[NX v22.7.8 Daemon Server] - 2026-08-20T05:39:12.100Z - Time taken for 'serialize graph' 0.3652999997138977ms
[NX v22.7.8 Daemon Server] - 2026-08-20T05:39:12.261Z - [WATCHER]: libs/productization/src/types.ts was modified
[NX v22.7.8 Daemon Server] - 2026-08-20T05:39:12.261Z - [WATCHER]: File changes detected:
Created:
(none)
Updated:
  - libs/productization/src/types.ts
Deleted:
(none)
[NX v22.7.8 Daemon Server] - 2026-08-20T05:39:12.261Z - [SYNC]: clearing sync generators cache due to file changes
[NX v22.7.8 Daemon Server] - 2026-08-20T05:39:12.262Z - [WATCHER]: Processing file changes in outputs
[NX v22.7.8 Daemon Server] - 2026-08-20T05:39:14.494Z - [WATCHER]: libs/productization/src/types.ts was modified
[NX v22.7.8 Daemon Server] - 2026-08-20T05:39:14.494Z - [WATCHER]: File changes detected:
Created:
(none)
Updated:
  - libs/productization/src/types.ts
Deleted:
(none)
[NX v22.7.8 Daemon Server] - 2026-08-20T05:39:14.494Z - [SYNC]: clearing sync generators cache due to file changes
[NX v22.7.8 Daemon Server] - 2026-08-20T05:39:14.494Z - [WATCHER]: Processing file changes in outputs
[NX v22.7.8 Daemon Server] - 2026-08-20T05:39:17.310Z - [WATCHER]: libs/productization/src/types.ts was modified
[NX v22.7.8 Daemon Server] - 2026-08-20T05:39:17.310Z - [WATCHER]: File changes detected:
Created:
(none)
Updated:
  - libs/productization/src/types.ts
Deleted:
(none)
[NX v22.7.8 Daemon Server] - 2026-08-20T05:39:17.310Z - [SYNC]: clearing sync generators cache due to file changes
[NX v22.7.8 Daemon Server] - 2026-08-20T05:39:17.310Z - [WATCHER]: Processing file changes in outputs
[NX v22.7.8 Daemon Server] - 2026-08-20T05:39:18.678Z - [REQUEST]: Updated workspace context based on watched changes, recomputing project graph...
[NX v22.7.8 Daemon Server] - 2026-08-20T05:39:18.678Z - [REQUEST]: libs/productization/src/types.ts
[NX v22.7.8 Daemon Server] - 2026-08-20T05:39:18.678Z - [REQUEST]: 
[plugin-client] restarting worker for "nx/js/dependencies-and-lockfile"
[isolated-plugin] spawned worker for "nx/js/dependencies-and-lockfile" (pid: 27240, socket: \\.\pipe\nx\C:\Users\DHRUVM~1\AppData\Local\Temp\plugin5404-198-2705499.7577.sock)
[plugin-client] restarting worker for "nx/core/package-json"
[isolated-plugin] spawned worker for "nx/core/package-json" (pid: 16812, socket: \\.\pipe\nx\C:\Users\DHRUVM~1\AppData\Local\Temp\plugin5404-199-2705596.856.sock)
[plugin-client] restarting worker for "nx/core/project-json"
[isolated-plugin] spawned worker for "nx/core/project-json" (pid: 21344, socket: \\.\pipe\nx\C:\Users\DHRUVM~1\AppData\Local\Temp\plugin5404-200-2705697.9267.sock)
[NX v22.7.8 Daemon Server] - 2026-08-20T05:39:18.985Z - Time taken for 'hash changed files from watcher' 0.40309999976307154ms
[plugin-worker] "nx/js/dependencies-and-lockfile" (pid: 27240) listening on \\.\pipe\nx\C:\Users\DHRUVM~1\AppData\Local\Temp\plugin5404-198-2705499.7577.sock
[1m[33mTime taken for 'plugin worker 27240 code loading' 273.6954ms[39m[22m
[isolated-plugin] connected to worker for "nx/js/dependencies-and-lockfile" (pid: 27240)
[NX v22.7.8 Daemon Server] - 2026-08-20T05:39:19.143Z - Time taken for 'start-plugin-worker:nx/js/dependencies-and-lockfile' 463.11220000032336ms
[plugin-worker] "nx/js/dependencies-and-lockfile" (pid: 27240) connected
[plugin-worker] "nx/core/package-json" (pid: 16812) listening on \\.\pipe\nx\C:\Users\DHRUVM~1\AppData\Local\Temp\plugin5404-199-2705596.856.sock
[1m[33mTime taken for 'plugin worker 16812 code loading' 274.5621ms[39m[22m
[isolated-plugin] connected to worker for "nx/core/package-json" (pid: 16812)
[NX v22.7.8 Daemon Server] - 2026-08-20T05:39:19.255Z - Time taken for 'start-plugin-worker:nx/core/package-json' 478.0519999996759ms
[plugin-worker] "nx/core/package-json" (pid: 16812) connected
[plugin-worker] "nx/js/dependencies-and-lockfile" (pid: 27240) loaded successfully
[1m[33mTime taken for 'nx/js/dependencies-and-lockfile:createNodes' 6.573400000000049ms[39m[22m
[NX v22.7.8 Daemon Server] - 2026-08-20T05:39:19.332Z - [WATCHER]: libs/productization/src/types.ts was modified
[NX v22.7.8 Daemon Server] - 2026-08-20T05:39:19.333Z - [WATCHER]: File changes detected:
Created:
(none)
Updated:
  - libs/productization/src/types.ts
Deleted:
(none)
[NX v22.7.8 Daemon Server] - 2026-08-20T05:39:19.333Z - [SYNC]: clearing sync generators cache due to file changes
[NX v22.7.8 Daemon Server] - 2026-08-20T05:39:19.333Z - [WATCHER]: Processing file changes in outputs
[plugin-worker] "nx/core/project-json" (pid: 21344) listening on \\.\pipe\nx\C:\Users\DHRUVM~1\AppData\Local\Temp\plugin5404-200-2705697.9267.sock
[1m[33mTime taken for 'plugin worker 21344 code loading' 267.9973ms[39m[22m
[isolated-plugin] connected to worker for "nx/core/project-json" (pid: 21344)
[NX v22.7.8 Daemon Server] - 2026-08-20T05:39:19.345Z - Time taken for 'start-plugin-worker:nx/core/project-json' 466.52879999997094ms
[plugin-worker] "nx/core/project-json" (pid: 21344) connected
[plugin-worker] "nx/core/package-json" (pid: 16812) loaded successfully
[1m[33mTime taken for 'nx/core/package-json:createNodes' 4.794399999999996ms[39m[22m
[isolated-plugin] shutting down worker for "nx/core/package-json" after createNodes
[plugin-worker] "nx/core/project-json" (pid: 21344) loaded successfully
[1m[33mTime taken for 'nx/core/project-json:createNodes' 0.6940000000000168ms[39m[22m
[isolated-plugin] shutting down worker for "nx/core/project-json" after createNodes
[NX v22.7.8 Daemon Server] - 2026-08-20T05:39:19.471Z - Time taken for 'build-project-configs' 789.8308000001125ms
[NX v22.7.8 Daemon Server] - 2026-08-20T05:39:19.472Z - Time taken for 'createNodes:merge' 0.20129999984055758ms
[NX v22.7.8 Daemon Server] - 2026-08-20T05:39:19.472Z - Time taken for 'get-all-workspace-files' 0.02270000008866191ms
[1m[33mTime taken for 'build typescript dependencies' 0.10119999999994889ms[39m[22m
[isolated-plugin] shutting down worker for "nx/js/dependencies-and-lockfile" after createDependencies
[NX v22.7.8 Daemon Server] - 2026-08-20T05:39:19.476Z - [SYNC]: collect registered sync generators
[NX v22.7.8 Daemon Server] - 2026-08-20T05:39:19.477Z - [SYNC]: project graph hash is the same, not collecting task sync generators
[NX v22.7.8 Daemon Server] - 2026-08-20T05:39:19.477Z - [SYNC]: nx.json hash is the same, not collecting global sync generators
[NX v22.7.8 Daemon Server] - 2026-08-20T05:39:19.477Z - Time taken for 'total execution time for createProjectGraph()' 6.652499999850988ms
[NX v22.7.8 Daemon Server] - 2026-08-20T05:39:19.477Z - Time taken for 'createDependencies' 4.717599999625236ms
[NX v22.7.8 Daemon Server] - 2026-08-20T05:39:19.477Z - Time taken for 'nx/js/dependencies-and-lockfile:createDependencies' 4.664900000207126ms
[NX v22.7.8 Daemon Server] - 2026-08-20T05:39:19.477Z - Time taken for 'createMetadata' 0.00430000014603138ms
[NX v22.7.8 Daemon Server] - 2026-08-20T05:39:19.477Z - Time taken for 'serialize graph' 0.3741000001318753ms
[NX v22.7.8 Daemon Server] - 2026-08-20T05:39:19.897Z - [WATCHER]: Processing file changes in outputs
[NX v22.7.8 Daemon Server] - 2026-08-20T05:39:19.897Z - [WATCHER]: libs/productization/src/types.ts was modified
[NX v22.7.8 Daemon Server] - 2026-08-20T05:39:19.897Z - [WATCHER]: File changes detected:
Created:
(none)
Updated:
  - libs/productization/src/types.ts
Deleted:
(none)
[NX v22.7.8 Daemon Server] - 2026-08-20T05:39:19.897Z - [SYNC]: clearing sync generators cache due to file changes
[NX v22.7.8 Daemon Server] - 2026-08-20T05:39:24.545Z - [WATCHER]: Processing file changes in outputs
[NX v22.7.8 Daemon Server] - 2026-08-20T05:39:24.545Z - [WATCHER]: libs/productization/src/types.ts was modified
[NX v22.7.8 Daemon Server] - 2026-08-20T05:39:24.545Z - [WATCHER]: File changes detected:
Created:
(none)
Updated:
  - libs/productization/src/types.ts
Deleted:
(none)
[NX v22.7.8 Daemon Server] - 2026-08-20T05:39:24.545Z - [SYNC]: clearing sync generators cache due to file changes
[NX v22.7.8 Daemon Server] - 2026-08-20T05:39:25.427Z - [WATCHER]: Processing file changes in outputs
[NX v22.7.8 Daemon Server] - 2026-08-20T05:39:25.427Z - [WATCHER]: libs/productization/src/types.ts was modified
[NX v22.7.8 Daemon Server] - 2026-08-20T05:39:25.427Z - [WATCHER]: File changes detected:
Created:
(none)
Updated:
  - libs/productization/src/types.ts
Deleted:
(none)
[NX v22.7.8 Daemon Server] - 2026-08-20T05:39:25.427Z - [SYNC]: clearing sync generators cache due to file changes
[NX v22.7.8 Daemon Server] - 2026-08-20T05:39:25.736Z - [REQUEST]: Updated workspace context based on watched changes, recomputing project graph...
[NX v22.7.8 Daemon Server] - 2026-08-20T05:39:25.736Z - [REQUEST]: libs/productization/src/types.ts
[NX v22.7.8 Daemon Server] - 2026-08-20T05:39:25.736Z - [REQUEST]: 
[plugin-client] restarting worker for "nx/js/dependencies-and-lockfile"
[isolated-plugin] spawned worker for "nx/js/dependencies-and-lockfile" (pid: 3024, socket: \\.\pipe\nx\C:\Users\DHRUVM~1\AppData\Local\Temp\plugin5404-201-2712558.1531.sock)
[plugin-client] restarting worker for "nx/core/package-json"
[isolated-plugin] spawned worker for "nx/core/package-json" (pid: 26812, socket: \\.\pipe\nx\C:\Users\DHRUVM~1\AppData\Local\Temp\plugin5404-202-2712648.8224.sock)
[plugin-client] restarting worker for "nx/core/project-json"
[isolated-plugin] spawned worker for "nx/core/project-json" (pid: 11028, socket: \\.\pipe\nx\C:\Users\DHRUVM~1\AppData\Local\Temp\plugin5404-203-2712743.1268.sock)
[NX v22.7.8 Daemon Server] - 2026-08-20T05:39:26.028Z - Time taken for 'hash changed files from watcher' 0.5687000001780689ms
[plugin-worker] "nx/js/dependencies-and-lockfile" (pid: 3024) listening on \\.\pipe\nx\C:\Users\DHRUVM~1\AppData\Local\Temp\plugin5404-201-2712558.1531.sock
[1m[33mTime taken for 'plugin worker 3024 code loading' 279.16200000000003ms[39m[22m
[isolated-plugin] connected to worker for "nx/js/dependencies-and-lockfile" (pid: 3024)
[NX v22.7.8 Daemon Server] - 2026-08-20T05:39:26.196Z - Time taken for 'start-plugin-worker:nx/js/dependencies-and-lockfile' 457.33590000029653ms
[plugin-worker] "nx/js/dependencies-and-lockfile" (pid: 3024) connected
[plugin-worker] "nx/core/package-json" (pid: 26812) listening on \\.\pipe\nx\C:\Users\DHRUVM~1\AppData\Local\Temp\plugin5404-202-2712648.8224.sock
[1m[33mTime taken for 'plugin worker 26812 code loading' 282.85350000000005ms[39m[22m
[isolated-plugin] connected to worker for "nx/core/package-json" (pid: 26812)
[NX v22.7.8 Daemon Server] - 2026-08-20T05:39:26.295Z - Time taken for 'start-plugin-worker:nx/core/package-json' 465.9391999999061ms
[plugin-worker] "nx/core/package-json" (pid: 26812) connected
[plugin-worker] "nx/js/dependencies-and-lockfile" (pid: 3024) loaded successfully
[1m[33mTime taken for 'nx/js/dependencies-and-lockfile:createNodes' 4.068299999999965ms[39m[22m
[isolated-plugin] connected to worker for "nx/core/project-json" (pid: 11028)
[NX v22.7.8 Daemon Server] - 2026-08-20T05:39:26.378Z - Time taken for 'start-plugin-worker:nx/core/project-json' 454.9362999997102ms
[plugin-worker] "nx/core/project-json" (pid: 11028) listening on \\.\pipe\nx\C:\Users\DHRUVM~1\AppData\Local\Temp\plugin5404-203-2712743.1268.sock
[plugin-worker] "nx/core/project-json" (pid: 11028) connected
[plugin-worker] "nx/core/package-json" (pid: 26812) loaded successfully
[1m[33mTime taken for 'nx/core/package-json:createNodes' 5.468899999999962ms[39m[22m
[isolated-plugin] shutting down worker for "nx/core/package-json" after createNodes
[plugin-worker] "nx/core/project-json" (pid: 11028) loaded successfully
[1m[33mTime taken for 'plugin worker 11028 code loading' 267.4046ms[39m[22m
[1m[33mTime taken for 'nx/core/project-json:createNodes' 1.0024999999999977ms[39m[22m
[isolated-plugin] shutting down worker for "nx/core/project-json" after createNodes
[NX v22.7.8 Daemon Server] - 2026-08-20T05:39:26.509Z - Time taken for 'build-project-configs' 767.1954000000842ms
[NX v22.7.8 Daemon Server] - 2026-08-20T05:39:26.509Z - Time taken for 'createNodes:merge' 0.31359999999403954ms
[NX v22.7.8 Daemon Server] - 2026-08-20T05:39:26.509Z - Time taken for 'get-all-workspace-files' 0.03150000004097819ms
[1m[33mTime taken for 'build typescript dependencies' 0.13260000000002492ms[39m[22m
[isolated-plugin] shutting down worker for "nx/js/dependencies-and-lockfile" after createDependencies
[NX v22.7.8 Daemon Server] - 2026-08-20T05:39:26.515Z - [SYNC]: collect registered sync generators
[NX v22.7.8 Daemon Server] - 2026-08-20T05:39:26.515Z - [SYNC]: project graph hash is the same, not collecting task sync generators
[NX v22.7.8 Daemon Server] - 2026-08-20T05:39:26.515Z - [SYNC]: nx.json hash is the same, not collecting global sync generators
[NX v22.7.8 Daemon Server] - 2026-08-20T05:39:26.515Z - Time taken for 'total execution time for createProjectGraph()' 8.77100000018254ms
[NX v22.7.8 Daemon Server] - 2026-08-20T05:39:26.515Z - Time taken for 'createDependencies' 5.680799999739975ms
[NX v22.7.8 Daemon Server] - 2026-08-20T05:39:26.515Z - Time taken for 'nx/js/dependencies-and-lockfile:createDependencies' 5.613499999977648ms
[NX v22.7.8 Daemon Server] - 2026-08-20T05:39:26.515Z - Time taken for 'createMetadata' 0.005400000140070915ms
[NX v22.7.8 Daemon Server] - 2026-08-20T05:39:26.515Z - Time taken for 'serialize graph' 0.4886999996379018ms
[NX v22.7.8 Daemon Server] - 2026-08-20T05:39:47.774Z - [WATCHER]: libs/productization/src/config.ts was modified
[NX v22.7.8 Daemon Server] - 2026-08-20T05:39:47.775Z - [WATCHER]: File changes detected:
Created:
(none)
Updated:
  - libs/productization/src/config.ts
Deleted:
(none)
[NX v22.7.8 Daemon Server] - 2026-08-20T05:39:47.775Z - [SYNC]: clearing sync generators cache due to file changes
[NX v22.7.8 Daemon Server] - 2026-08-20T05:39:47.775Z - [WATCHER]: Processing file changes in outputs
[NX v22.7.8 Daemon Server] - 2026-08-20T05:39:49.347Z - [WATCHER]: Processing file changes in outputs
[NX v22.7.8 Daemon Server] - 2026-08-20T05:39:49.347Z - [WATCHER]: libs/productization/src/config.ts was modified
[NX v22.7.8 Daemon Server] - 2026-08-20T05:39:49.347Z - [WATCHER]: File changes detected:
Created:
(none)
Updated:
  - libs/productization/src/config.ts
Deleted:
(none)
[NX v22.7.8 Daemon Server] - 2026-08-20T05:39:49.347Z - [SYNC]: clearing sync generators cache due to file changes
[NX v22.7.8 Daemon Server] - 2026-08-20T05:39:54.182Z - [REQUEST]: Updated workspace context based on watched changes, recomputing project graph...
[NX v22.7.8 Daemon Server] - 2026-08-20T05:39:54.182Z - [REQUEST]: libs/productization/src/config.ts
[NX v22.7.8 Daemon Server] - 2026-08-20T05:39:54.182Z - [REQUEST]: 
[plugin-client] restarting worker for "nx/js/dependencies-and-lockfile"
[isolated-plugin] spawned worker for "nx/js/dependencies-and-lockfile" (pid: 27540, socket: \\.\pipe\nx\C:\Users\DHRUVM~1\AppData\Local\Temp\plugin5404-204-2741003.1759.sock)
[plugin-client] restarting worker for "nx/core/package-json"
[isolated-plugin] spawned worker for "nx/core/package-json" (pid: 26536, socket: \\.\pipe\nx\C:\Users\DHRUVM~1\AppData\Local\Temp\plugin5404-205-2741097.7658.sock)
[plugin-client] restarting worker for "nx/core/project-json"
[isolated-plugin] spawned worker for "nx/core/project-json" (pid: 23756, socket: \\.\pipe\nx\C:\Users\DHRUVM~1\AppData\Local\Temp\plugin5404-206-2741195.2119.sock)
[NX v22.7.8 Daemon Server] - 2026-08-20T05:39:54.476Z - Time taken for 'hash changed files from watcher' 0.31950000021606684ms
[plugin-worker] "nx/js/dependencies-and-lockfile" (pid: 27540) listening on \\.\pipe\nx\C:\Users\DHRUVM~1\AppData\Local\Temp\plugin5404-204-2741003.1759.sock
[1m[33mTime taken for 'plugin worker 27540 code loading' 272.2178ms[39m[22m
[isolated-plugin] connected to worker for "nx/js/dependencies-and-lockfile" (pid: 27540)
[NX v22.7.8 Daemon Server] - 2026-08-20T05:39:54.635Z - Time taken for 'start-plugin-worker:nx/js/dependencies-and-lockfile' 451.1119999997318ms
[plugin-worker] "nx/js/dependencies-and-lockfile" (pid: 27540) connected
[plugin-worker] "nx/core/package-json" (pid: 26536) listening on \\.\pipe\nx\C:\Users\DHRUVM~1\AppData\Local\Temp\plugin5404-205-2741097.7658.sock
[1m[33mTime taken for 'plugin worker 26536 code loading' 270.33840000000004ms[39m[22m
[isolated-plugin] connected to worker for "nx/core/package-json" (pid: 26536)
[NX v22.7.8 Daemon Server] - 2026-08-20T05:39:54.744Z - Time taken for 'start-plugin-worker:nx/core/package-json' 465.58740000007674ms
[plugin-worker] "nx/core/package-json" (pid: 26536) connected
[plugin-worker] "nx/js/dependencies-and-lockfile" (pid: 27540) loaded successfully
[1m[33mTime taken for 'nx/js/dependencies-and-lockfile:createNodes' 4.804500000000019ms[39m[22m
[plugin-worker] "nx/core/project-json" (pid: 23756) listening on \\.\pipe\nx\C:\Users\DHRUVM~1\AppData\Local\Temp\plugin5404-206-2741195.2119.sock
[isolated-plugin] connected to worker for "nx/core/project-json" (pid: 23756)
[NX v22.7.8 Daemon Server] - 2026-08-20T05:39:54.822Z - Time taken for 'start-plugin-worker:nx/core/project-json' 446.4122999999672ms
[plugin-worker] "nx/core/project-json" (pid: 23756) connected
[1m[33mTime taken for 'plugin worker 23756 code loading' 261.4173ms[39m[22m
[plugin-worker] "nx/core/package-json" (pid: 26536) loaded successfully
[1m[33mTime taken for 'nx/core/package-json:createNodes' 4.911600000000021ms[39m[22m
[isolated-plugin] shutting down worker for "nx/core/package-json" after createNodes
[plugin-worker] "nx/core/project-json" (pid: 23756) loaded successfully
[1m[33mTime taken for 'nx/core/project-json:createNodes' 0.8092000000000326ms[39m[22m
[isolated-plugin] shutting down worker for "nx/core/project-json" after createNodes
[NX v22.7.8 Daemon Server] - 2026-08-20T05:39:54.950Z - Time taken for 'build-project-configs' 763.8907000003383ms
[NX v22.7.8 Daemon Server] - 2026-08-20T05:39:54.950Z - Time taken for 'createNodes:merge' 0.25150000024586916ms
[NX v22.7.8 Daemon Server] - 2026-08-20T05:39:54.950Z - Time taken for 'get-all-workspace-files' 0.024699999950826168ms
[1m[33mTime taken for 'build typescript dependencies' 0.11099999999999ms[39m[22m
[isolated-plugin] shutting down worker for "nx/js/dependencies-and-lockfile" after createDependencies
[NX v22.7.8 Daemon Server] - 2026-08-20T05:39:54.955Z - [SYNC]: collect registered sync generators
[NX v22.7.8 Daemon Server] - 2026-08-20T05:39:54.955Z - [SYNC]: project graph hash is the same, not collecting task sync generators
[NX v22.7.8 Daemon Server] - 2026-08-20T05:39:54.955Z - [SYNC]: nx.json hash is the same, not collecting global sync generators
[NX v22.7.8 Daemon Server] - 2026-08-20T05:39:54.955Z - Time taken for 'total execution time for createProjectGraph()' 7.433699999935925ms
[NX v22.7.8 Daemon Server] - 2026-08-20T05:39:54.955Z - Time taken for 'createDependencies' 5.178100000135601ms
[NX v22.7.8 Daemon Server] - 2026-08-20T05:39:54.955Z - Time taken for 'nx/js/dependencies-and-lockfile:createDependencies' 5.117899999953806ms
[NX v22.7.8 Daemon Server] - 2026-08-20T05:39:54.955Z - Time taken for 'createMetadata' 0.004600000102072954ms
[NX v22.7.8 Daemon Server] - 2026-08-20T05:39:54.955Z - Time taken for 'serialize graph' 0.38769999984651804ms
[NX v22.7.8 Daemon Server] - 2026-08-20T05:40:33.610Z - [WATCHER]: libs/productization/src/types.ts was modified
[NX v22.7.8 Daemon Server] - 2026-08-20T05:40:33.611Z - [WATCHER]: File changes detected:
Created:
(none)
Updated:
  - libs/productization/src/types.ts
Deleted:
(none)
[NX v22.7.8 Daemon Server] - 2026-08-20T05:40:33.611Z - [SYNC]: clearing sync generators cache due to file changes
[NX v22.7.8 Daemon Server] - 2026-08-20T05:40:33.611Z - [WATCHER]: Processing file changes in outputs
[NX v22.7.8 Daemon Server] - 2026-08-20T05:40:33.893Z - [WATCHER]: libs/productization/src/types.ts was modified
[NX v22.7.8 Daemon Server] - 2026-08-20T05:40:33.893Z - [WATCHER]: File changes detected:
Created:
(none)
Updated:
  - libs/productization/src/types.ts
Deleted:
(none)
[NX v22.7.8 Daemon Server] - 2026-08-20T05:40:33.893Z - [SYNC]: clearing sync generators cache due to file changes
[NX v22.7.8 Daemon Server] - 2026-08-20T05:40:33.893Z - [WATCHER]: Processing file changes in outputs
[NX v22.7.8 Daemon Server] - 2026-08-20T05:40:40.028Z - [REQUEST]: Updated workspace context based on watched changes, recomputing project graph...
[NX v22.7.8 Daemon Server] - 2026-08-20T05:40:40.028Z - [REQUEST]: libs/productization/src/types.ts
[NX v22.7.8 Daemon Server] - 2026-08-20T05:40:40.028Z - [REQUEST]: 
[plugin-client] restarting worker for "nx/js/dependencies-and-lockfile"
[isolated-plugin] spawned worker for "nx/js/dependencies-and-lockfile" (pid: 28296, socket: \\.\pipe\nx\C:\Users\DHRUVM~1\AppData\Local\Temp\plugin5404-207-2786849.6561.sock)
[plugin-client] restarting worker for "nx/core/package-json"
[isolated-plugin] spawned worker for "nx/core/package-json" (pid: 19760, socket: \\.\pipe\nx\C:\Users\DHRUVM~1\AppData\Local\Temp\plugin5404-208-2787013.7273.sock)
[plugin-client] restarting worker for "nx/core/project-json"
[isolated-plugin] spawned worker for "nx/core/project-json" (pid: 26256, socket: \\.\pipe\nx\C:\Users\DHRUVM~1\AppData\Local\Temp\plugin5404-209-2787177.7408.sock)
[plugin-worker] "nx/js/dependencies-and-lockfile" (pid: 28296) listening on \\.\pipe\nx\C:\Users\DHRUVM~1\AppData\Local\Temp\plugin5404-207-2786849.6561.sock
[1m[33mTime taken for 'plugin worker 28296 code loading' 278.8219ms[39m[22m
[NX v22.7.8 Daemon Server] - 2026-08-20T05:40:40.560Z - Time taken for 'hash changed files from watcher' 0.5859999996609986ms
[isolated-plugin] connected to worker for "nx/js/dependencies-and-lockfile" (pid: 28296)
[NX v22.7.8 Daemon Server] - 2026-08-20T05:40:40.561Z - Time taken for 'start-plugin-worker:nx/js/dependencies-and-lockfile' 531.0235000001267ms
[plugin-worker] "nx/js/dependencies-and-lockfile" (pid: 28296) connected
[plugin-worker] "nx/core/package-json" (pid: 19760) listening on \\.\pipe\nx\C:\Users\DHRUVM~1\AppData\Local\Temp\plugin5404-208-2787013.7273.sock
[1m[33mTime taken for 'plugin worker 19760 code loading' 273.8431ms[39m[22m
[plugin-worker] "nx/js/dependencies-and-lockfile" (pid: 28296) loaded successfully
[isolated-plugin] connected to worker for "nx/core/package-json" (pid: 19760)
[1m[33mTime taken for 'nx/js/dependencies-and-lockfile:createNodes' 4.281000000000006ms[39m[22m
[NX v22.7.8 Daemon Server] - 2026-08-20T05:40:40.729Z - Time taken for 'start-plugin-worker:nx/core/package-json' 533.9496999997646ms
[plugin-worker] "nx/core/package-json" (pid: 19760) connected
[plugin-worker] "nx/core/package-json" (pid: 19760) loaded successfully
[1m[33mTime taken for 'nx/core/package-json:createNodes' 5.6445999999999685ms[39m[22m
[isolated-plugin] shutting down worker for "nx/core/package-json" after createNodes
[plugin-worker] "nx/core/project-json" (pid: 26256) listening on \\.\pipe\nx\C:\Users\DHRUVM~1\AppData\Local\Temp\plugin5404-209-2787177.7408.sock
[1m[33mTime taken for 'plugin worker 26256 code loading' 270.931ms[39m[22m
[isolated-plugin] connected to worker for "nx/core/project-json" (pid: 26256)
[NX v22.7.8 Daemon Server] - 2026-08-20T05:40:40.927Z - Time taken for 'start-plugin-worker:nx/core/project-json' 569.2001000000164ms
[plugin-worker] "nx/core/project-json" (pid: 26256) connected
[plugin-worker] "nx/core/project-json" (pid: 26256) loaded successfully
[1m[33mTime taken for 'nx/core/project-json:createNodes' 0.8686999999999898ms[39m[22m
[isolated-plugin] shutting down worker for "nx/core/project-json" after createNodes
[NX v22.7.8 Daemon Server] - 2026-08-20T05:40:41.071Z - Time taken for 'build-project-configs' 1036.6976000000723ms
[NX v22.7.8 Daemon Server] - 2026-08-20T05:40:41.071Z - Time taken for 'createNodes:merge' 0.46670000022277236ms
[NX v22.7.8 Daemon Server] - 2026-08-20T05:40:41.071Z - Time taken for 'get-all-workspace-files' 0.03340000007301569ms
[1m[33mTime taken for 'build typescript dependencies' 0.12339999999994689ms[39m[22m
[isolated-plugin] shutting down worker for "nx/js/dependencies-and-lockfile" after createDependencies
[NX v22.7.8 Daemon Server] - 2026-08-20T05:40:41.079Z - [SYNC]: collect registered sync generators
[NX v22.7.8 Daemon Server] - 2026-08-20T05:40:41.079Z - [SYNC]: project graph hash is the same, not collecting task sync generators
[NX v22.7.8 Daemon Server] - 2026-08-20T05:40:41.080Z - [SYNC]: nx.json hash is the same, not collecting global sync generators
[NX v22.7.8 Daemon Server] - 2026-08-20T05:40:41.080Z - Time taken for 'total execution time for createProjectGraph()' 12.009800000116229ms
[NX v22.7.8 Daemon Server] - 2026-08-20T05:40:41.080Z - Time taken for 'createDependencies' 8.378800000064075ms
[NX v22.7.8 Daemon Server] - 2026-08-20T05:40:41.080Z - Time taken for 'nx/js/dependencies-and-lockfile:createDependencies' 8.24640000006184ms
[NX v22.7.8 Daemon Server] - 2026-08-20T05:40:41.080Z - Time taken for 'createMetadata' 0.008999999612569809ms
[NX v22.7.8 Daemon Server] - 2026-08-20T05:40:41.080Z - Time taken for 'serialize graph' 0.6710999999195337ms
[NX v22.7.8 Daemon Server] - 2026-08-20T05:40:48.481Z - [WATCHER]: Processing file changes in outputs
[NX v22.7.8 Daemon Server] - 2026-08-20T05:40:48.481Z - [WATCHER]: libs/productization/src/config.ts was modified
[NX v22.7.8 Daemon Server] - 2026-08-20T05:40:48.481Z - [WATCHER]: File changes detected:
Created:
(none)
Updated:
  - libs/productization/src/config.ts
Deleted:
(none)
[NX v22.7.8 Daemon Server] - 2026-08-20T05:40:48.481Z - [SYNC]: clearing sync generators cache due to file changes
[NX v22.7.8 Daemon Server] - 2026-08-20T05:40:49.845Z - [WATCHER]: libs/productization/src/config.ts was modified
[NX v22.7.8 Daemon Server] - 2026-08-20T05:40:49.846Z - [WATCHER]: File changes detected:
Created:
(none)
Updated:
  - libs/productization/src/config.ts
Deleted:
(none)
[NX v22.7.8 Daemon Server] - 2026-08-20T05:40:49.846Z - [SYNC]: clearing sync generators cache due to file changes
[NX v22.7.8 Daemon Server] - 2026-08-20T05:40:49.846Z - [WATCHER]: Processing file changes in outputs
[NX v22.7.8 Daemon Server] - 2026-08-20T05:40:54.897Z - [REQUEST]: Updated workspace context based on watched changes, recomputing project graph...
[NX v22.7.8 Daemon Server] - 2026-08-20T05:40:54.898Z - [REQUEST]: libs/productization/src/config.ts
[NX v22.7.8 Daemon Server] - 2026-08-20T05:40:54.898Z - [REQUEST]: 
[plugin-client] restarting worker for "nx/js/dependencies-and-lockfile"
[isolated-plugin] spawned worker for "nx/js/dependencies-and-lockfile" (pid: 25620, socket: \\.\pipe\nx\C:\Users\DHRUVM~1\AppData\Local\Temp\plugin5404-210-2801720.0814.sock)
[plugin-client] restarting worker for "nx/core/package-json"
[isolated-plugin] spawned worker for "nx/core/package-json" (pid: 21272, socket: \\.\pipe\nx\C:\Users\DHRUVM~1\AppData\Local\Temp\plugin5404-211-2801866.1292.sock)
[plugin-client] restarting worker for "nx/core/project-json"
[isolated-plugin] spawned worker for "nx/core/project-json" (pid: 23288, socket: \\.\pipe\nx\C:\Users\DHRUVM~1\AppData\Local\Temp\plugin5404-212-2802013.5976.sock)
[NX v22.7.8 Daemon Server] - 2026-08-20T05:40:55.352Z - Time taken for 'hash changed files from watcher' 0.6735000000335276ms
[plugin-worker] "nx/js/dependencies-and-lockfile" (pid: 25620) listening on \\.\pipe\nx\C:\Users\DHRUVM~1\AppData\Local\Temp\plugin5404-210-2801720.0814.sock
[1m[33mTime taken for 'plugin worker 25620 code loading' 266.9314ms[39m[22m
[isolated-plugin] connected to worker for "nx/js/dependencies-and-lockfile" (pid: 25620)
[plugin-worker] "nx/js/dependencies-and-lockfile" (pid: 25620) connected
[NX v22.7.8 Daemon Server] - 2026-08-20T05:40:55.393Z - Time taken for 'start-plugin-worker:nx/js/dependencies-and-lockfile' 492.531500000041ms
[plugin-worker] "nx/js/dependencies-and-lockfile" (pid: 25620) loaded successfully
[plugin-worker] "nx/core/package-json" (pid: 21272) listening on \\.\pipe\nx\C:\Users\DHRUVM~1\AppData\Local\Temp\plugin5404-211-2801866.1292.sock
[1m[33mTime taken for 'nx/js/dependencies-and-lockfile:createNodes' 5.5697999999999865ms[39m[22m
[1m[33mTime taken for 'plugin worker 21272 code loading' 272.97749999999996ms[39m[22m
[isolated-plugin] connected to worker for "nx/core/package-json" (pid: 21272)
[NX v22.7.8 Daemon Server] - 2026-08-20T05:40:55.553Z - Time taken for 'start-plugin-worker:nx/core/package-json' 506.66990000009537ms
[plugin-worker] "nx/core/package-json" (pid: 21272) connected
[plugin-worker] "nx/core/package-json" (pid: 21272) loaded successfully
[1m[33mTime taken for 'nx/core/package-json:createNodes' 4.711299999999994ms[39m[22m
[isolated-plugin] shutting down worker for "nx/core/package-json" after createNodes
[plugin-worker] "nx/core/project-json" (pid: 23288) listening on \\.\pipe\nx\C:\Users\DHRUVM~1\AppData\Local\Temp\plugin5404-212-2802013.5976.sock
[1m[33mTime taken for 'plugin worker 23288 code loading' 254.4268ms[39m[22m
[isolated-plugin] connected to worker for "nx/core/project-json" (pid: 23288)
[NX v22.7.8 Daemon Server] - 2026-08-20T05:40:55.688Z - Time taken for 'start-plugin-worker:nx/core/project-json' 493.7587000001222ms
[plugin-worker] "nx/core/project-json" (pid: 23288) connected
[plugin-worker] "nx/core/project-json" (pid: 23288) loaded successfully
[1m[33mTime taken for 'nx/core/project-json:createNodes' 0.733600000000024ms[39m[22m
[isolated-plugin] shutting down worker for "nx/core/project-json" after createNodes
[NX v22.7.8 Daemon Server] - 2026-08-20T05:40:55.807Z - Time taken for 'build-project-configs' 905.0489999996498ms
[NX v22.7.8 Daemon Server] - 2026-08-20T05:40:55.807Z - Time taken for 'createNodes:merge' 0.2384000001475215ms
[NX v22.7.8 Daemon Server] - 2026-08-20T05:40:55.807Z - Time taken for 'get-all-workspace-files' 0.02039999980479479ms
[1m[33mTime taken for 'build typescript dependencies' 0.10519999999996799ms[39m[22m
[isolated-plugin] shutting down worker for "nx/js/dependencies-and-lockfile" after createDependencies
[NX v22.7.8 Daemon Server] - 2026-08-20T05:40:55.812Z - [SYNC]: collect registered sync generators
[NX v22.7.8 Daemon Server] - 2026-08-20T05:40:55.813Z - [SYNC]: project graph hash is the same, not collecting task sync generators
[NX v22.7.8 Daemon Server] - 2026-08-20T05:40:55.813Z - [SYNC]: nx.json hash is the same, not collecting global sync generators
[NX v22.7.8 Daemon Server] - 2026-08-20T05:40:55.813Z - Time taken for 'total execution time for createProjectGraph()' 6.39919999986887ms
[NX v22.7.8 Daemon Server] - 2026-08-20T05:40:55.813Z - Time taken for 'createDependencies' 4.605600000359118ms
[NX v22.7.8 Daemon Server] - 2026-08-20T05:40:55.813Z - Time taken for 'nx/js/dependencies-and-lockfile:createDependencies' 4.567499999888241ms
[NX v22.7.8 Daemon Server] - 2026-08-20T05:40:55.813Z - Time taken for 'createMetadata' 0.004000000189989805ms
[NX v22.7.8 Daemon Server] - 2026-08-20T05:40:55.813Z - Time taken for 'serialize graph' 0.3714999998919666ms
[NX v22.7.8 Daemon Server] - 2026-08-20T05:41:49.911Z - [WATCHER]: Processing file changes in outputs
[NX v22.7.8 Daemon Server] - 2026-08-20T05:41:49.911Z - [WATCHER]: apps/portal/src/products/trading/Trading.tsx was modified
[NX v22.7.8 Daemon Server] - 2026-08-20T05:41:49.911Z - [WATCHER]: File changes detected:
Created:
(none)
Updated:
  - apps/portal/src/products/trading/Trading.tsx
Deleted:
(none)
[NX v22.7.8 Daemon Server] - 2026-08-20T05:41:49.911Z - [SYNC]: clearing sync generators cache due to file changes
[NX v22.7.8 Daemon Server] - 2026-08-20T05:41:56.325Z - [REQUEST]: Updated workspace context based on watched changes, recomputing project graph...
[NX v22.7.8 Daemon Server] - 2026-08-20T05:41:56.326Z - [REQUEST]: apps/portal/src/products/trading/Trading.tsx
[NX v22.7.8 Daemon Server] - 2026-08-20T05:41:56.326Z - [REQUEST]: 
[plugin-client] restarting worker for "nx/js/dependencies-and-lockfile"
[isolated-plugin] spawned worker for "nx/js/dependencies-and-lockfile" (pid: 23444, socket: \\.\pipe\nx\C:\Users\DHRUVM~1\AppData\Local\Temp\plugin5404-213-2863149.5285.sock)
[plugin-client] restarting worker for "nx/core/package-json"
[isolated-plugin] spawned worker for "nx/core/package-json" (pid: 26924, socket: \\.\pipe\nx\C:\Users\DHRUVM~1\AppData\Local\Temp\plugin5404-214-2863245.9391.sock)
[plugin-client] restarting worker for "nx/core/project-json"
[isolated-plugin] spawned worker for "nx/core/project-json" (pid: 23264, socket: \\.\pipe\nx\C:\Users\DHRUVM~1\AppData\Local\Temp\plugin5404-215-2863348.6461.sock)
[NX v22.7.8 Daemon Server] - 2026-08-20T05:41:56.630Z - Time taken for 'hash changed files from watcher' 0.521900000050664ms
[plugin-worker] "nx/js/dependencies-and-lockfile" (pid: 23444) listening on \\.\pipe\nx\C:\Users\DHRUVM~1\AppData\Local\Temp\plugin5404-213-2863149.5285.sock
[isolated-plugin] connected to worker for "nx/js/dependencies-and-lockfile" (pid: 23444)
[NX v22.7.8 Daemon Server] - 2026-08-20T05:41:56.764Z - Time taken for 'start-plugin-worker:nx/js/dependencies-and-lockfile' 436.3410000000149ms
[plugin-worker] "nx/js/dependencies-and-lockfile" (pid: 23444) connected
[1m[33mTime taken for 'plugin worker 23444 code loading' 264.17109999999997ms[39m[22m
[plugin-worker] "nx/core/package-json" (pid: 26924) listening on \\.\pipe\nx\C:\Users\DHRUVM~1\AppData\Local\Temp\plugin5404-214-2863245.9391.sock
[1m[33mTime taken for 'plugin worker 26924 code loading' 267.5875ms[39m[22m
[isolated-plugin] connected to worker for "nx/core/package-json" (pid: 26924)
[NX v22.7.8 Daemon Server] - 2026-08-20T05:41:56.890Z - Time taken for 'start-plugin-worker:nx/core/package-json' 465.74250000016764ms
[plugin-worker] "nx/core/package-json" (pid: 26924) connected
[plugin-worker] "nx/js/dependencies-and-lockfile" (pid: 23444) loaded successfully
[1m[33mTime taken for 'nx/js/dependencies-and-lockfile:createNodes' 4.2748000000000275ms[39m[22m
[plugin-worker] "nx/core/project-json" (pid: 23264) listening on \\.\pipe\nx\C:\Users\DHRUVM~1\AppData\Local\Temp\plugin5404-215-2863348.6461.sock
[1m[33mTime taken for 'plugin worker 23264 code loading' 266.79789999999997ms[39m[22m
[isolated-plugin] connected to worker for "nx/core/project-json" (pid: 23264)
[NX v22.7.8 Daemon Server] - 2026-08-20T05:41:56.984Z - Time taken for 'start-plugin-worker:nx/core/project-json' 457.78049999987707ms
[plugin-worker] "nx/core/project-json" (pid: 23264) connected
[plugin-worker] "nx/core/package-json" (pid: 26924) loaded successfully
[1m[33mTime taken for 'nx/core/package-json:createNodes' 5.155399999999986ms[39m[22m
[isolated-plugin] shutting down worker for "nx/core/package-json" after createNodes
[plugin-worker] "nx/core/project-json" (pid: 23264) loaded successfully
[1m[33mTime taken for 'nx/core/project-json:createNodes' 0.6193999999999846ms[39m[22m
[isolated-plugin] shutting down worker for "nx/core/project-json" after createNodes
[NX v22.7.8 Daemon Server] - 2026-08-20T05:41:57.115Z - Time taken for 'build-project-configs' 785.7534999996424ms
[NX v22.7.8 Daemon Server] - 2026-08-20T05:41:57.115Z - Time taken for 'createNodes:merge' 0.24250000016763806ms
[NX v22.7.8 Daemon Server] - 2026-08-20T05:41:57.115Z - Time taken for 'get-all-workspace-files' 0.021600000094622374ms
[1m[33mTime taken for 'build typescript dependencies' 1.3781999999999925ms[39m[22m
[isolated-plugin] shutting down worker for "nx/js/dependencies-and-lockfile" after createDependencies
[NX v22.7.8 Daemon Server] - 2026-08-20T05:41:57.122Z - [SYNC]: collect registered sync generators
[NX v22.7.8 Daemon Server] - 2026-08-20T05:41:57.123Z - [SYNC]: project graph hash is the same, not collecting task sync generators
[NX v22.7.8 Daemon Server] - 2026-08-20T05:41:57.123Z - [SYNC]: nx.json hash is the same, not collecting global sync generators
[NX v22.7.8 Daemon Server] - 2026-08-20T05:41:57.123Z - Time taken for 'total execution time for createProjectGraph()' 8.757799999788404ms
[NX v22.7.8 Daemon Server] - 2026-08-20T05:41:57.123Z - Time taken for 'createDependencies' 6.638100000098348ms
[NX v22.7.8 Daemon Server] - 2026-08-20T05:41:57.123Z - Time taken for 'nx/js/dependencies-and-lockfile:createDependencies' 6.58490000013262ms
[NX v22.7.8 Daemon Server] - 2026-08-20T05:41:57.123Z - Time taken for 'createMetadata' 0.004900000058114529ms
[NX v22.7.8 Daemon Server] - 2026-08-20T05:41:57.123Z - Time taken for 'serialize graph' 0.42549999989569187ms
[NX v22.7.8 Daemon Server] - 2026-08-20T05:42:19.258Z - [WATCHER]: apps/portal/src/products/trading/Trading.tsx was modified
[NX v22.7.8 Daemon Server] - 2026-08-20T05:42:19.258Z - [WATCHER]: File changes detected:
Created:
(none)
Updated:
  - apps/portal/src/products/trading/Trading.tsx
Deleted:
(none)
[NX v22.7.8 Daemon Server] - 2026-08-20T05:42:19.258Z - [SYNC]: clearing sync generators cache due to file changes
[NX v22.7.8 Daemon Server] - 2026-08-20T05:42:19.258Z - [WATCHER]: Processing file changes in outputs
[NX v22.7.8 Daemon Server] - 2026-08-20T05:42:25.661Z - [REQUEST]: Updated workspace context based on watched changes, recomputing project graph...
[NX v22.7.8 Daemon Server] - 2026-08-20T05:42:25.661Z - [REQUEST]: apps/portal/src/products/trading/Trading.tsx
[NX v22.7.8 Daemon Server] - 2026-08-20T05:42:25.661Z - [REQUEST]: 
[plugin-client] restarting worker for "nx/js/dependencies-and-lockfile"
[isolated-plugin] spawned worker for "nx/js/dependencies-and-lockfile" (pid: 25620, socket: \\.\pipe\nx\C:\Users\DHRUVM~1\AppData\Local\Temp\plugin5404-216-2892484.3087.sock)
[plugin-client] restarting worker for "nx/core/package-json"
[isolated-plugin] spawned worker for "nx/core/package-json" (pid: 26660, socket: \\.\pipe\nx\C:\Users\DHRUVM~1\AppData\Local\Temp\plugin5404-217-2892577.1811.sock)
[plugin-client] restarting worker for "nx/core/project-json"
[isolated-plugin] spawned worker for "nx/core/project-json" (pid: 3688, socket: \\.\pipe\nx\C:\Users\DHRUVM~1\AppData\Local\Temp\plugin5404-218-2892672.1014.sock)
[NX v22.7.8 Daemon Server] - 2026-08-20T05:42:25.949Z - Time taken for 'hash changed files from watcher' 0.368199999909848ms
[isolated-plugin] connected to worker for "nx/js/dependencies-and-lockfile" (pid: 25620)
[plugin-worker] "nx/js/dependencies-and-lockfile" (pid: 25620) listening on \\.\pipe\nx\C:\Users\DHRUVM~1\AppData\Local\Temp\plugin5404-216-2892484.3087.sock
[1m[33mTime taken for 'plugin worker 25620 code loading' 278.9861ms[39m[22m
[NX v22.7.8 Daemon Server] - 2026-08-20T05:42:26.109Z - Time taken for 'start-plugin-worker:nx/js/dependencies-and-lockfile' 446.32230000011623ms
[plugin-worker] "nx/js/dependencies-and-lockfile" (pid: 25620) connected
[plugin-worker] "nx/core/package-json" (pid: 26660) listening on \\.\pipe\nx\C:\Users\DHRUVM~1\AppData\Local\Temp\plugin5404-217-2892577.1811.sock
[isolated-plugin] connected to worker for "nx/core/package-json" (pid: 26660)
[NX v22.7.8 Daemon Server] - 2026-08-20T05:42:26.214Z - Time taken for 'start-plugin-worker:nx/core/package-json' 458.8748999997042ms
[plugin-worker] "nx/core/package-json" (pid: 26660) connected
[1m[33mTime taken for 'plugin worker 26660 code loading' 277.821ms[39m[22m
[plugin-worker] "nx/js/dependencies-and-lockfile" (pid: 25620) loaded successfully
[1m[33mTime taken for 'nx/js/dependencies-and-lockfile:createNodes' 4.34699999999998ms[39m[22m
[plugin-worker] "nx/core/project-json" (pid: 3688) listening on \\.\pipe\nx\C:\Users\DHRUVM~1\AppData\Local\Temp\plugin5404-218-2892672.1014.sock
[1m[33mTime taken for 'plugin worker 3688 code loading' 271.40950000000004ms[39m[22m
[isolated-plugin] connected to worker for "nx/core/project-json" (pid: 3688)
[NX v22.7.8 Daemon Server] - 2026-08-20T05:42:26.321Z - Time taken for 'start-plugin-worker:nx/core/project-json' 470.9079999998212ms
[plugin-worker] "nx/core/project-json" (pid: 3688) connected
[plugin-worker] "nx/core/package-json" (pid: 26660) loaded successfully
[1m[33mTime taken for 'nx/core/package-json:createNodes' 5.007800000000032ms[39m[22m
[isolated-plugin] shutting down worker for "nx/core/package-json" after createNodes
[plugin-worker] "nx/core/project-json" (pid: 3688) loaded successfully
[1m[33mTime taken for 'nx/core/project-json:createNodes' 0.56899999999996ms[39m[22m
[isolated-plugin] shutting down worker for "nx/core/project-json" after createNodes
[NX v22.7.8 Daemon Server] - 2026-08-20T05:42:26.446Z - Time taken for 'build-project-configs' 780.8607999999076ms
[NX v22.7.8 Daemon Server] - 2026-08-20T05:42:26.446Z - Time taken for 'createNodes:merge' 0.44210000010207295ms
[NX v22.7.8 Daemon Server] - 2026-08-20T05:42:26.446Z - Time taken for 'get-all-workspace-files' 0.04010000033304095ms
[1m[33mTime taken for 'build typescript dependencies' 1.1678000000000566ms[39m[22m
[isolated-plugin] shutting down worker for "nx/js/dependencies-and-lockfile" after createDependencies
[NX v22.7.8 Daemon Server] - 2026-08-20T05:42:26.453Z - [SYNC]: collect registered sync generators
[NX v22.7.8 Daemon Server] - 2026-08-20T05:42:26.453Z - [SYNC]: project graph hash is the same, not collecting task sync generators
[NX v22.7.8 Daemon Server] - 2026-08-20T05:42:26.453Z - [SYNC]: nx.json hash is the same, not collecting global sync generators
[NX v22.7.8 Daemon Server] - 2026-08-20T05:42:26.453Z - Time taken for 'total execution time for createProjectGraph()' 9.167400000151247ms
[NX v22.7.8 Daemon Server] - 2026-08-20T05:42:26.453Z - Time taken for 'createDependencies' 6.938300000037998ms
[NX v22.7.8 Daemon Server] - 2026-08-20T05:42:26.453Z - Time taken for 'nx/js/dependencies-and-lockfile:createDependencies' 6.884199999738485ms
[NX v22.7.8 Daemon Server] - 2026-08-20T05:42:26.453Z - Time taken for 'createMetadata' 0.004900000058114529ms
[NX v22.7.8 Daemon Server] - 2026-08-20T05:42:26.453Z - Time taken for 'serialize graph' 0.356799999717623ms
[NX v22.7.8 Daemon Server] - 2026-08-20T05:42:30.677Z - [WATCHER]: Processing file changes in outputs
[NX v22.7.8 Daemon Server] - 2026-08-20T05:42:30.678Z - [WATCHER]: apps/portal/src/products/trading/Trading.tsx was modified
[NX v22.7.8 Daemon Server] - 2026-08-20T05:42:30.678Z - [WATCHER]: File changes detected:
Created:
(none)
Updated:
  - apps/portal/src/products/trading/Trading.tsx
Deleted:
(none)
[NX v22.7.8 Daemon Server] - 2026-08-20T05:42:30.678Z - [SYNC]: clearing sync generators cache due to file changes
[NX v22.7.8 Daemon Server] - 2026-08-20T05:42:32.508Z - [WATCHER]: Processing file changes in outputs
[NX v22.7.8 Daemon Server] - 2026-08-20T05:42:32.508Z - [WATCHER]: apps/portal/src/products/trading/Trading.tsx was modified
[NX v22.7.8 Daemon Server] - 2026-08-20T05:42:32.508Z - [WATCHER]: File changes detected:
Created:
(none)
Updated:
  - apps/portal/src/products/trading/Trading.tsx
Deleted:
(none)
[NX v22.7.8 Daemon Server] - 2026-08-20T05:42:32.508Z - [SYNC]: clearing sync generators cache due to file changes
[NX v22.7.8 Daemon Server] - 2026-08-20T05:42:34.508Z - [WATCHER]: apps/portal/src/products/trading/Trading.tsx was modified
[NX v22.7.8 Daemon Server] - 2026-08-20T05:42:34.508Z - [WATCHER]: File changes detected:
Created:
(none)
Updated:
  - apps/portal/src/products/trading/Trading.tsx
Deleted:
(none)
[NX v22.7.8 Daemon Server] - 2026-08-20T05:42:34.508Z - [SYNC]: clearing sync generators cache due to file changes
[NX v22.7.8 Daemon Server] - 2026-08-20T05:42:34.509Z - [WATCHER]: Processing file changes in outputs
[NX v22.7.8 Daemon Server] - 2026-08-20T05:42:37.092Z - [REQUEST]: Updated workspace context based on watched changes, recomputing project graph...
[NX v22.7.8 Daemon Server] - 2026-08-20T05:42:37.092Z - [REQUEST]: apps/portal/src/products/trading/Trading.tsx
[NX v22.7.8 Daemon Server] - 2026-08-20T05:42:37.092Z - [REQUEST]: 
[plugin-client] restarting worker for "nx/js/dependencies-and-lockfile"
[isolated-plugin] spawned worker for "nx/js/dependencies-and-lockfile" (pid: 27660, socket: \\.\pipe\nx\C:\Users\DHRUVM~1\AppData\Local\Temp\plugin5404-219-2903915.6632.sock)
[plugin-client] restarting worker for "nx/core/package-json"
[isolated-plugin] spawned worker for "nx/core/package-json" (pid: 6744, socket: \\.\pipe\nx\C:\Users\DHRUVM~1\AppData\Local\Temp\plugin5404-220-2904009.0336.sock)
[plugin-client] restarting worker for "nx/core/project-json"
[isolated-plugin] spawned worker for "nx/core/project-json" (pid: 8260, socket: \\.\pipe\nx\C:\Users\DHRUVM~1\AppData\Local\Temp\plugin5404-221-2904103.5516.sock)
[NX v22.7.8 Daemon Server] - 2026-08-20T05:42:37.378Z - Time taken for 'hash changed files from watcher' 0.34009999968111515ms
[plugin-worker] "nx/js/dependencies-and-lockfile" (pid: 27660) listening on \\.\pipe\nx\C:\Users\DHRUVM~1\AppData\Local\Temp\plugin5404-219-2903915.6632.sock
[1m[33mTime taken for 'plugin worker 27660 code loading' 254.5406ms[39m[22m
[isolated-plugin] connected to worker for "nx/js/dependencies-and-lockfile" (pid: 27660)
[NX v22.7.8 Daemon Server] - 2026-08-20T05:42:37.520Z - Time taken for 'start-plugin-worker:nx/js/dependencies-and-lockfile' 426.4268999998458ms
[plugin-worker] "nx/js/dependencies-and-lockfile" (pid: 27660) connected
[plugin-worker] "nx/core/package-json" (pid: 6744) listening on \\.\pipe\nx\C:\Users\DHRUVM~1\AppData\Local\Temp\plugin5404-220-2904009.0336.sock
[1m[33mTime taken for 'plugin worker 6744 code loading' 255.7824ms[39m[22m
[isolated-plugin] connected to worker for "nx/core/package-json" (pid: 6744)
[NX v22.7.8 Daemon Server] - 2026-08-20T05:42:37.626Z - Time taken for 'start-plugin-worker:nx/core/package-json' 438.786600000225ms
[plugin-worker] "nx/core/package-json" (pid: 6744) connected
[plugin-worker] "nx/js/dependencies-and-lockfile" (pid: 27660) loaded successfully
[1m[33mTime taken for 'nx/js/dependencies-and-lockfile:createNodes' 5.592199999999991ms[39m[22m
[plugin-worker] "nx/core/project-json" (pid: 8260) listening on \\.\pipe\nx\C:\Users\DHRUVM~1\AppData\Local\Temp\plugin5404-221-2904103.5516.sock
[isolated-plugin] connected to worker for "nx/core/project-json" (pid: 8260)
[NX v22.7.8 Daemon Server] - 2026-08-20T05:42:37.722Z - Time taken for 'start-plugin-worker:nx/core/project-json' 440.03770000021905ms
[plugin-worker] "nx/core/project-json" (pid: 8260) connected
[1m[33mTime taken for 'plugin worker 8260 code loading' 263.6945ms[39m[22m
[plugin-worker] "nx/core/package-json" (pid: 6744) loaded successfully
[1m[33mTime taken for 'nx/core/package-json:createNodes' 5.554899999999975ms[39m[22m
[isolated-plugin] shutting down worker for "nx/core/package-json" after createNodes
[plugin-worker] "nx/core/project-json" (pid: 8260) loaded successfully
[1m[33mTime taken for 'nx/core/project-json:createNodes' 0.5939999999999941ms[39m[22m
[isolated-plugin] shutting down worker for "nx/core/project-json" after createNodes
[NX v22.7.8 Daemon Server] - 2026-08-20T05:42:37.839Z - Time taken for 'build-project-configs' 743.6812999998219ms
[NX v22.7.8 Daemon Server] - 2026-08-20T05:42:37.840Z - Time taken for 'createNodes:merge' 0.2727000000886619ms
[NX v22.7.8 Daemon Server] - 2026-08-20T05:42:37.840Z - Time taken for 'get-all-workspace-files' 0.02619999973103404ms
[1m[33mTime taken for 'build typescript dependencies' 1.205699999999979ms[39m[22m
[isolated-plugin] shutting down worker for "nx/js/dependencies-and-lockfile" after createDependencies
[NX v22.7.8 Daemon Server] - 2026-08-20T05:42:37.847Z - [SYNC]: collect registered sync generators
[NX v22.7.8 Daemon Server] - 2026-08-20T05:42:37.848Z - [SYNC]: project graph hash is the same, not collecting task sync generators
[NX v22.7.8 Daemon Server] - 2026-08-20T05:42:37.848Z - [SYNC]: nx.json hash is the same, not collecting global sync generators
[NX v22.7.8 Daemon Server] - 2026-08-20T05:42:37.848Z - Time taken for 'total execution time for createProjectGraph()' 9.973199999891222ms
[NX v22.7.8 Daemon Server] - 2026-08-20T05:42:37.848Z - Time taken for 'createDependencies' 7.848699999973178ms
[NX v22.7.8 Daemon Server] - 2026-08-20T05:42:37.848Z - Time taken for 'nx/js/dependencies-and-lockfile:createDependencies' 7.785799999721348ms
[NX v22.7.8 Daemon Server] - 2026-08-20T05:42:37.848Z - Time taken for 'createMetadata' 0.0050999997183680534ms
[NX v22.7.8 Daemon Server] - 2026-08-20T05:42:37.848Z - Time taken for 'serialize graph' 0.37179999984800816ms
[NX v22.7.8 Daemon Server] - 2026-08-20T05:42:38.692Z - [WATCHER]: Processing file changes in outputs
[NX v22.7.8 Daemon Server] - 2026-08-20T05:42:38.692Z - [WATCHER]: apps/portal/src/products/trading/Trading.tsx was modified
[NX v22.7.8 Daemon Server] - 2026-08-20T05:42:38.692Z - [WATCHER]: File changes detected:
Created:
(none)
Updated:
  - apps/portal/src/products/trading/Trading.tsx
Deleted:
(none)
[NX v22.7.8 Daemon Server] - 2026-08-20T05:42:38.692Z - [SYNC]: clearing sync generators cache due to file changes
[NX v22.7.8 Daemon Server] - 2026-08-20T05:42:39.896Z - [WATCHER]: apps/portal/src/products/trading/Trading.tsx was modified
[NX v22.7.8 Daemon Server] - 2026-08-20T05:42:39.896Z - [WATCHER]: File changes detected:
Created:
(none)
Updated:
  - apps/portal/src/products/trading/Trading.tsx
Deleted:
(none)
[NX v22.7.8 Daemon Server] - 2026-08-20T05:42:39.896Z - [SYNC]: clearing sync generators cache due to file changes
[NX v22.7.8 Daemon Server] - 2026-08-20T05:42:39.896Z - [WATCHER]: Processing file changes in outputs
[NX v22.7.8 Daemon Server] - 2026-08-20T05:42:41.424Z - [WATCHER]: apps/portal/src/products/trading/Trading.tsx was modified
[NX v22.7.8 Daemon Server] - 2026-08-20T05:42:41.424Z - [WATCHER]: File changes detected:
Created:
(none)
Updated:
  - apps/portal/src/products/trading/Trading.tsx
Deleted:
(none)
[NX v22.7.8 Daemon Server] - 2026-08-20T05:42:41.424Z - [SYNC]: clearing sync generators cache due to file changes
[NX v22.7.8 Daemon Server] - 2026-08-20T05:42:41.424Z - [WATCHER]: Processing file changes in outputs
[NX v22.7.8 Daemon Server] - 2026-08-20T05:42:42.360Z - [WATCHER]: apps/portal/src/products/trading/Trading.tsx was modified
[NX v22.7.8 Daemon Server] - 2026-08-20T05:42:42.360Z - [WATCHER]: File changes detected:
Created:
(none)
Updated:
  - apps/portal/src/products/trading/Trading.tsx
Deleted:
(none)
[NX v22.7.8 Daemon Server] - 2026-08-20T05:42:42.360Z - [SYNC]: clearing sync generators cache due to file changes
[NX v22.7.8 Daemon Server] - 2026-08-20T05:42:42.360Z - [WATCHER]: Processing file changes in outputs
[NX v22.7.8 Daemon Server] - 2026-08-20T05:42:45.106Z - [REQUEST]: Updated workspace context based on watched changes, recomputing project graph...
[NX v22.7.8 Daemon Server] - 2026-08-20T05:42:45.106Z - [REQUEST]: apps/portal/src/products/trading/Trading.tsx
[NX v22.7.8 Daemon Server] - 2026-08-20T05:42:45.106Z - [REQUEST]: 
[plugin-client] restarting worker for "nx/js/dependencies-and-lockfile"
[isolated-plugin] spawned worker for "nx/js/dependencies-and-lockfile" (pid: 24240, socket: \\.\pipe\nx\C:\Users\DHRUVM~1\AppData\Local\Temp\plugin5404-222-2911930.9206.sock)
[plugin-client] restarting worker for "nx/core/package-json"
[isolated-plugin] spawned worker for "nx/core/package-json" (pid: 24852, socket: \\.\pipe\nx\C:\Users\DHRUVM~1\AppData\Local\Temp\plugin5404-223-2912122.8986.sock)
[plugin-client] restarting worker for "nx/core/project-json"
[isolated-plugin] spawned worker for "nx/core/project-json" (pid: 12080, socket: \\.\pipe\nx\C:\Users\DHRUVM~1\AppData\Local\Temp\plugin5404-224-2912271.4397.sock)
[NX v22.7.8 Daemon Server] - 2026-08-20T05:42:45.607Z - Time taken for 'hash changed files from watcher' 0.4725000001490116ms
[plugin-worker] "nx/js/dependencies-and-lockfile" (pid: 24240) listening on \\.\pipe\nx\C:\Users\DHRUVM~1\AppData\Local\Temp\plugin5404-222-2911930.9206.sock
[isolated-plugin] connected to worker for "nx/js/dependencies-and-lockfile" (pid: 24240)
[1m[33mTime taken for 'plugin worker 24240 code loading' 281.0515ms[39m[22m
[NX v22.7.8 Daemon Server] - 2026-08-20T05:42:45.671Z - Time taken for 'start-plugin-worker:nx/js/dependencies-and-lockfile' 561.7300999998115ms
[plugin-worker] "nx/js/dependencies-and-lockfile" (pid: 24240) connected
[plugin-worker] "nx/core/package-json" (pid: 24852) listening on \\.\pipe\nx\C:\Users\DHRUVM~1\AppData\Local\Temp\plugin5404-223-2912122.8986.sock
[1m[33mTime taken for 'plugin worker 24852 code loading' 280.6989ms[39m[22m
[isolated-plugin] connected to worker for "nx/core/package-json" (pid: 24852)
[NX v22.7.8 Daemon Server] - 2026-08-20T05:42:45.817Z - Time taken for 'start-plugin-worker:nx/core/package-json' 516.4711999995634ms
[plugin-worker] "nx/core/package-json" (pid: 24852) connected
[plugin-worker] "nx/js/dependencies-and-lockfile" (pid: 24240) loaded successfully
[1m[33mTime taken for 'nx/js/dependencies-and-lockfile:createNodes' 4.259999999999991ms[39m[22m
[plugin-worker] "nx/core/package-json" (pid: 24852) loaded successfully
[plugin-worker] "nx/core/project-json" (pid: 12080) listening on \\.\pipe\nx\C:\Users\DHRUVM~1\AppData\Local\Temp\plugin5404-224-2912271.4397.sock
[isolated-plugin] connected to worker for "nx/core/project-json" (pid: 12080)
[isolated-plugin] shutting down worker for "nx/core/package-json" after createNodes
[1m[33mTime taken for 'plugin worker 12080 code loading' 265.7905ms[39m[22m
[NX v22.7.8 Daemon Server] - 2026-08-20T05:42:45.955Z - Time taken for 'start-plugin-worker:nx/core/project-json' 504.6126000001095ms
[plugin-worker] "nx/core/project-json" (pid: 12080) connected
[plugin-worker] "nx/core/project-json" (pid: 12080) loaded successfully
[1m[33mTime taken for 'nx/core/project-json:createNodes' 0.883199999999988ms[39m[22m
[isolated-plugin] shutting down worker for "nx/core/project-json" after createNodes
[NX v22.7.8 Daemon Server] - 2026-08-20T05:42:46.082Z - Time taken for 'build-project-configs' 970.6037000003271ms
[NX v22.7.8 Daemon Server] - 2026-08-20T05:42:46.082Z - Time taken for 'createNodes:merge' 0.2716000000946224ms
[NX v22.7.8 Daemon Server] - 2026-08-20T05:42:46.082Z - Time taken for 'get-all-workspace-files' 0.032400000374764204ms
[1m[33mTime taken for 'build typescript dependencies' 1.2381000000000313ms[39m[22m
[isolated-plugin] shutting down worker for "nx/js/dependencies-and-lockfile" after createDependencies
[NX v22.7.8 Daemon Server] - 2026-08-20T05:42:46.088Z - [SYNC]: collect registered sync generators
[NX v22.7.8 Daemon Server] - 2026-08-20T05:42:46.089Z - [SYNC]: project graph hash is the same, not collecting task sync generators
[NX v22.7.8 Daemon Server] - 2026-08-20T05:42:46.089Z - [SYNC]: nx.json hash is the same, not collecting global sync generators
[NX v22.7.8 Daemon Server] - 2026-08-20T05:42:46.089Z - Time taken for 'total execution time for createProjectGraph()' 8.930399999953806ms
[NX v22.7.8 Daemon Server] - 2026-08-20T05:42:46.089Z - Time taken for 'createDependencies' 6.47179999994114ms
[NX v22.7.8 Daemon Server] - 2026-08-20T05:42:46.089Z - Time taken for 'nx/js/dependencies-and-lockfile:createDependencies' 6.400799999944866ms
[NX v22.7.8 Daemon Server] - 2026-08-20T05:42:46.089Z - Time taken for 'createMetadata' 0.007300000172108412ms
[NX v22.7.8 Daemon Server] - 2026-08-20T05:42:46.089Z - Time taken for 'serialize graph' 0.5530999996699393ms
[NX v22.7.8 Daemon Server] - 2026-08-20T05:43:08.825Z - [WATCHER]: apps/portal/src/app/App.tsx was modified
[NX v22.7.8 Daemon Server] - 2026-08-20T05:43:08.825Z - [WATCHER]: File changes detected:
Created:
(none)
Updated:
  - apps/portal/src/app/App.tsx
Deleted:
(none)
[NX v22.7.8 Daemon Server] - 2026-08-20T05:43:08.825Z - [SYNC]: clearing sync generators cache due to file changes
[NX v22.7.8 Daemon Server] - 2026-08-20T05:43:08.825Z - [WATCHER]: Processing file changes in outputs
[NX v22.7.8 Daemon Server] - 2026-08-20T05:43:10.488Z - [WATCHER]: Processing file changes in outputs
[NX v22.7.8 Daemon Server] - 2026-08-20T05:43:10.488Z - [WATCHER]: apps/portal/src/app/App.tsx was modified
[NX v22.7.8 Daemon Server] - 2026-08-20T05:43:10.488Z - [WATCHER]: File changes detected:
Created:
(none)
Updated:
  - apps/portal/src/app/App.tsx
Deleted:
(none)
[NX v22.7.8 Daemon Server] - 2026-08-20T05:43:10.489Z - [SYNC]: clearing sync generators cache due to file changes
[NX v22.7.8 Daemon Server] - 2026-08-20T05:43:15.234Z - [REQUEST]: Updated workspace context based on watched changes, recomputing project graph...
[NX v22.7.8 Daemon Server] - 2026-08-20T05:43:15.234Z - [REQUEST]: apps/portal/src/app/App.tsx
[NX v22.7.8 Daemon Server] - 2026-08-20T05:43:15.234Z - [REQUEST]: 
[plugin-client] restarting worker for "nx/js/dependencies-and-lockfile"
[isolated-plugin] spawned worker for "nx/js/dependencies-and-lockfile" (pid: 24208, socket: \\.\pipe\nx\C:\Users\DHRUVM~1\AppData\Local\Temp\plugin5404-225-2942055.274.sock)
[plugin-client] restarting worker for "nx/core/package-json"
[isolated-plugin] spawned worker for "nx/core/package-json" (pid: 5516, socket: \\.\pipe\nx\C:\Users\DHRUVM~1\AppData\Local\Temp\plugin5404-226-2942153.6866.sock)
[plugin-client] restarting worker for "nx/core/project-json"
[isolated-plugin] spawned worker for "nx/core/project-json" (pid: 12852, socket: \\.\pipe\nx\C:\Users\DHRUVM~1\AppData\Local\Temp\plugin5404-227-2942255.2091.sock)
[NX v22.7.8 Daemon Server] - 2026-08-20T05:43:15.537Z - Time taken for 'hash changed files from watcher' 0.47759999986737967ms
[plugin-worker] "nx/js/dependencies-and-lockfile" (pid: 24208) listening on \\.\pipe\nx\C:\Users\DHRUVM~1\AppData\Local\Temp\plugin5404-225-2942055.274.sock
[1m[33mTime taken for 'plugin worker 24208 code loading' 261.8324ms[39m[22m
[isolated-plugin] connected to worker for "nx/js/dependencies-and-lockfile" (pid: 24208)
[NX v22.7.8 Daemon Server] - 2026-08-20T05:43:15.683Z - Time taken for 'start-plugin-worker:nx/js/dependencies-and-lockfile' 446.6981000001542ms
[plugin-worker] "nx/js/dependencies-and-lockfile" (pid: 24208) connected
[plugin-worker] "nx/core/package-json" (pid: 5516) listening on \\.\pipe\nx\C:\Users\DHRUVM~1\AppData\Local\Temp\plugin5404-226-2942153.6866.sock
[1m[33mTime taken for 'plugin worker 5516 code loading' 274.81940000000003ms[39m[22m
[isolated-plugin] connected to worker for "nx/core/package-json" (pid: 5516)
[NX v22.7.8 Daemon Server] - 2026-08-20T05:43:15.807Z - Time taken for 'start-plugin-worker:nx/core/package-json' 472.4918999997899ms
[plugin-worker] "nx/core/package-json" (pid: 5516) connected
[plugin-worker] "nx/js/dependencies-and-lockfile" (pid: 24208) loaded successfully
[1m[33mTime taken for 'nx/js/dependencies-and-lockfile:createNodes' 4.5271000000000186ms[39m[22m
[plugin-worker] "nx/core/project-json" (pid: 12852) listening on \\.\pipe\nx\C:\Users\DHRUVM~1\AppData\Local\Temp\plugin5404-227-2942255.2091.sock
[1m[33mTime taken for 'plugin worker 12852 code loading' 266.0917ms[39m[22m
[isolated-plugin] connected to worker for "nx/core/project-json" (pid: 12852)
[NX v22.7.8 Daemon Server] - 2026-08-20T05:43:15.890Z - Time taken for 'start-plugin-worker:nx/core/project-json' 454.47589999996126ms
[plugin-worker] "nx/core/project-json" (pid: 12852) connected
[plugin-worker] "nx/core/package-json" (pid: 5516) loaded successfully
[1m[33mTime taken for 'nx/core/package-json:createNodes' 6.572499999999991ms[39m[22m
[isolated-plugin] shutting down worker for "nx/core/package-json" after createNodes
[plugin-worker] "nx/core/project-json" (pid: 12852) loaded successfully
[1m[33mTime taken for 'nx/core/project-json:createNodes' 0.6216999999999757ms[39m[22m
[isolated-plugin] shutting down worker for "nx/core/project-json" after createNodes
[NX v22.7.8 Daemon Server] - 2026-08-20T05:43:16.017Z - Time taken for 'build-project-configs' 779.6046000001952ms
[NX v22.7.8 Daemon Server] - 2026-08-20T05:43:16.017Z - Time taken for 'createNodes:merge' 0.4265999998897314ms
[NX v22.7.8 Daemon Server] - 2026-08-20T05:43:16.017Z - Time taken for 'get-all-workspace-files' 0.048499999567866325ms
[1m[33mTime taken for 'build typescript dependencies' 1.1295000000000073ms[39m[22m
[isolated-plugin] shutting down worker for "nx/js/dependencies-and-lockfile" after createDependencies
[NX v22.7.8 Daemon Server] - 2026-08-20T05:43:16.023Z - [SYNC]: collect registered sync generators
[NX v22.7.8 Daemon Server] - 2026-08-20T05:43:16.024Z - [SYNC]: project graph hash is the same, not collecting task sync generators
[NX v22.7.8 Daemon Server] - 2026-08-20T05:43:16.024Z - [SYNC]: nx.json hash is the same, not collecting global sync generators
[NX v22.7.8 Daemon Server] - 2026-08-20T05:43:16.024Z - Time taken for 'total execution time for createProjectGraph()' 8.20630000019446ms
[NX v22.7.8 Daemon Server] - 2026-08-20T05:43:16.024Z - Time taken for 'createDependencies' 6.185500000137836ms
[NX v22.7.8 Daemon Server] - 2026-08-20T05:43:16.024Z - Time taken for 'nx/js/dependencies-and-lockfile:createDependencies' 6.140699999872595ms
[NX v22.7.8 Daemon Server] - 2026-08-20T05:43:16.024Z - Time taken for 'createMetadata' 0.004800000227987766ms
[NX v22.7.8 Daemon Server] - 2026-08-20T05:43:16.024Z - Time taken for 'serialize graph' 0.3756999997422099ms
[NX v22.7.8 Daemon Server] - 2026-08-20T05:43:17.816Z - [WATCHER]: Processing file changes in outputs
[NX v22.7.8 Daemon Server] - 2026-08-20T05:43:17.817Z - [WATCHER]: apps/portal/src/app/App.tsx was modified
[NX v22.7.8 Daemon Server] - 2026-08-20T05:43:17.817Z - [WATCHER]: File changes detected:
Created:
(none)
Updated:
  - apps/portal/src/app/App.tsx
Deleted:
(none)
[NX v22.7.8 Daemon Server] - 2026-08-20T05:43:17.817Z - [SYNC]: clearing sync generators cache due to file changes
[NX v22.7.8 Daemon Server] - 2026-08-20T05:43:24.227Z - [REQUEST]: Updated workspace context based on watched changes, recomputing project graph...
[NX v22.7.8 Daemon Server] - 2026-08-20T05:43:24.227Z - [REQUEST]: apps/portal/src/app/App.tsx
[NX v22.7.8 Daemon Server] - 2026-08-20T05:43:24.227Z - [REQUEST]: 
[plugin-client] restarting worker for "nx/js/dependencies-and-lockfile"
[isolated-plugin] spawned worker for "nx/js/dependencies-and-lockfile" (pid: 11092, socket: \\.\pipe\nx\C:\Users\DHRUVM~1\AppData\Local\Temp\plugin5404-228-2951048.0064.sock)
[plugin-client] restarting worker for "nx/core/package-json"
[isolated-plugin] spawned worker for "nx/core/package-json" (pid: 28220, socket: \\.\pipe\nx\C:\Users\DHRUVM~1\AppData\Local\Temp\plugin5404-229-2951139.1786.sock)
[plugin-client] restarting worker for "nx/core/project-json"
[isolated-plugin] spawned worker for "nx/core/project-json" (pid: 8800, socket: \\.\pipe\nx\C:\Users\DHRUVM~1\AppData\Local\Temp\plugin5404-230-2951234.8198.sock)
[NX v22.7.8 Daemon Server] - 2026-08-20T05:43:24.526Z - Time taken for 'hash changed files from watcher' 0.3097000000998378ms
[plugin-worker] "nx/js/dependencies-and-lockfile" (pid: 11092) listening on \\.\pipe\nx\C:\Users\DHRUVM~1\AppData\Local\Temp\plugin5404-228-2951048.0064.sock
[1m[33mTime taken for 'plugin worker 11092 code loading' 262.3631ms[39m[22m
[isolated-plugin] connected to worker for "nx/js/dependencies-and-lockfile" (pid: 11092)
[NX v22.7.8 Daemon Server] - 2026-08-20T05:43:24.666Z - Time taken for 'start-plugin-worker:nx/js/dependencies-and-lockfile' 437.77479999978095ms
[plugin-worker] "nx/js/dependencies-and-lockfile" (pid: 11092) connected
[plugin-worker] "nx/core/package-json" (pid: 28220) listening on \\.\pipe\nx\C:\Users\DHRUVM~1\AppData\Local\Temp\plugin5404-229-2951139.1786.sock
[1m[33mTime taken for 'plugin worker 28220 code loading' 266.0373ms[39m[22m
[isolated-plugin] connected to worker for "nx/core/package-json" (pid: 28220)
[NX v22.7.8 Daemon Server] - 2026-08-20T05:43:24.775Z - Time taken for 'start-plugin-worker:nx/core/package-json' 455.24809999996796ms
[plugin-worker] "nx/core/package-json" (pid: 28220) connected
[plugin-worker] "nx/js/dependencies-and-lockfile" (pid: 11092) loaded successfully
[1m[33mTime taken for 'nx/js/dependencies-and-lockfile:createNodes' 5.0049000000000206ms[39m[22m
[plugin-worker] "nx/core/project-json" (pid: 8800) listening on \\.\pipe\nx\C:\Users\DHRUVM~1\AppData\Local\Temp\plugin5404-230-2951234.8198.sock
[1m[33mTime taken for 'plugin worker 8800 code loading' 261.2339ms[39m[22m
[isolated-plugin] connected to worker for "nx/core/project-json" (pid: 8800)
[NX v22.7.8 Daemon Server] - 2026-08-20T05:43:24.873Z - [WATCHER]: apps/portal/src/app/App.tsx was modified
[NX v22.7.8 Daemon Server] - 2026-08-20T05:43:24.874Z - [WATCHER]: File changes detected:
Created:
(none)
Updated:
  - apps/portal/src/app/App.tsx
Deleted:
(none)
[NX v22.7.8 Daemon Server] - 2026-08-20T05:43:24.874Z - [SYNC]: clearing sync generators cache due to file changes
[NX v22.7.8 Daemon Server] - 2026-08-20T05:43:24.874Z - [WATCHER]: Processing file changes in outputs
[NX v22.7.8 Daemon Server] - 2026-08-20T05:43:24.874Z - Time taken for 'start-plugin-worker:nx/core/project-json' 458.0592000000179ms
[plugin-worker] "nx/core/project-json" (pid: 8800) connected
[plugin-worker] "nx/core/package-json" (pid: 28220) loaded successfully
[1m[33mTime taken for 'nx/core/package-json:createNodes' 5.140099999999961ms[39m[22m
[isolated-plugin] shutting down worker for "nx/core/package-json" after createNodes
[plugin-worker] "nx/core/project-json" (pid: 8800) loaded successfully
[1m[33mTime taken for 'nx/core/project-json:createNodes' 0.6046000000000049ms[39m[22m
[isolated-plugin] shutting down worker for "nx/core/project-json" after createNodes
[NX v22.7.8 Daemon Server] - 2026-08-20T05:43:24.999Z - Time taken for 'build-project-configs' 768.2552999998443ms
[NX v22.7.8 Daemon Server] - 2026-08-20T05:43:24.999Z - Time taken for 'createNodes:merge' 0.19950000010430813ms
[NX v22.7.8 Daemon Server] - 2026-08-20T05:43:24.999Z - Time taken for 'get-all-workspace-files' 0.0213000001385808ms
[1m[33mTime taken for 'build typescript dependencies' 1.2894000000000005ms[39m[22m
[isolated-plugin] shutting down worker for "nx/js/dependencies-and-lockfile" after createDependencies
[NX v22.7.8 Daemon Server] - 2026-08-20T05:43:25.005Z - [SYNC]: collect registered sync generators
[NX v22.7.8 Daemon Server] - 2026-08-20T05:43:25.005Z - [SYNC]: project graph hash is the same, not collecting task sync generators
[NX v22.7.8 Daemon Server] - 2026-08-20T05:43:25.005Z - [SYNC]: nx.json hash is the same, not collecting global sync generators
[NX v22.7.8 Daemon Server] - 2026-08-20T05:43:25.005Z - Time taken for 'total execution time for createProjectGraph()' 8.142199999652803ms
[NX v22.7.8 Daemon Server] - 2026-08-20T05:43:25.006Z - Time taken for 'createDependencies' 5.970499999821186ms
[NX v22.7.8 Daemon Server] - 2026-08-20T05:43:25.006Z - Time taken for 'nx/js/dependencies-and-lockfile:createDependencies' 5.924399999901652ms
[NX v22.7.8 Daemon Server] - 2026-08-20T05:43:25.006Z - Time taken for 'createMetadata' 0.004399999976158142ms
[NX v22.7.8 Daemon Server] - 2026-08-20T05:43:25.006Z - Time taken for 'serialize graph' 0.38840000005438924ms
[NX v22.7.8 Daemon Server] - 2026-08-20T05:43:26.774Z - [WATCHER]: apps/portal/src/app/App.tsx was modified
[NX v22.7.8 Daemon Server] - 2026-08-20T05:43:26.775Z - [WATCHER]: File changes detected:
Created:
(none)
Updated:
  - apps/portal/src/app/App.tsx
Deleted:
(none)
[NX v22.7.8 Daemon Server] - 2026-08-20T05:43:26.775Z - [SYNC]: clearing sync generators cache due to file changes
[NX v22.7.8 Daemon Server] - 2026-08-20T05:43:26.775Z - [WATCHER]: Processing file changes in outputs
[NX v22.7.8 Daemon Server] - 2026-08-20T05:43:27.439Z - [WATCHER]: Processing file changes in outputs
[NX v22.7.8 Daemon Server] - 2026-08-20T05:43:27.439Z - [WATCHER]: apps/portal/src/app/App.tsx was modified
[NX v22.7.8 Daemon Server] - 2026-08-20T05:43:27.440Z - [WATCHER]: File changes detected:
Created:
(none)
Updated:
  - apps/portal/src/app/App.tsx
Deleted:
(none)
[NX v22.7.8 Daemon Server] - 2026-08-20T05:43:27.440Z - [SYNC]: clearing sync generators cache due to file changes
[NX v22.7.8 Daemon Server] - 2026-08-20T05:43:31.289Z - [REQUEST]: Updated workspace context based on watched changes, recomputing project graph...
[NX v22.7.8 Daemon Server] - 2026-08-20T05:43:31.289Z - [REQUEST]: apps/portal/src/app/App.tsx
[NX v22.7.8 Daemon Server] - 2026-08-20T05:43:31.289Z - [REQUEST]: 
[plugin-client] restarting worker for "nx/js/dependencies-and-lockfile"
[isolated-plugin] spawned worker for "nx/js/dependencies-and-lockfile" (pid: 28108, socket: \\.\pipe\nx\C:\Users\DHRUVM~1\AppData\Local\Temp\plugin5404-231-2958111.2326.sock)
[plugin-client] restarting worker for "nx/core/package-json"
[isolated-plugin] spawned worker for "nx/core/package-json" (pid: 12572, socket: \\.\pipe\nx\C:\Users\DHRUVM~1\AppData\Local\Temp\plugin5404-232-2958295.2289.sock)
[plugin-client] restarting worker for "nx/core/project-json"
[isolated-plugin] spawned worker for "nx/core/project-json" (pid: 27028, socket: \\.\pipe\nx\C:\Users\DHRUVM~1\AppData\Local\Temp\plugin5404-233-2958498.7451.sock)
[plugin-worker] "nx/js/dependencies-and-lockfile" (pid: 28108) listening on \\.\pipe\nx\C:\Users\DHRUVM~1\AppData\Local\Temp\plugin5404-231-2958111.2326.sock
[NX v22.7.8 Daemon Server] - 2026-08-20T05:43:31.816Z - Time taken for 'hash changed files from watcher' 0.6563999997451901ms
[isolated-plugin] connected to worker for "nx/js/dependencies-and-lockfile" (pid: 28108)
[1m[33mTime taken for 'plugin worker 28108 code loading' 262.8088ms[39m[22m
[plugin-worker] "nx/js/dependencies-and-lockfile" (pid: 28108) connected
[NX v22.7.8 Daemon Server] - 2026-08-20T05:43:31.817Z - Time taken for 'start-plugin-worker:nx/js/dependencies-and-lockfile' 525.1987999998964ms
[plugin-worker] "nx/js/dependencies-and-lockfile" (pid: 28108) loaded successfully
[1m[33mTime taken for 'nx/js/dependencies-and-lockfile:createNodes' 3.802600000000041ms[39m[22m
[plugin-worker] "nx/core/package-json" (pid: 12572) listening on \\.\pipe\nx\C:\Users\DHRUVM~1\AppData\Local\Temp\plugin5404-232-2958295.2289.sock
[isolated-plugin] connected to worker for "nx/core/package-json" (pid: 12572)
[1m[33mTime taken for 'plugin worker 12572 code loading' 265.716ms[39m[22m
[plugin-worker] "nx/core/package-json" (pid: 12572) connected
[NX v22.7.8 Daemon Server] - 2026-08-20T05:43:32.028Z - Time taken for 'start-plugin-worker:nx/core/package-json' 552.3137000002898ms
[isolated-plugin] connected to worker for "nx/core/project-json" (pid: 27028)
[plugin-worker] "nx/core/project-json" (pid: 27028) listening on \\.\pipe\nx\C:\Users\DHRUVM~1\AppData\Local\Temp\plugin5404-233-2958498.7451.sock
[1m[33mTime taken for 'plugin worker 27028 code loading' 250.89700000000002ms[39m[22m
[NX v22.7.8 Daemon Server] - 2026-08-20T05:43:32.141Z - Time taken for 'start-plugin-worker:nx/core/project-json' 461.7373999999836ms
[plugin-worker] "nx/core/project-json" (pid: 27028) connected
[plugin-worker] "nx/core/package-json" (pid: 12572) loaded successfully
[1m[33mTime taken for 'nx/core/package-json:createNodes' 4.692299999999989ms[39m[22m
[isolated-plugin] shutting down worker for "nx/core/package-json" after createNodes
[plugin-worker] "nx/core/project-json" (pid: 27028) loaded successfully
[1m[33mTime taken for 'nx/core/project-json:createNodes' 0.5529000000000224ms[39m[22m
[isolated-plugin] shutting down worker for "nx/core/project-json" after createNodes
[NX v22.7.8 Daemon Server] - 2026-08-20T05:43:32.263Z - Time taken for 'build-project-configs' 966.7127000000328ms
[NX v22.7.8 Daemon Server] - 2026-08-20T05:43:32.263Z - Time taken for 'createNodes:merge' 0.5187999997287989ms
[NX v22.7.8 Daemon Server] - 2026-08-20T05:43:32.263Z - Time taken for 'get-all-workspace-files' 0.04490000009536743ms
[1m[33mTime taken for 'build typescript dependencies' 1.1006999999999607ms[39m[22m
[isolated-plugin] shutting down worker for "nx/js/dependencies-and-lockfile" after createDependencies
[NX v22.7.8 Daemon Server] - 2026-08-20T05:43:32.270Z - [SYNC]: collect registered sync generators
[NX v22.7.8 Daemon Server] - 2026-08-20T05:43:32.270Z - [SYNC]: project graph hash is the same, not collecting task sync generators
[NX v22.7.8 Daemon Server] - 2026-08-20T05:43:32.271Z - [SYNC]: nx.json hash is the same, not collecting global sync generators
[NX v22.7.8 Daemon Server] - 2026-08-20T05:43:32.271Z - Time taken for 'total execution time for createProjectGraph()' 11.203499999828637ms
[NX v22.7.8 Daemon Server] - 2026-08-20T05:43:32.271Z - Time taken for 'createDependencies' 6.692100000102073ms
[NX v22.7.8 Daemon Server] - 2026-08-20T05:43:32.271Z - Time taken for 'nx/js/dependencies-and-lockfile:createDependencies' 6.598899999633431ms
[NX v22.7.8 Daemon Server] - 2026-08-20T05:43:32.271Z - Time taken for 'createMetadata' 0.009099999908357859ms
[NX v22.7.8 Daemon Server] - 2026-08-20T05:43:32.271Z - Time taken for 'serialize graph' 0.7908000000752509ms
[NX v22.7.8 Daemon Server] - 2026-08-20T05:53:12.789Z - [WATCHER]: apps/portal/src/app/App.tsx was modified
[NX v22.7.8 Daemon Server] - 2026-08-20T05:53:12.790Z - [WATCHER]: File changes detected:
Created:
(none)
Updated:
  - apps/portal/src/app/App.tsx
Deleted:
(none)
[NX v22.7.8 Daemon Server] - 2026-08-20T05:53:12.790Z - [SYNC]: clearing sync generators cache due to file changes
[NX v22.7.8 Daemon Server] - 2026-08-20T05:53:12.790Z - [WATCHER]: Processing file changes in outputs
[NX v22.7.8 Daemon Server] - 2026-08-20T05:53:12.856Z - [WATCHER]: Processing file changes in outputs
[NX v22.7.8 Daemon Server] - 2026-08-20T05:53:12.856Z - [WATCHER]: apps/portal/src/app/App.tsx was modified
[NX v22.7.8 Daemon Server] - 2026-08-20T05:53:12.856Z - [WATCHER]: File changes detected:
Created:
(none)
Updated:
  - apps/portal/src/app/App.tsx
Deleted:
(none)
[NX v22.7.8 Daemon Server] - 2026-08-20T05:53:12.856Z - [SYNC]: clearing sync generators cache due to file changes
[NX v22.7.8 Daemon Server] - 2026-08-20T05:53:19.202Z - [REQUEST]: Updated workspace context based on watched changes, recomputing project graph...
[NX v22.7.8 Daemon Server] - 2026-08-20T05:53:19.202Z - [REQUEST]: apps/portal/src/app/App.tsx
[NX v22.7.8 Daemon Server] - 2026-08-20T05:53:19.202Z - [REQUEST]: 
[plugin-client] restarting worker for "nx/js/dependencies-and-lockfile"
[isolated-plugin] spawned worker for "nx/js/dependencies-and-lockfile" (pid: 10596, socket: \\.\pipe\nx\C:\Users\DHRUVM~1\AppData\Local\Temp\plugin5404-234-3546027.7926.sock)
[plugin-client] restarting worker for "nx/core/package-json"
[isolated-plugin] spawned worker for "nx/core/package-json" (pid: 12584, socket: \\.\pipe\nx\C:\Users\DHRUVM~1\AppData\Local\Temp\plugin5404-235-3546313.6275.sock)
[plugin-client] restarting worker for "nx/core/project-json"
[isolated-plugin] spawned worker for "nx/core/project-json" (pid: 21848, socket: \\.\pipe\nx\C:\Users\DHRUVM~1\AppData\Local\Temp\plugin5404-236-3546600.8303.sock)
[NX v22.7.8 Daemon Server] - 2026-08-20T05:53:20.030Z - Time taken for 'hash changed files from watcher' 0.9938000002875924ms
[plugin-worker] "nx/js/dependencies-and-lockfile" (pid: 10596) listening on \\.\pipe\nx\C:\Users\DHRUVM~1\AppData\Local\Temp\plugin5404-234-3546027.7926.sock
[1m[33mTime taken for 'plugin worker 10596 code loading' 427.03679999999997ms[39m[22m
[isolated-plugin] connected to worker for "nx/js/dependencies-and-lockfile" (pid: 10596)
[plugin-worker] "nx/js/dependencies-and-lockfile" (pid: 10596) connected
[NX v22.7.8 Daemon Server] - 2026-08-20T05:53:20.082Z - Time taken for 'start-plugin-worker:nx/js/dependencies-and-lockfile' 875.9490000000224ms
[plugin-worker] "nx/core/package-json" (pid: 12584) listening on \\.\pipe\nx\C:\Users\DHRUVM~1\AppData\Local\Temp\plugin5404-235-3546313.6275.sock
[isolated-plugin] connected to worker for "nx/core/package-json" (pid: 12584)
[1m[33mTime taken for 'plugin worker 12584 code loading' 357.9662ms[39m[22m
[NX v22.7.8 Daemon Server] - 2026-08-20T05:53:20.252Z - Time taken for 'start-plugin-worker:nx/core/package-json' 760.8169999998063ms
[plugin-worker] "nx/core/package-json" (pid: 12584) connected
[plugin-worker] "nx/js/dependencies-and-lockfile" (pid: 10596) loaded successfully
[1m[33mTime taken for 'nx/js/dependencies-and-lockfile:createNodes' 5.45010000000002ms[39m[22m
[plugin-worker] "nx/core/package-json" (pid: 12584) loaded successfully
[1m[33mTime taken for 'nx/core/package-json:createNodes' 8.517299999999977ms[39m[22m
[isolated-plugin] shutting down worker for "nx/core/package-json" after createNodes
[plugin-worker] "nx/core/project-json" (pid: 21848) listening on \\.\pipe\nx\C:\Users\DHRUVM~1\AppData\Local\Temp\plugin5404-236-3546600.8303.sock
[1m[33mTime taken for 'plugin worker 21848 code loading' 346.3724ms[39m[22m
[isolated-plugin] connected to worker for "nx/core/project-json" (pid: 21848)
[NX v22.7.8 Daemon Server] - 2026-08-20T05:53:20.491Z - Time taken for 'start-plugin-worker:nx/core/project-json' 712.1208000001498ms
[plugin-worker] "nx/core/project-json" (pid: 21848) connected
[plugin-worker] "nx/core/project-json" (pid: 21848) loaded successfully
[1m[33mTime taken for 'nx/core/project-json:createNodes' 1.245900000000006ms[39m[22m
[isolated-plugin] shutting down worker for "nx/core/project-json" after createNodes
[NX v22.7.8 Daemon Server] - 2026-08-20T05:53:20.683Z - Time taken for 'build-project-configs' 1470.5257000001147ms
[NX v22.7.8 Daemon Server] - 2026-08-20T05:53:20.684Z - Time taken for 'createNodes:merge' 0.7283000000752509ms
[NX v22.7.8 Daemon Server] - 2026-08-20T05:53:20.684Z - Time taken for 'get-all-workspace-files' 0.07390000019222498ms
[isolated-plugin] shutting down worker for "nx/js/dependencies-and-lockfile" after createDependencies
[NX v22.7.8 Daemon Server] - 2026-08-20T05:53:20.702Z - [SYNC]: collect registered sync generators
[NX v22.7.8 Daemon Server] - 2026-08-20T05:53:20.703Z - [SYNC]: project graph hash is the same, not collecting task sync generators
[NX v22.7.8 Daemon Server] - 2026-08-20T05:53:20.704Z - [SYNC]: nx.json hash is the same, not collecting global sync generators
[NX v22.7.8 Daemon Server] - 2026-08-20T05:53:20.704Z - Time taken for 'total execution time for createProjectGraph()' 25.25579999992624ms
[NX v22.7.8 Daemon Server] - 2026-08-20T05:53:20.704Z - Time taken for 'createDependencies' 17.95490000024438ms
[NX v22.7.8 Daemon Server] - 2026-08-20T05:53:20.704Z - Time taken for 'nx/js/dependencies-and-lockfile:createDependencies' 17.76190000027418ms
[NX v22.7.8 Daemon Server] - 2026-08-20T05:53:20.704Z - Time taken for 'createMetadata' 0.019700000062584877ms
[NX v22.7.8 Daemon Server] - 2026-08-20T05:53:20.704Z - Time taken for 'serialize graph' 1.4106999998912215ms
[NX v22.7.8 Daemon Client] - 2026-08-20T06:38:57.854Z - [Messenger] Setting up socket listeners
[NX v22.7.8 Daemon Server] - 2026-08-20T06:38:57.859Z - Established a connection. Number of open connections: 1
[NX v22.7.8 Daemon Server] - 2026-08-20T06:38:57.861Z - Established a connection. Number of open connections: 2
[NX v22.7.8 Daemon Server] - 2026-08-20T06:38:57.862Z - Closed a connection. Number of open connections: 1
[NX v22.7.8 Daemon Client] - 2026-08-20T06:38:57.863Z - [Messenger] listen() complete
[NX v22.7.8 Daemon Client] - 2026-08-20T06:38:57.873Z - [Messenger] Sending message type: RECORD_TASK_RUNS
[NX v22.7.8 Daemon Client] - 2026-08-20T06:38:57.882Z - [Messenger] Message sent
[NX v22.7.8 Daemon Server] - 2026-08-20T06:38:57.897Z - Received raw message of length 207
[NX v22.7.8 Daemon Server] - 2026-08-20T06:38:57.898Z - Received json message of type RECORD_TASK_RUNS
[NX v22.7.8 Daemon Server] - 2026-08-20T06:38:57.915Z - Serializing response for RECORD_TASK_RUNS message in json mode
[NX v22.7.8 Daemon Server] - 2026-08-20T06:38:57.915Z - Responding to RECORD_TASK_RUNS message
[NX v22.7.8 Daemon Server] - 2026-08-20T06:38:57.915Z - [REQUEST]: Responding to the client. handleRecordTaskRuns
[NX v22.7.8 Daemon Client] - 2026-08-20T06:38:57.915Z - [Messenger] Received message, length: 4
[NX v22.7.8 Daemon Server] - 2026-08-20T06:38:57.920Z - Done responding to the client handleRecordTaskRuns
[NX v22.7.8 Daemon Server] - 2026-08-20T06:38:57.920Z - Handled json message RECORD_TASK_RUNS. Handling time: 17. Response time: 5.
[NX v22.7.8 Daemon Server] - 2026-08-20T06:38:57.924Z - Established a connection. Number of open connections: 2
[NX v22.7.8 Daemon Server] - 2026-08-20T06:38:57.924Z - Closed a connection. Number of open connections: 1
[NX v22.7.8 Daemon Client] - 2026-08-20T06:38:57.924Z - [Messenger] Sending message type: GET_CONFIGURE_AI_AGENTS_STATUS
[NX v22.7.8 Daemon Client] - 2026-08-20T06:38:57.934Z - [Messenger] Message sent
[NX v22.7.8 Daemon Server] - 2026-08-20T06:38:57.943Z - Received raw message of length 41
[NX v22.7.8 Daemon Server] - 2026-08-20T06:38:57.944Z - Received json message of type GET_CONFIGURE_AI_AGENTS_STATUS
[NX v22.7.8 Daemon Server] - 2026-08-20T06:38:57.944Z - [AI-AGENTS]: Returning cached agent configuration status
[NX v22.7.8 Daemon Server] - 2026-08-20T06:38:57.944Z - Serializing response for GET_CONFIGURE_AI_AGENTS_STATUS message in json mode
[NX v22.7.8 Daemon Server] - 2026-08-20T06:38:57.944Z - Responding to GET_CONFIGURE_AI_AGENTS_STATUS message
[NX v22.7.8 Daemon Server] - 2026-08-20T06:38:57.944Z - [REQUEST]: Responding to the client. handleGetConfigureAiAgentsStatus
[NX v22.7.8 Daemon Client] - 2026-08-20T06:38:57.944Z - [Messenger] Received message, length: 104
[NX v22.7.8 Daemon Server] - 2026-08-20T06:38:57.946Z - Done responding to the client handleGetConfigureAiAgentsStatus
[NX v22.7.8 Daemon Server] - 2026-08-20T06:38:57.946Z - Handled json message GET_CONFIGURE_AI_AGENTS_STATUS. Handling time: 0. Response time: 2.
[NX v22.7.8 Daemon Client] - 2026-08-20T06:38:57.954Z - [Messenger] Sending message type: POST_TASKS_EXECUTION
[NX v22.7.8 Daemon Client] - 2026-08-20T06:38:57.964Z - [Messenger] Message sent
[NX v22.7.8 Daemon Server] - 2026-08-20T06:38:57.972Z - Received raw message of length 20812
[NX v22.7.8 Daemon Server] - 2026-08-20T06:38:57.972Z - Received json message of type POST_TASKS_EXECUTION
[NX v22.7.8 Daemon Server] - 2026-08-20T06:38:57.973Z - Serializing response for POST_TASKS_EXECUTION message in json mode
[NX v22.7.8 Daemon Server] - 2026-08-20T06:38:57.973Z - Responding to POST_TASKS_EXECUTION message
[NX v22.7.8 Daemon Server] - 2026-08-20T06:38:57.973Z - [REQUEST]: Responding to the client. handleRunPostTasksExecution
[NX v22.7.8 Daemon Server] - 2026-08-20T06:38:57.973Z - Time taken for 'postTasksExecution' 0.4618999995291233ms
[NX v22.7.8 Daemon Server] - 2026-08-20T06:38:57.973Z - Done responding to the client handleRunPostTasksExecution
[NX v22.7.8 Daemon Server] - 2026-08-20T06:38:57.973Z - Handled json message POST_TASKS_EXECUTION. Handling time: 1. Response time: 0.
[NX v22.7.8 Daemon Client] - 2026-08-20T06:38:57.973Z - [Messenger] Received message, length: 4
[NX v22.7.8 Daemon Server] - 2026-08-20T06:38:58.013Z - Closed a connection. Number of open connections: 0
[NX v22.7.8 Daemon Server] - 2026-08-20T09:38:57.985Z - [WATCHER]: Stopping the watcher for C:\Users\DhruvMehta\OneDrive - OmneNest Technologies Pvt Ltd\Desktop\productization-poc (sources)
[NX v22.7.8 Daemon Server] - 2026-08-20T09:38:57.987Z - [WATCHER]: Stopping the watcher for C:\Users\DhruvMehta\OneDrive - OmneNest Technologies Pvt Ltd\Desktop\productization-poc (outputs)
[NX v22.7.8 Daemon Server] - 2026-08-20T09:38:57.991Z - [LATEST-NX]: Cleaning up latest Nx installation from C:\Users\DHRUVM~1\AppData\Local\Temp\tmp-5404-Jf0DItEvwGLJ
[NX v22.7.8 Daemon Server] - 2026-08-20T09:38:57.993Z - Server stopped because: "10800000ms of inactivity"
[NX v22.7.8 Daemon Client] - 2026-09-09T05:45:42.061Z - [Client] Starting new daemon server in background
[NX v22.7.8 Daemon Client] - 2026-09-09T05:45:42.356Z - [Client] Waiting for server (max: 6000 attempts, 10ms interval)
[NX v22.7.8 Daemon Server] - 2026-09-09T05:45:43.919Z - New daemon starting from: C:\Users\DhruvMehta\OneDrive - OmneNest Technologies Pvt Ltd\Desktop\productization-poc\node_modules\.pnpm\nx@22.7.8\node_modules\nx\dist\src\daemon\server\server.js
[NX v22.7.8 Daemon Server] - 2026-09-09T05:45:43.921Z - New daemon __dirname: C:\Users\DhruvMehta\OneDrive - OmneNest Technologies Pvt Ltd\Desktop\productization-poc\node_modules\.pnpm\nx@22.7.8\node_modules\nx\dist\src\daemon\server
[NX v22.7.8 Daemon Server] - 2026-09-09T05:45:43.921Z - New daemon nxVersion: 22.7.8
[NX v22.7.8 Daemon Server] - 2026-09-09T05:45:43.924Z - New daemon getInstalledNxVersion(): 22.7.8
[NX v22.7.8 Daemon Server] - 2026-09-09T05:45:43.928Z - Time taken for 'workspace context init' 4.847700000000032ms
[NX v22.7.8 Daemon Server] - 2026-09-09T05:45:43.939Z - [Server] Starting outdated check interval (20ms)
[NX v22.7.8 Daemon Server] - 2026-09-09T05:45:43.942Z - Started listening on: \\.\pipe\nx\C:\Users\DHRUVM~1\AppData\Local\Temp\98fa8f0fa92cdc8e8a46\d.sock
[NX v22.7.8 Daemon Client] - 2026-09-09T05:45:43.948Z - [Client] Server available
[NX v22.7.8 Daemon Server] - 2026-09-09T05:45:43.955Z - [WATCHER]: Subscribed to changes within: c:\Users\DhruvMehta\OneDrive - OmneNest Technologies Pvt Ltd\Desktop\productization-poc (native)
[NX v22.7.8 Daemon Client] - 2026-09-09T05:45:43.956Z - [Client] Daemon server started, pid=17832
[NX v22.7.8 Daemon Server] - 2026-09-09T05:45:43.956Z - [LATEST-NX]: Pulling latest Nx...
[NX v22.7.8 Daemon Server] - 2026-09-09T05:45:43.982Z - [AI-AGENTS]: Starting agent configuration status computation
[NX v22.7.8 Daemon Server] - 2026-09-09T05:45:43.986Z - Established a connection. Number of open connections: 1
[NX v22.7.8 Daemon Server] - 2026-09-09T05:45:43.987Z - Closed a connection. Number of open connections: 0
[isolated-plugin] spawned worker for "C:\Users\DhruvMehta\OneDrive - OmneNest Technologies Pvt Ltd\Desktop\productization-poc\node_modules\.pnpm\nx@22.7.8\node_modules\nx\dist\src\plugins\js" (pid: 38620, socket: \\.\pipe\nx\C:\Users\DHRUVM~1\AppData\Local\Temp\plugin17832-0-1658.2436.sock)
[isolated-plugin] spawned worker for "C:\Users\DhruvMehta\OneDrive - OmneNest Technologies Pvt Ltd\Desktop\productization-poc\node_modules\.pnpm\nx@22.7.8\node_modules\nx\dist\src\plugins\package-json" (pid: 26024, socket: \\.\pipe\nx\C:\Users\DHRUVM~1\AppData\Local\Temp\plugin17832-1-1803.1959.sock)
[isolated-plugin] spawned worker for "C:\Users\DhruvMehta\OneDrive - OmneNest Technologies Pvt Ltd\Desktop\productization-poc\node_modules\.pnpm\nx@22.7.8\node_modules\nx\dist\src\plugins\project-json\build-nodes\project-json" (pid: 16860, socket: \\.\pipe\nx\C:\Users\DHRUVM~1\AppData\Local\Temp\plugin17832-2-2072.704.sock)
[NX v22.7.8 Daemon Server] - 2026-09-09T05:45:44.638Z - Time taken for 'loadSpecifiedNxPlugins' 573.2070999999999ms
[NX v22.7.8 Daemon Server] - 2026-09-09T05:45:44.694Z - Established a connection. Number of open connections: 1
[NX v22.7.8 Daemon Server] - 2026-09-09T05:45:44.694Z - Closed a connection. Number of open connections: 0
[NX v22.7.8 Daemon Server] - 2026-09-09T05:45:44.696Z - Established a connection. Number of open connections: 1
[NX v22.7.8 Daemon Client] - 2026-09-09T05:45:44.696Z - [Messenger] Setting up socket listeners
[NX v22.7.8 Daemon Client] - 2026-09-09T05:45:44.704Z - [Messenger] listen() complete
[plugin-worker] "C:\Users\DhruvMehta\OneDrive - OmneNest Technologies Pvt Ltd\Desktop\productization-poc\node_modules\.pnpm\nx@22.7.8\node_modules\nx\dist\src\plugins\js" (pid: 38620) listening on \\.\pipe\nx\C:\Users\DHRUVM~1\AppData\Local\Temp\plugin17832-0-1658.2436.sock
[1m[33mTime taken for 'plugin worker 38620 code loading' 452.15350000000007ms[39m[22m
[isolated-plugin] connected to worker for "C:\Users\DhruvMehta\OneDrive - OmneNest Technologies Pvt Ltd\Desktop\productization-poc\node_modules\.pnpm\nx@22.7.8\node_modules\nx\dist\src\plugins\js" (pid: 38620)
[plugin-worker] "C:\Users\DhruvMehta\OneDrive - OmneNest Technologies Pvt Ltd\Desktop\productization-poc\node_modules\.pnpm\nx@22.7.8\node_modules\nx\dist\src\plugins\js" (pid: 38620) connected
[NX v22.7.8 Daemon Server] - 2026-09-09T05:45:44.813Z - Time taken for 'start-plugin-worker:C:\Users\DhruvMehta\OneDrive - OmneNest Technologies Pvt Ltd\Desktop\productization-poc\node_modules\.pnpm\nx@22.7.8\node_modules\nx\dist\src\plugins\js' 746.4837ms
[plugin-worker] "C:\Users\DhruvMehta\OneDrive - OmneNest Technologies Pvt Ltd\Desktop\productization-poc\node_modules\.pnpm\nx@22.7.8\node_modules\nx\dist\src\plugins\package-json" (pid: 26024) listening on \\.\pipe\nx\C:\Users\DHRUVM~1\AppData\Local\Temp\plugin17832-1-1803.1959.sock
[1m[33mTime taken for 'plugin worker 26024 code loading' 458.9725ms[39m[22m
[isolated-plugin] connected to worker for "C:\Users\DhruvMehta\OneDrive - OmneNest Technologies Pvt Ltd\Desktop\productization-poc\node_modules\.pnpm\nx@22.7.8\node_modules\nx\dist\src\plugins\package-json" (pid: 26024)
[NX v22.7.8 Daemon Server] - 2026-09-09T05:45:45.073Z - Time taken for 'start-plugin-worker:C:\Users\DhruvMehta\OneDrive - OmneNest Technologies Pvt Ltd\Desktop\productization-poc\node_modules\.pnpm\nx@22.7.8\node_modules\nx\dist\src\plugins\package-json' 861.9440000000002ms
[plugin-worker] "C:\Users\DhruvMehta\OneDrive - OmneNest Technologies Pvt Ltd\Desktop\productization-poc\node_modules\.pnpm\nx@22.7.8\node_modules\nx\dist\src\plugins\package-json" (pid: 26024) connected
[plugin-worker] "C:\Users\DhruvMehta\OneDrive - OmneNest Technologies Pvt Ltd\Desktop\productization-poc\node_modules\.pnpm\nx@22.7.8\node_modules\nx\dist\src\plugins\project-json\build-nodes\project-json" (pid: 16860) listening on \\.\pipe\nx\C:\Users\DHRUVM~1\AppData\Local\Temp\plugin17832-2-2072.704.sock
[1m[33mTime taken for 'plugin worker 16860 code loading' 457.6045ms[39m[22m
[isolated-plugin] connected to worker for "C:\Users\DhruvMehta\OneDrive - OmneNest Technologies Pvt Ltd\Desktop\productization-poc\node_modules\.pnpm\nx@22.7.8\node_modules\nx\dist\src\plugins\project-json\build-nodes\project-json" (pid: 16860)
[NX v22.7.8 Daemon Server] - 2026-09-09T05:45:45.237Z - Time taken for 'start-plugin-worker:C:\Users\DhruvMehta\OneDrive - OmneNest Technologies Pvt Ltd\Desktop\productization-poc\node_modules\.pnpm\nx@22.7.8\node_modules\nx\dist\src\plugins\project-json\build-nodes\project-json' 756.6527999999998ms
[plugin-worker] "C:\Users\DhruvMehta\OneDrive - OmneNest Technologies Pvt Ltd\Desktop\productization-poc\node_modules\.pnpm\nx@22.7.8\node_modules\nx\dist\src\plugins\project-json\build-nodes\project-json" (pid: 16860) connected
[plugin-worker] "C:\Users\DhruvMehta\OneDrive - OmneNest Technologies Pvt Ltd\Desktop\productization-poc\node_modules\.pnpm\nx@22.7.8\node_modules\nx\dist\src\plugins\js" (pid: 38620) loaded successfully
[NX v22.7.8 Daemon Server] - 2026-09-09T05:45:45.354Z - Time taken for 'Load Nx Plugin: C:\Users\DhruvMehta\OneDrive - OmneNest Technologies Pvt Ltd\Desktop\productization-poc\node_modules\.pnpm\nx@22.7.8\node_modules\nx\dist\src\plugins\js' 1290.9269000000002ms
[plugin-worker] "C:\Users\DhruvMehta\OneDrive - OmneNest Technologies Pvt Ltd\Desktop\productization-poc\node_modules\.pnpm\nx@22.7.8\node_modules\nx\dist\src\plugins\package-json" (pid: 26024) loaded successfully
[NX v22.7.8 Daemon Server] - 2026-09-09T05:45:45.368Z - Time taken for 'Load Nx Plugin: C:\Users\DhruvMehta\OneDrive - OmneNest Technologies Pvt Ltd\Desktop\productization-poc\node_modules\.pnpm\nx@22.7.8\node_modules\nx\dist\src\plugins\package-json' 1303.5736ms
[plugin-worker] "C:\Users\DhruvMehta\OneDrive - OmneNest Technologies Pvt Ltd\Desktop\productization-poc\node_modules\.pnpm\nx@22.7.8\node_modules\nx\dist\src\plugins\project-json\build-nodes\project-json" (pid: 16860) loaded successfully
[NX v22.7.8 Daemon Server] - 2026-09-09T05:45:45.499Z - [REQUEST]: Updated workspace context based on watched changes, recomputing project graph...
[NX v22.7.8 Daemon Server] - 2026-09-09T05:45:45.499Z - [REQUEST]: 
[NX v22.7.8 Daemon Server] - 2026-09-09T05:45:45.499Z - [REQUEST]: 
[NX v22.7.8 Daemon Server] - 2026-09-09T05:45:45.506Z - Time taken for 'loadDefaultNxPlugins' 1436.1207999999997ms
[NX v22.7.8 Daemon Server] - 2026-09-09T05:45:45.506Z - Time taken for 'Load Nx Plugin: C:\Users\DhruvMehta\OneDrive - OmneNest Technologies Pvt Ltd\Desktop\productization-poc\node_modules\.pnpm\nx@22.7.8\node_modules\nx\dist\src\plugins\project-json\build-nodes\project-json' 1434.4288ms
[NX v22.7.8 Daemon Server] - 2026-09-09T05:45:45.506Z - Time taken for 'hash changed files from watcher' 0.17350000000033106ms
[1m[33mTime taken for 'nx/core/project-json:createNodes' 5.680999999999926ms[39m[22m
[isolated-plugin] shutting down worker for "nx/core/project-json" after createNodes
[1m[33mTime taken for 'nx/core/package-json:createNodes' 8.57370000000003ms[39m[22m
[isolated-plugin] shutting down worker for "nx/core/package-json" after createNodes
[1m[33mTime taken for 'nx/js/dependencies-and-lockfile:createNodes' 33.565399999999954ms[39m[22m
[NX v22.7.8 Daemon Server] - 2026-09-09T05:45:45.583Z - Time taken for 'build-project-configs' 56.39020000000028ms
[NX v22.7.8 Daemon Server] - 2026-09-09T05:45:45.583Z - Time taken for 'createNodes:merge' 15.341100000000097ms
[NX v22.7.8 Daemon Server] - 2026-09-09T05:45:45.583Z - Time taken for 'native-file-deps' 0.003899999999703141ms
[NX v22.7.8 Daemon Server] - 2026-09-09T05:45:45.584Z - Time taken for 'get-workspace-files' 0.7864999999997053ms
[NX v22.7.8 Daemon Server] - 2026-09-09T05:45:45.584Z - Time taken for 'get-all-workspace-files' 9.478799999999865ms
[NX v22.7.8 Daemon Server] - 2026-09-09T05:45:45.584Z - Time taken for 'read cache' 7.674399999999878ms
[1m[33mTime taken for 'build typescript dependencies' 2.7789000000000215ms[39m[22m
[isolated-plugin] shutting down worker for "nx/js/dependencies-and-lockfile" after createDependencies
[NX v22.7.8 Daemon Server] - 2026-09-09T05:45:45.709Z - [SYNC]: collect registered sync generators
[NX v22.7.8 Daemon Server] - 2026-09-09T05:45:45.711Z - Time taken for 'total execution time for createProjectGraph()' 139.67430000000013ms
[NX v22.7.8 Daemon Server] - 2026-09-09T05:45:45.711Z - Time taken for 'createDependencies' 125.57679999999982ms
[NX v22.7.8 Daemon Server] - 2026-09-09T05:45:45.711Z - Time taken for 'nx/js/dependencies-and-lockfile:createDependencies' 125.3137999999999ms
[NX v22.7.8 Daemon Server] - 2026-09-09T05:45:45.711Z - Time taken for 'createMetadata' 0.031800000000203ms
[NX v22.7.8 Daemon Server] - 2026-09-09T05:45:45.711Z - Time taken for 'serialize graph' 0.5927000000001499ms
[NX v22.7.8 Daemon Client] - 2026-09-09T05:45:45.904Z - [Messenger] Sending message type: REQUEST_PROJECT_GRAPH
[NX v22.7.8 Daemon Client] - 2026-09-09T05:45:45.914Z - [Messenger] Message sent
[NX v22.7.8 Daemon Server] - 2026-09-09T05:45:45.926Z - Received raw message of length 3848
[NX v22.7.8 Daemon Server] - 2026-09-09T05:45:45.927Z - Received json message of type REQUEST_PROJECT_GRAPH
[NX v22.7.8 Daemon Server] - 2026-09-09T05:45:45.927Z - Refreshing env var Path from client connection.
[NX v22.7.8 Daemon Server] - 2026-09-09T05:45:45.927Z - Refreshing env var PATHEXT from client connection.
[NX v22.7.8 Daemon Server] - 2026-09-09T05:45:45.927Z - Graph recompute necessary due to env variable refresh
[NX v22.7.8 Daemon Server] - 2026-09-09T05:45:45.928Z - [REQUEST]: Client Request for Project Graph Received
[NX v22.7.8 Daemon Server] - 2026-09-09T05:45:45.929Z - [REQUEST]: Updated workspace context based on watched changes, recomputing project graph...
[NX v22.7.8 Daemon Server] - 2026-09-09T05:45:45.929Z - [REQUEST]: 
[NX v22.7.8 Daemon Server] - 2026-09-09T05:45:45.929Z - [REQUEST]: 
[NX v22.7.8 Daemon Server] - 2026-09-09T05:45:45.930Z - No files changed, but no in-memory cached project graph found. Recomputing it...
[NX v22.7.8 Daemon Server] - 2026-09-09T05:45:45.930Z - Streaming message to client: progress update for topic graph-construction
[plugin-client] restarting worker for "nx/js/dependencies-and-lockfile"
[NX v22.7.8 Daemon Client] - 2026-09-09T05:45:45.931Z - [Messenger] Received message, length: 47
[isolated-plugin] spawned worker for "nx/js/dependencies-and-lockfile" (pid: 35996, socket: \\.\pipe\nx\C:\Users\DHRUVM~1\AppData\Local\Temp\plugin17832-3-3523.3425.sock)
[plugin-client] restarting worker for "nx/core/package-json"
[isolated-plugin] spawned worker for "nx/core/package-json" (pid: 6364, socket: \\.\pipe\nx\C:\Users\DHRUVM~1\AppData\Local\Temp\plugin17832-4-3674.1262.sock)
[plugin-client] restarting worker for "nx/core/project-json"
[isolated-plugin] spawned worker for "nx/core/project-json" (pid: 38428, socket: \\.\pipe\nx\C:\Users\DHRUVM~1\AppData\Local\Temp\plugin17832-5-3822.7328.sock)
[NX v22.7.8 Daemon Server] - 2026-09-09T05:45:46.383Z - Time taken for 'hash changed files from watcher' 0.059799999999995634ms
[plugin-worker] "nx/js/dependencies-and-lockfile" (pid: 35996) listening on \\.\pipe\nx\C:\Users\DHRUVM~1\AppData\Local\Temp\plugin17832-3-3523.3425.sock
[1m[33mTime taken for 'plugin worker 35996 code loading' 386.0879ms[39m[22m
[isolated-plugin] connected to worker for "nx/js/dependencies-and-lockfile" (pid: 35996)
[NX v22.7.8 Daemon Server] - 2026-09-09T05:45:46.583Z - Time taken for 'start-plugin-worker:nx/js/dependencies-and-lockfile' 651.8605000000002ms
[plugin-worker] "nx/js/dependencies-and-lockfile" (pid: 35996) connected
[plugin-worker] "nx/core/package-json" (pid: 6364) listening on \\.\pipe\nx\C:\Users\DHRUVM~1\AppData\Local\Temp\plugin17832-4-3674.1262.sock
[1m[33mTime taken for 'plugin worker 6364 code loading' 369.77570000000003ms[39m[22m
[isolated-plugin] connected to worker for "nx/core/package-json" (pid: 6364)
[plugin-worker] "nx/core/package-json" (pid: 6364) connected
[NX v22.7.8 Daemon Server] - 2026-09-09T05:45:46.720Z - Time taken for 'start-plugin-worker:nx/core/package-json' 638.2762000000002ms
[plugin-worker] "nx/js/dependencies-and-lockfile" (pid: 35996) loaded successfully
[1m[33mTime taken for 'nx/js/dependencies-and-lockfile:createNodes' 6.465000000000032ms[39m[22m
[NX v22.7.8 Daemon Server] - 2026-09-09T05:45:46.793Z - Streaming message to client: progress update for topic graph-construction
[NX v22.7.8 Daemon Client] - 2026-09-09T05:45:46.794Z - [Messenger] Received message, length: 142
[plugin-worker] "nx/core/project-json" (pid: 38428) listening on \\.\pipe\nx\C:\Users\DHRUVM~1\AppData\Local\Temp\plugin17832-5-3822.7328.sock
[1m[33mTime taken for 'plugin worker 38428 code loading' 358.106ms[39m[22m
[isolated-plugin] connected to worker for "nx/core/project-json" (pid: 38428)
[plugin-worker] "nx/core/project-json" (pid: 38428) connected
[NX v22.7.8 Daemon Server] - 2026-09-09T05:45:46.865Z - Time taken for 'start-plugin-worker:nx/core/project-json' 633.1062999999999ms
[plugin-worker] "nx/core/package-json" (pid: 6364) loaded successfully
[1m[33mTime taken for 'nx/core/package-json:createNodes' 7.568700000000035ms[39m[22m
[isolated-plugin] shutting down worker for "nx/core/package-json" after createNodes
[NX v22.7.8 Daemon Server] - 2026-09-09T05:45:46.910Z - Streaming message to client: progress update for topic graph-construction
[NX v22.7.8 Daemon Client] - 2026-09-09T05:45:46.911Z - [Messenger] Received message, length: 101
[plugin-worker] "nx/core/project-json" (pid: 38428) loaded successfully
[1m[33mTime taken for 'nx/core/project-json:createNodes' 1.1330000000000382ms[39m[22m
[isolated-plugin] shutting down worker for "nx/core/project-json" after createNodes
[NX v22.7.8 Daemon Server] - 2026-09-09T05:45:47.046Z - Streaming message to client: progress update for topic graph-construction
[NX v22.7.8 Daemon Client] - 2026-09-09T05:45:47.047Z - [Messenger] Received message, length: 47
[NX v22.7.8 Daemon Server] - 2026-09-09T05:45:47.050Z - Streaming message to client: progress update for topic graph-construction
[NX v22.7.8 Daemon Server] - 2026-09-09T05:45:47.051Z - Time taken for 'build-project-configs' 1116.7989000000002ms
[NX v22.7.8 Daemon Server] - 2026-09-09T05:45:47.051Z - Time taken for 'createNodes:merge' 0.36710000000039145ms
[NX v22.7.8 Daemon Server] - 2026-09-09T05:45:47.051Z - Time taken for 'get-all-workspace-files' 0.03690000000005966ms
[NX v22.7.8 Daemon Client] - 2026-09-09T05:45:47.056Z - [Messenger] Received message, length: 47
[1m[33mTime taken for 'build typescript dependencies' 0.14550000000008367ms[39m[22m
[isolated-plugin] shutting down worker for "nx/js/dependencies-and-lockfile" after createDependencies
[NX v22.7.8 Daemon Server] - 2026-09-09T05:45:47.059Z - Streaming message to client: progress update for topic graph-construction
[NX v22.7.8 Daemon Client] - 2026-09-09T05:45:47.064Z - [Messenger] Received message, length: 47
[NX v22.7.8 Daemon Server] - 2026-09-09T05:45:47.110Z - Wrote project graph cache to c:\Users\DhruvMehta\OneDrive - OmneNest Technologies Pvt Ltd\Desktop\productization-poc\.nx\workspace-data\project-graph.json
[NX v22.7.8 Daemon Server] - 2026-09-09T05:45:47.111Z - Serializing response for REQUEST_PROJECT_GRAPH message in json mode
[NX v22.7.8 Daemon Server] - 2026-09-09T05:45:47.111Z - Responding to REQUEST_PROJECT_GRAPH message
[NX v22.7.8 Daemon Server] - 2026-09-09T05:45:47.111Z - [REQUEST]: Responding to the client. project-graph
[NX v22.7.8 Daemon Server] - 2026-09-09T05:45:47.111Z - Time taken for 'total for creating and serializing project graph' 1183.1940000000004ms
[NX v22.7.8 Daemon Server] - 2026-09-09T05:45:47.111Z - Time taken for 'total execution time for createProjectGraph()' 13.131199999999808ms
[NX v22.7.8 Daemon Server] - 2026-09-09T05:45:47.111Z - Time taken for 'createDependencies' 9.759799999999814ms
[NX v22.7.8 Daemon Server] - 2026-09-09T05:45:47.112Z - Time taken for 'nx/js/dependencies-and-lockfile:createDependencies' 9.483900000000176ms
[NX v22.7.8 Daemon Server] - 2026-09-09T05:45:47.112Z - Time taken for 'createMetadata' 0.01010000000042055ms
[NX v22.7.8 Daemon Server] - 2026-09-09T05:45:47.112Z - Time taken for 'serialize graph' 0.6321000000007189ms
[NX v22.7.8 Daemon Server] - 2026-09-09T05:45:47.112Z - Time taken for 'write cache' 49.788799999999355ms
[NX v22.7.8 Daemon Server] - 2026-09-09T05:45:47.115Z - Done responding to the client project-graph
[NX v22.7.8 Daemon Server] - 2026-09-09T05:45:47.115Z - Handled json message REQUEST_PROJECT_GRAPH. Handling time: 1183. Response time: 4.
[NX v22.7.8 Daemon Client] - 2026-09-09T05:45:47.116Z - [Messenger] Received message, length: 186510
[NX v22.7.8 Daemon Client] - 2026-09-09T05:45:47.125Z - [Messenger] Sending message type: GET_CONTEXT_FILE_DATA
[NX v22.7.8 Daemon Client] - 2026-09-09T05:45:47.133Z - [Messenger] Message sent
[NX v22.7.8 Daemon Server] - 2026-09-09T05:45:47.141Z - Received raw message of length 32
[NX v22.7.8 Daemon Server] - 2026-09-09T05:45:47.141Z - Received json message of type GET_CONTEXT_FILE_DATA
[NX v22.7.8 Daemon Server] - 2026-09-09T05:45:47.142Z - Serializing response for GET_CONTEXT_FILE_DATA message in json mode
[NX v22.7.8 Daemon Server] - 2026-09-09T05:45:47.142Z - Responding to GET_CONTEXT_FILE_DATA message
[NX v22.7.8 Daemon Server] - 2026-09-09T05:45:47.142Z - [REQUEST]: Responding to the client. handleContextFileData
[NX v22.7.8 Daemon Server] - 2026-09-09T05:45:47.142Z - Done responding to the client handleContextFileData
[NX v22.7.8 Daemon Server] - 2026-09-09T05:45:47.142Z - Handled json message GET_CONTEXT_FILE_DATA. Handling time: 1. Response time: 0.
[NX v22.7.8 Daemon Client] - 2026-09-09T05:45:47.143Z - [Messenger] Received message, length: 1505
[NX v22.7.8 Daemon Server] - 2026-09-09T05:45:47.198Z - Established a connection. Number of open connections: 2
[NX v22.7.8 Daemon Server] - 2026-09-09T05:45:47.199Z - Closed a connection. Number of open connections: 1
[NX v22.7.8 Daemon Server] - 2026-09-09T05:45:47.199Z - Established a connection. Number of open connections: 2
[NX v22.7.8 Daemon Client] - 2026-09-09T05:45:47.200Z - [Messenger] Setting up socket listeners
[NX v22.7.8 Daemon Client] - 2026-09-09T05:45:47.208Z - [Messenger] listen() complete
[NX v22.7.8 Daemon Client] - 2026-09-09T05:45:47.218Z - [Messenger] Sending message type: REGISTER_PROJECT_GRAPH_LISTENER
[NX v22.7.8 Daemon Client] - 2026-09-09T05:45:47.225Z - [Messenger] Message sent
[NX v22.7.8 Daemon Server] - 2026-09-09T05:45:47.237Z - Received raw message of length 42
[NX v22.7.8 Daemon Server] - 2026-09-09T05:45:47.237Z - Received json message of type REGISTER_PROJECT_GRAPH_LISTENER
Fetching nx...
[NX v22.7.8 Daemon Server] - 2026-09-09T05:46:01.879Z - [LATEST-NX]: Successfully pulled latest Nx to C:\Users\DHRUVM~1\AppData\Local\Temp\tmp-17832-moIY7z3i3SpY
[NX v22.7.8 Daemon Server] - 2026-09-09T05:46:01.881Z - [NX-CONSOLE]: Using local implementation (NX_USE_LOCAL=true or inner call)
DEBUG nx::native::ide::preferences: Loaded console preferences: NxConsolePreferences { auto_install_console: Some(false), path: "C:\\Users\\DhruvMehta\\.nx\\ide.json" }
[NX v22.7.8 Daemon Server] - 2026-09-09T05:46:01.882Z - [AI-AGENTS]: Failed to compute agent configuration status from latest Nx. Error: Only URLs with a scheme in: file, data, and node are supported by the default ESM loader. On Windows, absolute paths must be valid file:// URLs. Received protocol 'c:'
[NX v22.7.8 Daemon Server] - 2026-09-09T05:46:01.882Z - [AI-AGENTS]: Agent configuration status computation completed: 0 fully configured, 0 outdated, 0 partially configured, 0 non-configured
DEBUG nx::native::ide::install: Detected editor: Unknown
[NX v22.7.8 Daemon Server] - 2026-09-09T05:46:01.883Z - [NX-CONSOLE]: Console status check completed, shouldPrompt: false
[NX v22.7.8 Daemon Server] - 2026-09-09T05:46:05.090Z - [WATCHER]: _tmp_30368_ea89112e7b7e5bc34ae59cfcd25dbc8c was deleted
[NX v22.7.8 Daemon Server] - 2026-09-09T05:46:05.090Z - [WATCHER]: File changes detected:
Created:
(none)
Updated:
(none)
Deleted:
  - _tmp_30368_ea89112e7b7e5bc34ae59cfcd25dbc8c
[NX v22.7.8 Daemon Server] - 2026-09-09T05:46:05.090Z - [SYNC]: clearing sync generators cache due to file changes
[NX v22.7.8 Daemon Server] - 2026-09-09T05:46:05.091Z - [WATCHER]: Processing file changes in outputs
[NX v22.7.8 Daemon Server] - 2026-09-09T05:46:05.196Z - [REQUEST]: Updated workspace context based on watched changes, recomputing project graph...
[NX v22.7.8 Daemon Server] - 2026-09-09T05:46:05.197Z - [REQUEST]: 
[NX v22.7.8 Daemon Server] - 2026-09-09T05:46:05.197Z - [REQUEST]: _tmp_30368_ea89112e7b7e5bc34ae59cfcd25dbc8c
[plugin-client] restarting worker for "nx/js/dependencies-and-lockfile"
[isolated-plugin] spawned worker for "nx/js/dependencies-and-lockfile" (pid: 36860, socket: \\.\pipe\nx\C:\Users\DHRUVM~1\AppData\Local\Temp\plugin17832-6-22791.567.sock)
[plugin-client] restarting worker for "nx/core/package-json"
[isolated-plugin] spawned worker for "nx/core/package-json" (pid: 38796, socket: \\.\pipe\nx\C:\Users\DHRUVM~1\AppData\Local\Temp\plugin17832-7-22959.7731.sock)
[plugin-client] restarting worker for "nx/core/project-json"
[isolated-plugin] spawned worker for "nx/core/project-json" (pid: 13288, socket: \\.\pipe\nx\C:\Users\DHRUVM~1\AppData\Local\Temp\plugin17832-8-23246.7488.sock)
[NX v22.7.8 Daemon Server] - 2026-09-09T05:46:05.825Z - Time taken for 'hash changed files from watcher' 0.0864000000001397ms
[plugin-worker] "nx/js/dependencies-and-lockfile" (pid: 36860) listening on \\.\pipe\nx\C:\Users\DHRUVM~1\AppData\Local\Temp\plugin17832-6-22791.567.sock
[1m[33mTime taken for 'plugin worker 36860 code loading' 441.8723ms[39m[22m
[isolated-plugin] connected to worker for "nx/js/dependencies-and-lockfile" (pid: 36860)
[NX v22.7.8 Daemon Server] - 2026-09-09T05:46:05.929Z - Time taken for 'start-plugin-worker:nx/js/dependencies-and-lockfile' 729.8116000000009ms
[plugin-worker] "nx/js/dependencies-and-lockfile" (pid: 36860) connected
[plugin-worker] "nx/js/dependencies-and-lockfile" (pid: 36860) loaded successfully
[1m[33mTime taken for 'nx/js/dependencies-and-lockfile:createNodes' 7.989200000000096ms[39m[22m
[plugin-worker] "nx/core/package-json" (pid: 38796) listening on \\.\pipe\nx\C:\Users\DHRUVM~1\AppData\Local\Temp\plugin17832-7-22959.7731.sock
[1m[33mTime taken for 'plugin worker 38796 code loading' 438.6606ms[39m[22m
[isolated-plugin] connected to worker for "nx/core/package-json" (pid: 38796)
[NX v22.7.8 Daemon Server] - 2026-09-09T05:46:06.230Z - Time taken for 'start-plugin-worker:nx/core/package-json' 862.3143999999993ms
[plugin-worker] "nx/core/package-json" (pid: 38796) connected
[isolated-plugin] connected to worker for "nx/core/project-json" (pid: 13288)
[plugin-worker] "nx/core/project-json" (pid: 13288) listening on \\.\pipe\nx\C:\Users\DHRUVM~1\AppData\Local\Temp\plugin17832-8-23246.7488.sock
[NX v22.7.8 Daemon Server] - 2026-09-09T05:46:06.355Z - Time taken for 'start-plugin-worker:nx/core/project-json' 700.2475000000013ms
[plugin-worker] "nx/core/project-json" (pid: 13288) connected
[plugin-worker] "nx/core/package-json" (pid: 38796) loaded successfully
[1m[33mTime taken for 'nx/core/package-json:createNodes' 8.279300000000035ms[39m[22m
[isolated-plugin] shutting down worker for "nx/core/package-json" after createNodes
[plugin-worker] "nx/core/project-json" (pid: 13288) loaded successfully
[1m[33mTime taken for 'plugin worker 13288 code loading' 400.2588ms[39m[22m
[1m[33mTime taken for 'nx/core/project-json:createNodes' 0.8747000000000753ms[39m[22m
[isolated-plugin] shutting down worker for "nx/core/project-json" after createNodes
[NX v22.7.8 Daemon Server] - 2026-09-09T05:46:06.533Z - Time taken for 'build-project-configs' 1332.094100000002ms
[NX v22.7.8 Daemon Server] - 2026-09-09T05:46:06.534Z - Time taken for 'createNodes:merge' 0.4350000000013097ms
[NX v22.7.8 Daemon Server] - 2026-09-09T05:46:06.534Z - Time taken for 'get-all-workspace-files' 0.0305000000007567ms
[1m[33mTime taken for 'build typescript dependencies' 0.14540000000010878ms[39m[22m
[isolated-plugin] shutting down worker for "nx/js/dependencies-and-lockfile" after createDependencies
[NX v22.7.8 Daemon Server] - 2026-09-09T05:46:06.542Z - [SYNC]: collect registered sync generators
[NX v22.7.8 Daemon Server] - 2026-09-09T05:46:06.543Z - [SYNC]: project graph hash is the same, not collecting task sync generators
[NX v22.7.8 Daemon Server] - 2026-09-09T05:46:06.543Z - [SYNC]: nx.json hash is the same, not collecting global sync generators
[NX v22.7.8 Daemon Server] - 2026-09-09T05:46:06.543Z - Serializing response for PROJECT_GRAPH_UPDATED message in json mode
[NX v22.7.8 Daemon Server] - 2026-09-09T05:46:06.544Z - Responding to PROJECT_GRAPH_UPDATED message
[NX v22.7.8 Daemon Server] - 2026-09-09T05:46:06.544Z - [REQUEST]: Responding to the client. Project graph updated
[NX v22.7.8 Daemon Server] - 2026-09-09T05:46:06.544Z - Time taken for 'total execution time for createProjectGraph()' 11.636600000001636ms
[NX v22.7.8 Daemon Server] - 2026-09-09T05:46:06.544Z - Time taken for 'createDependencies' 8.687000000001717ms
[NX v22.7.8 Daemon Server] - 2026-09-09T05:46:06.544Z - Time taken for 'nx/js/dependencies-and-lockfile:createDependencies' 8.589199999998527ms
[NX v22.7.8 Daemon Server] - 2026-09-09T05:46:06.544Z - Time taken for 'createMetadata' 0.009500000000116415ms
[NX v22.7.8 Daemon Server] - 2026-09-09T05:46:06.544Z - Time taken for 'serialize graph' 0.5792000000001281ms
[NX v22.7.8 Daemon Server] - 2026-09-09T05:46:06.544Z - Done responding to the client Project graph updated
[NX v22.7.8 Daemon Server] - 2026-09-09T05:46:06.544Z - Handled json message PROJECT_GRAPH_UPDATED. Handling time: 0. Response time: 1.
[NX v22.7.8 Daemon Client] - 2026-09-09T05:46:06.545Z - [Messenger] Received message, length: 186503
[NX v22.7.8 Daemon Server] - 2026-09-09T05:46:07.576Z - Established a connection. Number of open connections: 3
[NX v22.7.8 Daemon Client] - 2026-09-09T05:46:07.576Z - [Messenger] Sending message type: GET_CONTEXT_FILE_DATA
[NX v22.7.8 Daemon Server] - 2026-09-09T05:46:07.576Z - Closed a connection. Number of open connections: 2
[NX v22.7.8 Daemon Client] - 2026-09-09T05:46:07.585Z - [Messenger] Message sent
[NX v22.7.8 Daemon Server] - 2026-09-09T05:46:07.591Z - Received raw message of length 32
[NX v22.7.8 Daemon Server] - 2026-09-09T05:46:07.592Z - Received json message of type GET_CONTEXT_FILE_DATA
[NX v22.7.8 Daemon Server] - 2026-09-09T05:46:07.592Z - Serializing response for GET_CONTEXT_FILE_DATA message in json mode
[NX v22.7.8 Daemon Server] - 2026-09-09T05:46:07.592Z - Responding to GET_CONTEXT_FILE_DATA message
[NX v22.7.8 Daemon Server] - 2026-09-09T05:46:07.592Z - [REQUEST]: Responding to the client. handleContextFileData
[NX v22.7.8 Daemon Server] - 2026-09-09T05:46:07.592Z - Done responding to the client handleContextFileData
[NX v22.7.8 Daemon Server] - 2026-09-09T05:46:07.592Z - Handled json message GET_CONTEXT_FILE_DATA. Handling time: 0. Response time: 0.
[NX v22.7.8 Daemon Client] - 2026-09-09T05:46:07.593Z - [Messenger] Received message, length: 1505
[NX v22.7.8 Daemon Server] - 2026-09-09T05:46:07.596Z - Established a connection. Number of open connections: 3
[NX v22.7.8 Daemon Server] - 2026-09-09T05:46:07.597Z - Closed a connection. Number of open connections: 2
[NX v22.7.8 Daemon Server] - 2026-09-09T05:46:07.600Z - Established a connection. Number of open connections: 3
[NX v22.7.8 Daemon Server] - 2026-09-09T05:46:07.601Z - Closed a connection. Number of open connections: 2
[NX v22.7.8 Daemon Server] - 2026-09-09T05:46:07.601Z - Established a connection. Number of open connections: 3
[NX v22.7.8 Daemon Client] - 2026-09-09T05:46:07.601Z - [Messenger] Setting up socket listeners
[NX v22.7.8 Daemon Client] - 2026-09-09T05:46:07.611Z - [Messenger] listen() complete
[NX v22.7.8 Daemon Server] - 2026-09-09T05:46:07.624Z - Closed a connection. Number of open connections: 2
[NX v22.7.8 Daemon Client] - 2026-09-09T05:46:07.626Z - [ProjectGraphListener] Socket closed, triggering reconnection
[NX v22.7.8 Daemon Server] - 2026-09-09T05:46:07.641Z - Established a connection. Number of open connections: 3
[NX v22.7.8 Daemon Server] - 2026-09-09T05:46:07.641Z - Closed a connection. Number of open connections: 2
[NX v22.7.8 Daemon Client] - 2026-09-09T05:46:07.641Z - [Messenger] Setting up socket listeners
[NX v22.7.8 Daemon Server] - 2026-09-09T05:46:07.645Z - Established a connection. Number of open connections: 3
[NX v22.7.8 Daemon Client] - 2026-09-09T05:46:07.652Z - [Messenger] listen() complete
[NX v22.7.8 Daemon Client] - 2026-09-09T05:46:07.660Z - [Messenger] Sending message type: REGISTER_PROJECT_GRAPH_LISTENER
[NX v22.7.8 Daemon Client] - 2026-09-09T05:46:07.668Z - [Messenger] Message sent
[NX v22.7.8 Daemon Server] - 2026-09-09T05:46:07.678Z - Received raw message of length 42
[NX v22.7.8 Daemon Server] - 2026-09-09T05:46:07.678Z - Received json message of type REGISTER_PROJECT_GRAPH_LISTENER
[NX v22.7.8 Daemon Client] - 2026-09-09T05:46:08.665Z - [Messenger] Sending message type: GET_NX_CONSOLE_STATUS
[NX v22.7.8 Daemon Client] - 2026-09-09T05:46:08.675Z - [Messenger] Message sent
[NX v22.7.8 Daemon Server] - 2026-09-09T05:46:08.687Z - Received raw message of length 4791
[NX v22.7.8 Daemon Server] - 2026-09-09T05:46:08.687Z - Received json message of type GET_NX_CONSOLE_STATUS
[NX v22.7.8 Daemon Server] - 2026-09-09T05:46:08.688Z - Refreshing env var COLORTERM from client connection.
[NX v22.7.8 Daemon Server] - 2026-09-09T05:46:08.688Z - Refreshing env var COPILOT_DEBUG_NONCE from client connection.
[NX v22.7.8 Daemon Server] - 2026-09-09T05:46:08.688Z - Refreshing env var GIT_ASKPASS from client connection.
[NX v22.7.8 Daemon Server] - 2026-09-09T05:46:08.688Z - Refreshing env var LANG from client connection.
[NX v22.7.8 Daemon Server] - 2026-09-09T05:46:08.688Z - Refreshing env var Path from client connection.
[NX v22.7.8 Daemon Server] - 2026-09-09T05:46:08.688Z - Refreshing env var PATHEXT from client connection.
[NX v22.7.8 Daemon Server] - 2026-09-09T05:46:08.688Z - Refreshing env var PNPM_PACKAGE_NAME from client connection.
[NX v22.7.8 Daemon Server] - 2026-09-09T05:46:08.688Z - Refreshing env var PSModulePath from client connection.
[NX v22.7.8 Daemon Server] - 2026-09-09T05:46:08.689Z - Refreshing env var TERM_PROGRAM from client connection.
[NX v22.7.8 Daemon Server] - 2026-09-09T05:46:08.689Z - Refreshing env var TERM_PROGRAM_VERSION from client connection.
[NX v22.7.8 Daemon Server] - 2026-09-09T05:46:08.689Z - Graph recompute necessary due to env variable refresh
[NX v22.7.8 Daemon Server] - 2026-09-09T05:46:08.690Z - Serializing response for GET_NX_CONSOLE_STATUS message in json mode
[NX v22.7.8 Daemon Server] - 2026-09-09T05:46:08.690Z - Responding to GET_NX_CONSOLE_STATUS message
[NX v22.7.8 Daemon Server] - 2026-09-09T05:46:08.690Z - [REQUEST]: Responding to the client. handleGetNxConsoleStatus
[NX v22.7.8 Daemon Server] - 2026-09-09T05:46:08.690Z - Done responding to the client handleGetNxConsoleStatus
[NX v22.7.8 Daemon Server] - 2026-09-09T05:46:08.691Z - Handled json message GET_NX_CONSOLE_STATUS. Handling time: 0. Response time: 1.
[NX v22.7.8 Daemon Client] - 2026-09-09T05:46:08.691Z - [Messenger] Received message, length: 22
[NX v22.7.8 Daemon Client] - 2026-09-09T05:46:09.831Z - [Messenger] Sending message type: REQUEST_PROJECT_GRAPH
[NX v22.7.8 Daemon Client] - 2026-09-09T05:46:09.843Z - [Messenger] Message sent
[NX v22.7.8 Daemon Server] - 2026-09-09T05:46:09.853Z - Received raw message of length 32
[NX v22.7.8 Daemon Server] - 2026-09-09T05:46:09.853Z - Received json message of type REQUEST_PROJECT_GRAPH
[NX v22.7.8 Daemon Server] - 2026-09-09T05:46:09.853Z - [REQUEST]: Client Request for Project Graph Received
[NX v22.7.8 Daemon Server] - 2026-09-09T05:46:09.854Z - [REQUEST]: Updated workspace context based on watched changes, recomputing project graph...
[NX v22.7.8 Daemon Server] - 2026-09-09T05:46:09.855Z - [REQUEST]: 
[NX v22.7.8 Daemon Server] - 2026-09-09T05:46:09.855Z - [REQUEST]: 
[NX v22.7.8 Daemon Server] - 2026-09-09T05:46:09.856Z - No files changed, but no in-memory cached project graph found. Recomputing it...
[NX v22.7.8 Daemon Server] - 2026-09-09T05:46:09.856Z - Streaming message to client: progress update for topic graph-construction
[plugin-client] restarting worker for "nx/js/dependencies-and-lockfile"
[NX v22.7.8 Daemon Client] - 2026-09-09T05:46:09.856Z - [Messenger] Received message, length: 47
[isolated-plugin] spawned worker for "nx/js/dependencies-and-lockfile" (pid: 29568, socket: \\.\pipe\nx\C:\Users\DHRUVM~1\AppData\Local\Temp\plugin17832-9-27450.9351.sock)
[plugin-client] restarting worker for "nx/core/package-json"
[isolated-plugin] spawned worker for "nx/core/package-json" (pid: 26672, socket: \\.\pipe\nx\C:\Users\DHRUVM~1\AppData\Local\Temp\plugin17832-10-27657.3309.sock)
[plugin-client] restarting worker for "nx/core/project-json"
[isolated-plugin] spawned worker for "nx/core/project-json" (pid: 23544, socket: \\.\pipe\nx\C:\Users\DHRUVM~1\AppData\Local\Temp\plugin17832-11-27809.5959.sock)
[NX v22.7.8 Daemon Server] - 2026-09-09T05:46:10.357Z - Time taken for 'hash changed files from watcher' 0.11140000000159489ms
[plugin-worker] "nx/js/dependencies-and-lockfile" (pid: 29568) listening on \\.\pipe\nx\C:\Users\DHRUVM~1\AppData\Local\Temp\plugin17832-9-27450.9351.sock
[isolated-plugin] connected to worker for "nx/js/dependencies-and-lockfile" (pid: 29568)
[1m[33mTime taken for 'plugin worker 29568 code loading' 374.5406ms[39m[22m
[NX v22.7.8 Daemon Server] - 2026-09-09T05:46:10.555Z - Time taken for 'start-plugin-worker:nx/js/dependencies-and-lockfile' 697.5116000000016ms
[plugin-worker] "nx/js/dependencies-and-lockfile" (pid: 29568) connected
[plugin-worker] "nx/core/package-json" (pid: 26672) listening on \\.\pipe\nx\C:\Users\DHRUVM~1\AppData\Local\Temp\plugin17832-10-27657.3309.sock
[isolated-plugin] connected to worker for "nx/core/package-json" (pid: 26672)
[NX v22.7.8 Daemon Server] - 2026-09-09T05:46:10.680Z - Time taken for 'start-plugin-worker:nx/core/package-json' 615.9416999999994ms
[plugin-worker] "nx/core/package-json" (pid: 26672) connected
[1m[33mTime taken for 'plugin worker 26672 code loading' 361.8909ms[39m[22m
[plugin-worker] "nx/js/dependencies-and-lockfile" (pid: 29568) loaded successfully
[1m[33mTime taken for 'nx/js/dependencies-and-lockfile:createNodes' 6.542400000000043ms[39m[22m
[NX v22.7.8 Daemon Server] - 2026-09-09T05:46:10.772Z - Streaming message to client: progress update for topic graph-construction
[NX v22.7.8 Daemon Client] - 2026-09-09T05:46:10.772Z - [Messenger] Received message, length: 142
[plugin-worker] "nx/core/project-json" (pid: 23544) listening on \\.\pipe\nx\C:\Users\DHRUVM~1\AppData\Local\Temp\plugin17832-11-27809.5959.sock
[isolated-plugin] connected to worker for "nx/core/project-json" (pid: 23544)
[1m[33mTime taken for 'plugin worker 23544 code loading' 361.25710000000004ms[39m[22m
[NX v22.7.8 Daemon Server] - 2026-09-09T05:46:10.823Z - Time taken for 'start-plugin-worker:nx/core/project-json' 606.4864000000016ms
[plugin-worker] "nx/core/project-json" (pid: 23544) connected
[plugin-worker] "nx/core/package-json" (pid: 26672) loaded successfully
[1m[33mTime taken for 'nx/core/package-json:createNodes' 6.786899999999946ms[39m[22m
[isolated-plugin] shutting down worker for "nx/core/package-json" after createNodes
[NX v22.7.8 Daemon Server] - 2026-09-09T05:46:10.869Z - Streaming message to client: progress update for topic graph-construction
[NX v22.7.8 Daemon Client] - 2026-09-09T05:46:10.869Z - [Messenger] Received message, length: 101
[plugin-worker] "nx/core/project-json" (pid: 23544) loaded successfully
[1m[33mTime taken for 'nx/core/project-json:createNodes' 1.0565000000000282ms[39m[22m
[isolated-plugin] shutting down worker for "nx/core/project-json" after createNodes
[NX v22.7.8 Daemon Server] - 2026-09-09T05:46:10.999Z - Streaming message to client: progress update for topic graph-construction
[NX v22.7.8 Daemon Client] - 2026-09-09T05:46:10.999Z - [Messenger] Received message, length: 47
[NX v22.7.8 Daemon Server] - 2026-09-09T05:46:11.002Z - Streaming message to client: progress update for topic graph-construction
[NX v22.7.8 Daemon Server] - 2026-09-09T05:46:11.003Z - Time taken for 'build-project-configs' 1143.3356000000022ms
[NX v22.7.8 Daemon Server] - 2026-09-09T05:46:11.003Z - Time taken for 'createNodes:merge' 0.34310000000186847ms
[NX v22.7.8 Daemon Server] - 2026-09-09T05:46:11.003Z - Time taken for 'get-all-workspace-files' 0.026499999999941792ms
[1m[33mTime taken for 'build typescript dependencies' 0.14650000000006003ms[39m[22m
[isolated-plugin] shutting down worker for "nx/js/dependencies-and-lockfile" after createDependencies
[NX v22.7.8 Daemon Server] - 2026-09-09T05:46:11.009Z - Streaming message to client: progress update for topic graph-construction
[NX v22.7.8 Daemon Client] - 2026-09-09T05:46:11.008Z - [Messenger] Received message, length: 47
[NX v22.7.8 Daemon Client] - 2026-09-09T05:46:11.018Z - [Messenger] Received message, length: 47
[NX v22.7.8 Daemon Server] - 2026-09-09T05:46:11.066Z - Wrote project graph cache to c:\Users\DhruvMehta\OneDrive - OmneNest Technologies Pvt Ltd\Desktop\productization-poc\.nx\workspace-data\project-graph.json
[NX v22.7.8 Daemon Server] - 2026-09-09T05:46:11.067Z - Serializing response for REQUEST_PROJECT_GRAPH message in json mode
[NX v22.7.8 Daemon Server] - 2026-09-09T05:46:11.067Z - Responding to REQUEST_PROJECT_GRAPH message
[NX v22.7.8 Daemon Server] - 2026-09-09T05:46:11.067Z - [REQUEST]: Responding to the client. project-graph
[NX v22.7.8 Daemon Server] - 2026-09-09T05:46:11.067Z - Time taken for 'total for creating and serializing project graph' 1213.3902999999991ms
[NX v22.7.8 Daemon Server] - 2026-09-09T05:46:11.067Z - Time taken for 'total execution time for createProjectGraph()' 10.035400000000664ms
[NX v22.7.8 Daemon Server] - 2026-09-09T05:46:11.067Z - Time taken for 'createDependencies' 7.312399999998888ms
[NX v22.7.8 Daemon Server] - 2026-09-09T05:46:11.067Z - Time taken for 'nx/js/dependencies-and-lockfile:createDependencies' 7.054200000002311ms
[NX v22.7.8 Daemon Server] - 2026-09-09T05:46:11.067Z - Time taken for 'createMetadata' 0.018299999999726424ms
[NX v22.7.8 Daemon Server] - 2026-09-09T05:46:11.067Z - Time taken for 'serialize graph' 0.7053999999989173ms
[NX v22.7.8 Daemon Server] - 2026-09-09T05:46:11.067Z - Time taken for 'write cache' 55.84430000000066ms
[NX v22.7.8 Daemon Server] - 2026-09-09T05:46:11.071Z - Done responding to the client project-graph
[NX v22.7.8 Daemon Server] - 2026-09-09T05:46:11.071Z - Handled json message REQUEST_PROJECT_GRAPH. Handling time: 1214. Response time: 4.
[NX v22.7.8 Daemon Client] - 2026-09-09T05:46:11.070Z - [Messenger] Received message, length: 186510
[NX v22.7.8 Daemon Client] - 2026-09-09T05:46:11.080Z - [Messenger] Sending message type: PRE_TASKS_EXECUTION
[NX v22.7.8 Daemon Client] - 2026-09-09T05:46:11.089Z - [Messenger] Message sent
[NX v22.7.8 Daemon Server] - 2026-09-09T05:46:11.098Z - Received raw message of length 503
[NX v22.7.8 Daemon Server] - 2026-09-09T05:46:11.098Z - Received json message of type PRE_TASKS_EXECUTION
[NX v22.7.8 Daemon Server] - 2026-09-09T05:46:11.100Z - Serializing response for PRE_TASKS_EXECUTION message in json mode
[NX v22.7.8 Daemon Server] - 2026-09-09T05:46:11.100Z - Responding to PRE_TASKS_EXECUTION message
[NX v22.7.8 Daemon Server] - 2026-09-09T05:46:11.101Z - [REQUEST]: Responding to the client. handleRunPreTasksExecution
[NX v22.7.8 Daemon Server] - 2026-09-09T05:46:11.101Z - Time taken for 'preTasksExecution' 2.1444999999985157ms
[NX v22.7.8 Daemon Server] - 2026-09-09T05:46:11.101Z - Done responding to the client handleRunPreTasksExecution
[NX v22.7.8 Daemon Server] - 2026-09-09T05:46:11.101Z - Handled json message PRE_TASKS_EXECUTION. Handling time: 2. Response time: 1.
[NX v22.7.8 Daemon Client] - 2026-09-09T05:46:11.100Z - [Messenger] Received message, length: 2
[NX v22.7.8 Daemon Client] - 2026-09-09T05:46:11.550Z - [Messenger] Sending message type: HASH_TASKS
[NX v22.7.8 Daemon Client] - 2026-09-09T05:46:11.560Z - [Messenger] Message sent
[NX v22.7.8 Daemon Server] - 2026-09-09T05:46:11.572Z - Received raw message of length 6332
[NX v22.7.8 Daemon Server] - 2026-09-09T05:46:11.572Z - Received json message of type HASH_TASKS
[NX v22.7.8 Daemon Server] - 2026-09-09T05:46:11.573Z - Reusing in-memory cached project graph because no files changed.
DEBUG nx::native::tasks::hash_planner: get_plans_internal COMPLETED in 1.1286ms - processed 1 tasks (setup: 810.3µs, parallel_planning: 312.7µs)
DEBUG nx::native::tasks::hashers::hash_workspace_files: Hashing workspace fileset with inputs: Adding "4613372190725536043" ("nx.json") to hash
DEBUG nx::native::tasks::hashers::hash_workspace_files: Hashing workspace fileset with inputs: Hash Value: "17841173534815228475"
DEBUG nx::native::tasks::task_hasher: hash_plans COMPLETED in 2.3323ms - processed 1 plans (setup: 176.2µs, hashing: 2.1436ms, assembly: 859.5µs)
[NX v22.7.8 Daemon Server] - 2026-09-09T05:46:11.583Z - Serializing response for HASH_TASKS message in json mode
[NX v22.7.8 Daemon Server] - 2026-09-09T05:46:11.584Z - Responding to HASH_TASKS message
[NX v22.7.8 Daemon Server] - 2026-09-09T05:46:11.584Z - [REQUEST]: Responding to the client. handleHashTasks
[NX v22.7.8 Daemon Client] - 2026-09-09T05:46:11.583Z - [Messenger] Received message, length: 20035
[NX v22.7.8 Daemon Server] - 2026-09-09T05:46:11.586Z - Done responding to the client handleHashTasks
[NX v22.7.8 Daemon Server] - 2026-09-09T05:46:11.586Z - Handled json message HASH_TASKS. Handling time: 11. Response time: 3.
[NX v22.7.8 Daemon Client] - 2026-09-09T05:46:11.615Z - [Messenger] Sending message type: GET_ESTIMATED_TASK_TIMINGS
[NX v22.7.8 Daemon Client] - 2026-09-09T05:46:11.624Z - [Messenger] Message sent
[NX v22.7.8 Daemon Server] - 2026-09-09T05:46:11.643Z - Received raw message of length 87
[NX v22.7.8 Daemon Server] - 2026-09-09T05:46:11.643Z - Received json message of type GET_ESTIMATED_TASK_TIMINGS
[NX v22.7.8 Daemon Server] - 2026-09-09T05:46:11.664Z - Serializing response for GET_ESTIMATED_TASK_TIMINGS message in json mode
[NX v22.7.8 Daemon Server] - 2026-09-09T05:46:11.664Z - Responding to GET_ESTIMATED_TASK_TIMINGS message
[NX v22.7.8 Daemon Server] - 2026-09-09T05:46:11.664Z - [REQUEST]: Responding to the client. handleGetEstimatedTaskTimings
[NX v22.7.8 Daemon Client] - 2026-09-09T05:46:11.664Z - [Messenger] Received message, length: 2
[NX v22.7.8 Daemon Server] - 2026-09-09T05:46:11.667Z - Done responding to the client handleGetEstimatedTaskTimings
[NX v22.7.8 Daemon Server] - 2026-09-09T05:46:11.668Z - Handled json message GET_ESTIMATED_TASK_TIMINGS. Handling time: 21. Response time: 4.
[NX v22.7.8 Daemon Server] - 2026-09-09T05:47:20.609Z - [WATCHER]: apps/portal/src/app/App.tsx was modified
[NX v22.7.8 Daemon Server] - 2026-09-09T05:47:20.610Z - [WATCHER]: File changes detected:
Created:
(none)
Updated:
  - apps/portal/src/app/App.tsx
Deleted:
(none)
[NX v22.7.8 Daemon Server] - 2026-09-09T05:47:20.610Z - [SYNC]: clearing sync generators cache due to file changes
[NX v22.7.8 Daemon Server] - 2026-09-09T05:47:20.610Z - [WATCHER]: Processing file changes in outputs
[NX v22.7.8 Daemon Server] - 2026-09-09T05:47:20.713Z - [REQUEST]: Updated workspace context based on watched changes, recomputing project graph...
[NX v22.7.8 Daemon Server] - 2026-09-09T05:47:20.713Z - [REQUEST]: apps/portal/src/app/App.tsx
[NX v22.7.8 Daemon Server] - 2026-09-09T05:47:20.714Z - [REQUEST]: 
[plugin-client] restarting worker for "nx/js/dependencies-and-lockfile"
[isolated-plugin] spawned worker for "nx/js/dependencies-and-lockfile" (pid: 23684, socket: \\.\pipe\nx\C:\Users\DHRUVM~1\AppData\Local\Temp\plugin17832-12-98310.0248.sock)
[plugin-client] restarting worker for "nx/core/package-json"
[isolated-plugin] spawned worker for "nx/core/package-json" (pid: 44492, socket: \\.\pipe\nx\C:\Users\DHRUVM~1\AppData\Local\Temp\plugin17832-13-99065.9723.sock)
[plugin-client] restarting worker for "nx/core/project-json"
[isolated-plugin] spawned worker for "nx/core/project-json" (pid: 5100, socket: \\.\pipe\nx\C:\Users\DHRUVM~1\AppData\Local\Temp\plugin17832-14-99219.5684.sock)
[NX v22.7.8 Daemon Server] - 2026-09-09T05:47:21.780Z - Time taken for 'hash changed files from watcher' 0.9092999999993481ms
[plugin-worker] "nx/js/dependencies-and-lockfile" (pid: 23684) listening on \\.\pipe\nx\C:\Users\DHRUVM~1\AppData\Local\Temp\plugin17832-12-98310.0248.sock
[1m[33mTime taken for 'plugin worker 23684 code loading' 463.69179999999994ms[39m[22m
[isolated-plugin] connected to worker for "nx/js/dependencies-and-lockfile" (pid: 23684)
[NX v22.7.8 Daemon Server] - 2026-09-09T05:47:22.062Z - Time taken for 'start-plugin-worker:nx/js/dependencies-and-lockfile' 1345.661500000002ms
[plugin-worker] "nx/js/dependencies-and-lockfile" (pid: 23684) connected
[plugin-worker] "nx/core/package-json" (pid: 44492) listening on \\.\pipe\nx\C:\Users\DHRUVM~1\AppData\Local\Temp\plugin17832-13-99065.9723.sock
[1m[33mTime taken for 'plugin worker 44492 code loading' 452.04630000000003ms[39m[22m
[isolated-plugin] connected to worker for "nx/core/package-json" (pid: 44492)
[NX v22.7.8 Daemon Server] - 2026-09-09T05:47:22.216Z - Time taken for 'start-plugin-worker:nx/core/package-json' 744.1894999999931ms
[plugin-worker] "nx/core/package-json" (pid: 44492) connected
[plugin-worker] "nx/js/dependencies-and-lockfile" (pid: 23684) loaded successfully
[1m[33mTime taken for 'nx/js/dependencies-and-lockfile:createNodes' 5.83260000000007ms[39m[22m
[plugin-worker] "nx/core/project-json" (pid: 5100) listening on \\.\pipe\nx\C:\Users\DHRUVM~1\AppData\Local\Temp\plugin17832-14-99219.5684.sock
[1m[33mTime taken for 'plugin worker 5100 code loading' 410.5422ms[39m[22m
[isolated-plugin] connected to worker for "nx/core/project-json" (pid: 5100)
[NX v22.7.8 Daemon Server] - 2026-09-09T05:47:22.341Z - Time taken for 'start-plugin-worker:nx/core/project-json' 715.3494000000064ms
[plugin-worker] "nx/core/project-json" (pid: 5100) connected
[plugin-worker] "nx/core/package-json" (pid: 44492) loaded successfully
[1m[33mTime taken for 'nx/core/package-json:createNodes' 10.736300000000028ms[39m[22m
[isolated-plugin] shutting down worker for "nx/core/package-json" after createNodes
[plugin-worker] "nx/core/project-json" (pid: 5100) loaded successfully
[1m[33mTime taken for 'nx/core/project-json:createNodes' 1.0178999999999405ms[39m[22m
[isolated-plugin] shutting down worker for "nx/core/project-json" after createNodes
[NX v22.7.8 Daemon Server] - 2026-09-09T05:47:22.554Z - Time taken for 'build-project-configs' 1834.8483000000124ms
[NX v22.7.8 Daemon Server] - 2026-09-09T05:47:22.554Z - Time taken for 'createNodes:merge' 0.4703000000008615ms
[NX v22.7.8 Daemon Server] - 2026-09-09T05:47:22.554Z - Time taken for 'get-all-workspace-files' 0.03149999999732245ms
[1m[33mTime taken for 'build typescript dependencies' 1.7167000000000598ms[39m[22m
[isolated-plugin] shutting down worker for "nx/js/dependencies-and-lockfile" after createDependencies
[NX v22.7.8 Daemon Server] - 2026-09-09T05:47:22.563Z - [SYNC]: collect registered sync generators
[NX v22.7.8 Daemon Server] - 2026-09-09T05:47:22.563Z - [SYNC]: project graph hash is the same, not collecting task sync generators
[NX v22.7.8 Daemon Server] - 2026-09-09T05:47:22.563Z - [SYNC]: nx.json hash is the same, not collecting global sync generators
[NX v22.7.8 Daemon Server] - 2026-09-09T05:47:22.563Z - Serializing response for PROJECT_GRAPH_UPDATED message in json mode
[NX v22.7.8 Daemon Server] - 2026-09-09T05:47:22.564Z - Responding to PROJECT_GRAPH_UPDATED message
[NX v22.7.8 Daemon Server] - 2026-09-09T05:47:22.564Z - [REQUEST]: Responding to the client. Project graph updated
[NX v22.7.8 Daemon Server] - 2026-09-09T05:47:22.564Z - Time taken for 'total execution time for createProjectGraph()' 12.043900000004214ms
[NX v22.7.8 Daemon Server] - 2026-09-09T05:47:22.564Z - Time taken for 'createDependencies' 8.949499999987893ms
[NX v22.7.8 Daemon Server] - 2026-09-09T05:47:22.564Z - Time taken for 'nx/js/dependencies-and-lockfile:createDependencies' 8.859199999991688ms
[NX v22.7.8 Daemon Server] - 2026-09-09T05:47:22.564Z - Time taken for 'createMetadata' 0.0102000000042608ms
[NX v22.7.8 Daemon Server] - 2026-09-09T05:47:22.565Z - Time taken for 'serialize graph' 0.6111999999993714ms
[NX v22.7.8 Daemon Client] - 2026-09-09T05:47:22.567Z - [Messenger] Received message, length: 186503
[NX v22.7.8 Daemon Server] - 2026-09-09T05:47:22.567Z - Done responding to the client Project graph updated
[NX v22.7.8 Daemon Server] - 2026-09-09T05:47:22.567Z - Handled json message PROJECT_GRAPH_UPDATED. Handling time: 0. Response time: 4.
[NX v22.7.8 Daemon Server] - 2026-09-09T05:47:22.603Z - [WATCHER]: apps/portal/src/app/App.tsx was modified
[NX v22.7.8 Daemon Server] - 2026-09-09T05:47:22.604Z - [WATCHER]: File changes detected:
Created:
(none)
Updated:
  - apps/portal/src/app/App.tsx
Deleted:
(none)
[NX v22.7.8 Daemon Server] - 2026-09-09T05:47:22.604Z - [SYNC]: clearing sync generators cache due to file changes
[NX v22.7.8 Daemon Server] - 2026-09-09T05:47:22.604Z - [WATCHER]: Processing file changes in outputs
[NX v22.7.8 Daemon Server] - 2026-09-09T05:47:22.811Z - [REQUEST]: Updated workspace context based on watched changes, recomputing project graph...
[NX v22.7.8 Daemon Server] - 2026-09-09T05:47:22.811Z - [REQUEST]: apps/portal/src/app/App.tsx
[NX v22.7.8 Daemon Server] - 2026-09-09T05:47:22.811Z - [REQUEST]: 
[plugin-client] restarting worker for "nx/js/dependencies-and-lockfile"
[isolated-plugin] spawned worker for "nx/js/dependencies-and-lockfile" (pid: 34224, socket: \\.\pipe\nx\C:\Users\DHRUVM~1\AppData\Local\Temp\plugin17832-15-100406.899.sock)
[plugin-client] restarting worker for "nx/core/package-json"
[isolated-plugin] spawned worker for "nx/core/package-json" (pid: 12336, socket: \\.\pipe\nx\C:\Users\DHRUVM~1\AppData\Local\Temp\plugin17832-16-100698.8034.sock)
[plugin-client] restarting worker for "nx/core/project-json"
[NX v22.7.8 Daemon Client] - 2026-09-09T05:47:23.601Z - [Messenger] Sending message type: GET_CONTEXT_FILE_DATA
[NX v22.7.8 Daemon Client] - 2026-09-09T05:47:23.611Z - [Messenger] Message sent
[isolated-plugin] spawned worker for "nx/core/project-json" (pid: 40784, socket: \\.\pipe\nx\C:\Users\DHRUVM~1\AppData\Local\Temp\plugin17832-17-100981.2049.sock)
[NX v22.7.8 Daemon Server] - 2026-09-09T05:47:23.625Z - Established a connection. Number of open connections: 4
[NX v22.7.8 Daemon Server] - 2026-09-09T05:47:23.626Z - Received raw message of length 32
[NX v22.7.8 Daemon Server] - 2026-09-09T05:47:23.626Z - Received json message of type GET_CONTEXT_FILE_DATA
[NX v22.7.8 Daemon Server] - 2026-09-09T05:47:23.626Z - Serializing response for GET_CONTEXT_FILE_DATA message in json mode
[NX v22.7.8 Daemon Server] - 2026-09-09T05:47:23.626Z - Responding to GET_CONTEXT_FILE_DATA message
[NX v22.7.8 Daemon Server] - 2026-09-09T05:47:23.627Z - [REQUEST]: Responding to the client. handleContextFileData
[NX v22.7.8 Daemon Server] - 2026-09-09T05:47:23.627Z - Time taken for 'hash changed files from watcher' 0.7807999999931781ms
[NX v22.7.8 Daemon Server] - 2026-09-09T05:47:23.628Z - Closed a connection. Number of open connections: 3
[NX v22.7.8 Daemon Client] - 2026-09-09T05:47:23.629Z - [Messenger] Received message, length: 1505
[NX v22.7.8 Daemon Server] - 2026-09-09T05:47:23.633Z - Done responding to the client handleContextFileData
[NX v22.7.8 Daemon Server] - 2026-09-09T05:47:23.633Z - Handled json message GET_CONTEXT_FILE_DATA. Handling time: 0. Response time: 7.
[NX v22.7.8 Daemon Server] - 2026-09-09T05:47:23.684Z - Closed a connection. Number of open connections: 2
[NX v22.7.8 Daemon Client] - 2026-09-09T05:47:23.686Z - [ProjectGraphListener] Socket closed, triggering reconnection
[NX v22.7.8 Daemon Server] - 2026-09-09T05:47:23.700Z - Established a connection. Number of open connections: 3
[NX v22.7.8 Daemon Server] - 2026-09-09T05:47:23.700Z - Closed a connection. Number of open connections: 2
[NX v22.7.8 Daemon Server] - 2026-09-09T05:47:23.701Z - Established a connection. Number of open connections: 3
[NX v22.7.8 Daemon Client] - 2026-09-09T05:47:23.702Z - [Messenger] Setting up socket listeners
[NX v22.7.8 Daemon Client] - 2026-09-09T05:47:23.712Z - [Messenger] listen() complete
[plugin-worker] "nx/js/dependencies-and-lockfile" (pid: 34224) listening on \\.\pipe\nx\C:\Users\DHRUVM~1\AppData\Local\Temp\plugin17832-15-100406.899.sock
[isolated-plugin] connected to worker for "nx/js/dependencies-and-lockfile" (pid: 34224)
[1m[33mTime taken for 'plugin worker 34224 code loading' 480.94309999999996ms[39m[22m
[plugin-worker] "nx/js/dependencies-and-lockfile" (pid: 34224) connected
[NX v22.7.8 Daemon Server] - 2026-09-09T05:47:23.724Z - Time taken for 'start-plugin-worker:nx/js/dependencies-and-lockfile' 907.6034000000072ms
[NX v22.7.8 Daemon Client] - 2026-09-09T05:47:23.725Z - [Messenger] Sending message type: REGISTER_PROJECT_GRAPH_LISTENER
[NX v22.7.8 Daemon Client] - 2026-09-09T05:47:23.733Z - [Messenger] Message sent
[NX v22.7.8 Daemon Server] - 2026-09-09T05:47:23.740Z - Received raw message of length 42
[NX v22.7.8 Daemon Server] - 2026-09-09T05:47:23.741Z - Received json message of type REGISTER_PROJECT_GRAPH_LISTENER
[plugin-worker] "nx/js/dependencies-and-lockfile" (pid: 34224) loaded successfully
[plugin-worker] "nx/core/package-json" (pid: 12336) listening on \\.\pipe\nx\C:\Users\DHRUVM~1\AppData\Local\Temp\plugin17832-16-100698.8034.sock
[1m[33mTime taken for 'plugin worker 12336 code loading' 517.5188ms[39m[22m
[isolated-plugin] connected to worker for "nx/core/package-json" (pid: 12336)
[1m[33mTime taken for 'nx/js/dependencies-and-lockfile:createNodes' 7.713100000000054ms[39m[22m
[NX v22.7.8 Daemon Server] - 2026-09-09T05:47:24.047Z - Time taken for 'start-plugin-worker:nx/core/package-json' 940.7571000000025ms
[plugin-worker] "nx/core/package-json" (pid: 12336) connected
[plugin-worker] "nx/core/package-json" (pid: 12336) loaded successfully
[plugin-worker] "nx/core/project-json" (pid: 40784) listening on \\.\pipe\nx\C:\Users\DHRUVM~1\AppData\Local\Temp\plugin17832-17-100981.2049.sock
[1m[33mTime taken for 'plugin worker 40784 code loading' 576.2306ms[39m[22m
[isolated-plugin] connected to worker for "nx/core/project-json" (pid: 40784)
[NX v22.7.8 Daemon Server] - 2026-09-09T05:47:24.368Z - Time taken for 'start-plugin-worker:nx/core/project-json' 980.497199999998ms
[plugin-worker] "nx/core/project-json" (pid: 40784) connected
[1m[33mTime taken for 'nx/core/package-json:createNodes' 12.636600000000044ms[39m[22m
[isolated-plugin] shutting down worker for "nx/core/package-json" after createNodes
[plugin-worker] "nx/core/project-json" (pid: 40784) loaded successfully
[1m[33mTime taken for 'nx/core/project-json:createNodes' 1.2933000000000447ms[39m[22m
[isolated-plugin] shutting down worker for "nx/core/project-json" after createNodes
[NX v22.7.8 Daemon Server] - 2026-09-09T05:47:24.651Z - Time taken for 'build-project-configs' 1831.9585999999981ms
[NX v22.7.8 Daemon Server] - 2026-09-09T05:47:24.651Z - Time taken for 'createNodes:merge' 0.7413999999989755ms
[NX v22.7.8 Daemon Server] - 2026-09-09T05:47:24.651Z - Time taken for 'get-all-workspace-files' 0.04709999999613501ms
[1m[33mTime taken for 'build typescript dependencies' 2.5389999999999873ms[39m[22m
[isolated-plugin] shutting down worker for "nx/js/dependencies-and-lockfile" after createDependencies
[NX v22.7.8 Daemon Server] - 2026-09-09T05:47:24.669Z - [SYNC]: collect registered sync generators
[NX v22.7.8 Daemon Server] - 2026-09-09T05:47:24.670Z - [SYNC]: project graph hash is the same, not collecting task sync generators
[NX v22.7.8 Daemon Server] - 2026-09-09T05:47:24.671Z - [SYNC]: nx.json hash is the same, not collecting global sync generators
[NX v22.7.8 Daemon Server] - 2026-09-09T05:47:24.671Z - Serializing response for PROJECT_GRAPH_UPDATED message in json mode
[NX v22.7.8 Daemon Server] - 2026-09-09T05:47:24.672Z - Responding to PROJECT_GRAPH_UPDATED message
[NX v22.7.8 Daemon Server] - 2026-09-09T05:47:24.672Z - [REQUEST]: Responding to the client. Project graph updated
[NX v22.7.8 Daemon Server] - 2026-09-09T05:47:24.673Z - Time taken for 'total execution time for createProjectGraph()' 23.556700000001ms
[NX v22.7.8 Daemon Server] - 2026-09-09T05:47:24.673Z - Time taken for 'createDependencies' 18.218800000002375ms
[NX v22.7.8 Daemon Server] - 2026-09-09T05:47:24.674Z - Time taken for 'nx/js/dependencies-and-lockfile:createDependencies' 17.87279999999737ms
[NX v22.7.8 Daemon Server] - 2026-09-09T05:47:24.674Z - Time taken for 'createMetadata' 0.020300000003771856ms
[NX v22.7.8 Daemon Server] - 2026-09-09T05:47:24.674Z - Time taken for 'serialize graph' 1.0855000000010477ms
[NX v22.7.8 Daemon Server] - 2026-09-09T05:47:24.674Z - Done responding to the client Project graph updated
[NX v22.7.8 Daemon Server] - 2026-09-09T05:47:24.674Z - Handled json message PROJECT_GRAPH_UPDATED. Handling time: 0. Response time: 3.
[NX v22.7.8 Daemon Client] - 2026-09-09T05:47:24.676Z - [Messenger] Received message, length: 186503
[NX v22.7.8 Daemon Server] - 2026-09-09T05:47:25.705Z - Established a connection. Number of open connections: 4
[NX v22.7.8 Daemon Server] - 2026-09-09T05:47:25.705Z - Closed a connection. Number of open connections: 3
[NX v22.7.8 Daemon Client] - 2026-09-09T05:47:25.706Z - [Messenger] Sending message type: GET_CONTEXT_FILE_DATA
[NX v22.7.8 Daemon Client] - 2026-09-09T05:47:25.719Z - [Messenger] Message sent
[NX v22.7.8 Daemon Server] - 2026-09-09T05:47:25.728Z - Received raw message of length 32
[NX v22.7.8 Daemon Server] - 2026-09-09T05:47:25.728Z - Received json message of type GET_CONTEXT_FILE_DATA
[NX v22.7.8 Daemon Server] - 2026-09-09T05:47:25.729Z - Serializing response for GET_CONTEXT_FILE_DATA message in json mode
[NX v22.7.8 Daemon Server] - 2026-09-09T05:47:25.729Z - Responding to GET_CONTEXT_FILE_DATA message
[NX v22.7.8 Daemon Server] - 2026-09-09T05:47:25.729Z - [REQUEST]: Responding to the client. handleContextFileData
[NX v22.7.8 Daemon Client] - 2026-09-09T05:47:25.731Z - [Messenger] Received message, length: 1505
[NX v22.7.8 Daemon Server] - 2026-09-09T05:47:25.732Z - Done responding to the client handleContextFileData
[NX v22.7.8 Daemon Server] - 2026-09-09T05:47:25.732Z - Handled json message GET_CONTEXT_FILE_DATA. Handling time: 0. Response time: 3.
[NX v22.7.8 Daemon Server] - 2026-09-09T05:47:25.766Z - Closed a connection. Number of open connections: 2
[NX v22.7.8 Daemon Client] - 2026-09-09T05:47:25.768Z - [ProjectGraphListener] Socket closed, triggering reconnection
[NX v22.7.8 Daemon Server] - 2026-09-09T05:47:25.777Z - Established a connection. Number of open connections: 3
[NX v22.7.8 Daemon Server] - 2026-09-09T05:47:25.777Z - Closed a connection. Number of open connections: 2
[NX v22.7.8 Daemon Client] - 2026-09-09T05:47:25.779Z - [Messenger] Setting up socket listeners
[NX v22.7.8 Daemon Server] - 2026-09-09T05:47:25.779Z - Established a connection. Number of open connections: 3
[NX v22.7.8 Daemon Client] - 2026-09-09T05:47:25.788Z - [Messenger] listen() complete
[NX v22.7.8 Daemon Client] - 2026-09-09T05:47:25.796Z - [Messenger] Sending message type: REGISTER_PROJECT_GRAPH_LISTENER
[NX v22.7.8 Daemon Client] - 2026-09-09T05:47:25.804Z - [Messenger] Message sent
[NX v22.7.8 Daemon Server] - 2026-09-09T05:47:25.811Z - Received raw message of length 42
[NX v22.7.8 Daemon Server] - 2026-09-09T05:47:25.811Z - Received json message of type REGISTER_PROJECT_GRAPH_LISTENER
[NX v22.7.8 Daemon Server] - 2026-09-09T05:47:34.896Z - [WATCHER]: apps/portal/src/app/App.tsx was modified
[NX v22.7.8 Daemon Server] - 2026-09-09T05:47:34.896Z - [WATCHER]: File changes detected:
Created:
(none)
Updated:
  - apps/portal/src/app/App.tsx
Deleted:
(none)
[NX v22.7.8 Daemon Server] - 2026-09-09T05:47:34.896Z - [SYNC]: clearing sync generators cache due to file changes
[NX v22.7.8 Daemon Server] - 2026-09-09T05:47:34.896Z - [WATCHER]: Processing file changes in outputs
[NX v22.7.8 Daemon Server] - 2026-09-09T05:47:35.307Z - [REQUEST]: Updated workspace context based on watched changes, recomputing project graph...
[NX v22.7.8 Daemon Server] - 2026-09-09T05:47:35.307Z - [REQUEST]: apps/portal/src/app/App.tsx
[NX v22.7.8 Daemon Server] - 2026-09-09T05:47:35.307Z - [REQUEST]: 
[plugin-client] restarting worker for "nx/js/dependencies-and-lockfile"
[isolated-plugin] spawned worker for "nx/js/dependencies-and-lockfile" (pid: 15308, socket: \\.\pipe\nx\C:\Users\DHRUVM~1\AppData\Local\Temp\plugin17832-18-112902.989.sock)
[plugin-client] restarting worker for "nx/core/package-json"
[isolated-plugin] spawned worker for "nx/core/package-json" (pid: 11104, socket: \\.\pipe\nx\C:\Users\DHRUVM~1\AppData\Local\Temp\plugin17832-19-113095.0097.sock)
[plugin-client] restarting worker for "nx/core/project-json"
[isolated-plugin] spawned worker for "nx/core/project-json" (pid: 41748, socket: \\.\pipe\nx\C:\Users\DHRUVM~1\AppData\Local\Temp\plugin17832-20-113332.8747.sock)
[NX v22.7.8 Daemon Server] - 2026-09-09T05:47:35.983Z - Time taken for 'hash changed files from watcher' 0.6739000000088708ms
[plugin-worker] "nx/js/dependencies-and-lockfile" (pid: 15308) listening on \\.\pipe\nx\C:\Users\DHRUVM~1\AppData\Local\Temp\plugin17832-18-112902.989.sock
[1m[33mTime taken for 'plugin worker 15308 code loading' 411.8442ms[39m[22m
[isolated-plugin] connected to worker for "nx/js/dependencies-and-lockfile" (pid: 15308)
[NX v22.7.8 Daemon Server] - 2026-09-09T05:47:36.057Z - Time taken for 'start-plugin-worker:nx/js/dependencies-and-lockfile' 747.7566000000079ms
[plugin-worker] "nx/js/dependencies-and-lockfile" (pid: 15308) connected
[plugin-worker] "nx/core/package-json" (pid: 11104) listening on \\.\pipe\nx\C:\Users\DHRUVM~1\AppData\Local\Temp\plugin17832-19-113095.0097.sock
[1m[33mTime taken for 'plugin worker 11104 code loading' 463.2269ms[39m[22m
[plugin-worker] "nx/js/dependencies-and-lockfile" (pid: 15308) loaded successfully
[isolated-plugin] connected to worker for "nx/core/package-json" (pid: 11104)
[plugin-worker] "nx/core/package-json" (pid: 11104) connected
[NX v22.7.8 Daemon Server] - 2026-09-09T05:47:36.337Z - Time taken for 'start-plugin-worker:nx/core/package-json' 835.631400000013ms
[1m[33mTime taken for 'nx/js/dependencies-and-lockfile:createNodes' 7.702599999999961ms[39m[22m
[plugin-worker] "nx/core/package-json" (pid: 11104) loaded successfully
[1m[33mTime taken for 'nx/core/package-json:createNodes' 9.050399999999968ms[39m[22m
[isolated-plugin] shutting down worker for "nx/core/package-json" after createNodes
[plugin-worker] "nx/core/project-json" (pid: 41748) listening on \\.\pipe\nx\C:\Users\DHRUVM~1\AppData\Local\Temp\plugin17832-20-113332.8747.sock
[isolated-plugin] connected to worker for "nx/core/project-json" (pid: 41748)
[1m[33mTime taken for 'plugin worker 41748 code loading' 466.66470000000004ms[39m[22m
[plugin-worker] "nx/core/project-json" (pid: 41748) connected
[NX v22.7.8 Daemon Server] - 2026-09-09T05:47:36.606Z - Time taken for 'start-plugin-worker:nx/core/project-json' 866.6462000000029ms
[plugin-worker] "nx/core/project-json" (pid: 41748) loaded successfully
[1m[33mTime taken for 'nx/core/project-json:createNodes' 1.2087000000000216ms[39m[22m
[isolated-plugin] shutting down worker for "nx/core/project-json" after createNodes
[NX v22.7.8 Daemon Server] - 2026-09-09T05:47:36.845Z - Time taken for 'build-project-configs' 1526.9458999999915ms
[NX v22.7.8 Daemon Server] - 2026-09-09T05:47:36.845Z - Time taken for 'createNodes:merge' 0.7361999999993714ms
[NX v22.7.8 Daemon Server] - 2026-09-09T05:47:36.845Z - Time taken for 'get-all-workspace-files' 0.08090000000083819ms
[1m[33mTime taken for 'build typescript dependencies' 0.1793999999999869ms[39m[22m
[isolated-plugin] shutting down worker for "nx/js/dependencies-and-lockfile" after createDependencies
[NX v22.7.8 Daemon Server] - 2026-09-09T05:47:36.857Z - [SYNC]: collect registered sync generators
[NX v22.7.8 Daemon Server] - 2026-09-09T05:47:36.859Z - [SYNC]: project graph hash is the same, not collecting task sync generators
[NX v22.7.8 Daemon Server] - 2026-09-09T05:47:36.859Z - [SYNC]: nx.json hash is the same, not collecting global sync generators
[NX v22.7.8 Daemon Server] - 2026-09-09T05:47:36.859Z - Serializing response for PROJECT_GRAPH_UPDATED message in json mode
[NX v22.7.8 Daemon Server] - 2026-09-09T05:47:36.861Z - Responding to PROJECT_GRAPH_UPDATED message
[NX v22.7.8 Daemon Server] - 2026-09-09T05:47:36.861Z - [REQUEST]: Responding to the client. Project graph updated
[NX v22.7.8 Daemon Server] - 2026-09-09T05:47:36.862Z - Time taken for 'total execution time for createProjectGraph()' 19.730999999999767ms
[NX v22.7.8 Daemon Server] - 2026-09-09T05:47:36.862Z - Time taken for 'createDependencies' 12.679900000002817ms
[NX v22.7.8 Daemon Server] - 2026-09-09T05:47:36.862Z - Time taken for 'nx/js/dependencies-and-lockfile:createDependencies' 12.317399999999907ms
[NX v22.7.8 Daemon Server] - 2026-09-09T05:47:36.862Z - Time taken for 'createMetadata' 0.05859999998938292ms
[NX v22.7.8 Daemon Server] - 2026-09-09T05:47:36.862Z - Time taken for 'serialize graph' 1.7417999999888707ms
[NX v22.7.8 Daemon Server] - 2026-09-09T05:47:36.863Z - Done responding to the client Project graph updated
[NX v22.7.8 Daemon Server] - 2026-09-09T05:47:36.863Z - Handled json message PROJECT_GRAPH_UPDATED. Handling time: 0. Response time: 4.
[NX v22.7.8 Daemon Client] - 2026-09-09T05:47:36.865Z - [Messenger] Received message, length: 186503
[NX v22.7.8 Daemon Server] - 2026-09-09T05:47:37.902Z - Established a connection. Number of open connections: 4
[NX v22.7.8 Daemon Server] - 2026-09-09T05:47:37.903Z - Closed a connection. Number of open connections: 3
[NX v22.7.8 Daemon Client] - 2026-09-09T05:47:37.904Z - [Messenger] Sending message type: GET_CONTEXT_FILE_DATA
[NX v22.7.8 Daemon Client] - 2026-09-09T05:47:37.917Z - [Messenger] Message sent
[NX v22.7.8 Daemon Server] - 2026-09-09T05:47:37.927Z - Received raw message of length 32
[NX v22.7.8 Daemon Server] - 2026-09-09T05:47:37.927Z - Received json message of type GET_CONTEXT_FILE_DATA
[NX v22.7.8 Daemon Server] - 2026-09-09T05:47:37.928Z - Serializing response for GET_CONTEXT_FILE_DATA message in json mode
[NX v22.7.8 Daemon Server] - 2026-09-09T05:47:37.928Z - Responding to GET_CONTEXT_FILE_DATA message
[NX v22.7.8 Daemon Server] - 2026-09-09T05:47:37.928Z - [REQUEST]: Responding to the client. handleContextFileData
[NX v22.7.8 Daemon Server] - 2026-09-09T05:47:37.928Z - Done responding to the client handleContextFileData
[NX v22.7.8 Daemon Server] - 2026-09-09T05:47:37.928Z - Handled json message GET_CONTEXT_FILE_DATA. Handling time: 1. Response time: 0.
[NX v22.7.8 Daemon Client] - 2026-09-09T05:47:37.930Z - [Messenger] Received message, length: 1505
[NX v22.7.8 Daemon Server] - 2026-09-09T05:47:37.978Z - Closed a connection. Number of open connections: 2
[NX v22.7.8 Daemon Client] - 2026-09-09T05:47:37.980Z - [ProjectGraphListener] Socket closed, triggering reconnection
[NX v22.7.8 Daemon Server] - 2026-09-09T05:47:37.996Z - Established a connection. Number of open connections: 3
[NX v22.7.8 Daemon Server] - 2026-09-09T05:47:37.997Z - Closed a connection. Number of open connections: 2
[NX v22.7.8 Daemon Client] - 2026-09-09T05:47:37.999Z - [Messenger] Setting up socket listeners
[NX v22.7.8 Daemon Server] - 2026-09-09T05:47:37.997Z - Established a connection. Number of open connections: 3
[NX v22.7.8 Daemon Client] - 2026-09-09T05:47:38.009Z - [Messenger] listen() complete
[NX v22.7.8 Daemon Client] - 2026-09-09T05:47:38.018Z - [Messenger] Sending message type: REGISTER_PROJECT_GRAPH_LISTENER
[NX v22.7.8 Daemon Client] - 2026-09-09T05:47:38.027Z - [Messenger] Message sent
[NX v22.7.8 Daemon Server] - 2026-09-09T05:47:38.036Z - Received raw message of length 42
[NX v22.7.8 Daemon Server] - 2026-09-09T05:47:38.037Z - Received json message of type REGISTER_PROJECT_GRAPH_LISTENER
[NX v22.7.8 Daemon Client] - 2026-09-09T05:48:40.679Z - [Messenger] Sending message type: GET_CONFIGURE_AI_AGENTS_STATUS
[NX v22.7.8 Daemon Client] - 2026-09-09T05:48:40.690Z - [Messenger] Message sent
[NX v22.7.8 Daemon Server] - 2026-09-09T05:48:40.697Z - Received raw message of length 41
[NX v22.7.8 Daemon Server] - 2026-09-09T05:48:40.698Z - Received json message of type GET_CONFIGURE_AI_AGENTS_STATUS
[NX v22.7.8 Daemon Server] - 2026-09-09T05:48:40.698Z - [AI-AGENTS]: Returning cached agent configuration status
[NX v22.7.8 Daemon Server] - 2026-09-09T05:48:40.698Z - Serializing response for GET_CONFIGURE_AI_AGENTS_STATUS message in json mode
[NX v22.7.8 Daemon Server] - 2026-09-09T05:48:40.698Z - Responding to GET_CONFIGURE_AI_AGENTS_STATUS message
[NX v22.7.8 Daemon Server] - 2026-09-09T05:48:40.698Z - [REQUEST]: Responding to the client. handleGetConfigureAiAgentsStatus
[NX v22.7.8 Daemon Server] - 2026-09-09T05:48:40.698Z - Done responding to the client handleGetConfigureAiAgentsStatus
[NX v22.7.8 Daemon Server] - 2026-09-09T05:48:40.699Z - Handled json message GET_CONFIGURE_AI_AGENTS_STATUS. Handling time: 0. Response time: 1.
[NX v22.7.8 Daemon Client] - 2026-09-09T05:48:40.700Z - [Messenger] Received message, length: 104
[NX v22.7.8 Daemon Server] - 2026-09-09T05:59:26.070Z - Closed a connection. Number of open connections: 2
[NX v22.7.8 Daemon Client] - 2026-09-09T05:59:26.071Z - [ProjectGraphListener] Socket closed, triggering reconnection
[NX v22.7.8 Daemon Client] - 2026-09-09T05:59:26.291Z - [Messenger] Sending message type: RECORD_TASK_RUNS
[NX v22.7.8 Daemon Client] - 2026-09-09T05:59:26.300Z - [Messenger] Message sent
[NX v22.7.8 Daemon Server] - 2026-09-09T05:59:26.318Z - Received raw message of length 207
[NX v22.7.8 Daemon Server] - 2026-09-09T05:59:26.318Z - Received json message of type RECORD_TASK_RUNS
[NX v22.7.8 Daemon Server] - 2026-09-09T05:59:26.321Z - Serializing response for RECORD_TASK_RUNS message in json mode
[NX v22.7.8 Daemon Server] - 2026-09-09T05:59:26.321Z - Responding to RECORD_TASK_RUNS message
[NX v22.7.8 Daemon Server] - 2026-09-09T05:59:26.321Z - [REQUEST]: Responding to the client. handleRecordTaskRuns
[NX v22.7.8 Daemon Server] - 2026-09-09T05:59:26.322Z - Done responding to the client handleRecordTaskRuns
[NX v22.7.8 Daemon Server] - 2026-09-09T05:59:26.322Z - Handled json message RECORD_TASK_RUNS. Handling time: 2. Response time: 1.
[NX v22.7.8 Daemon Client] - 2026-09-09T05:59:26.330Z - [Messenger] Received message, length: 4
[NX v22.7.8 Daemon Server] - 2026-09-09T05:59:26.342Z - Established a connection. Number of open connections: 3
[NX v22.7.8 Daemon Server] - 2026-09-09T05:59:26.343Z - Closed a connection. Number of open connections: 2
[NX v22.7.8 Daemon Client] - 2026-09-09T05:59:26.344Z - [Messenger] Sending message type: GET_CONFIGURE_AI_AGENTS_STATUS
[NX v22.7.8 Daemon Client] - 2026-09-09T05:59:26.355Z - [Messenger] Message sent
[NX v22.7.8 Daemon Server] - 2026-09-09T05:59:26.363Z - Received raw message of length 41
[NX v22.7.8 Daemon Server] - 2026-09-09T05:59:26.363Z - Received json message of type GET_CONFIGURE_AI_AGENTS_STATUS
[NX v22.7.8 Daemon Server] - 2026-09-09T05:59:26.364Z - [AI-AGENTS]: Returning cached agent configuration status
[NX v22.7.8 Daemon Server] - 2026-09-09T05:59:26.364Z - Serializing response for GET_CONFIGURE_AI_AGENTS_STATUS message in json mode
[NX v22.7.8 Daemon Server] - 2026-09-09T05:59:26.365Z - Responding to GET_CONFIGURE_AI_AGENTS_STATUS message
[NX v22.7.8 Daemon Server] - 2026-09-09T05:59:26.365Z - [REQUEST]: Responding to the client. handleGetConfigureAiAgentsStatus
[NX v22.7.8 Daemon Server] - 2026-09-09T05:59:26.365Z - Done responding to the client handleGetConfigureAiAgentsStatus
[NX v22.7.8 Daemon Server] - 2026-09-09T05:59:26.365Z - Handled json message GET_CONFIGURE_AI_AGENTS_STATUS. Handling time: 0. Response time: 1.
[NX v22.7.8 Daemon Client] - 2026-09-09T05:59:26.366Z - [Messenger] Received message, length: 104
[NX v22.7.8 Daemon Client] - 2026-09-09T05:59:26.376Z - [Messenger] Sending message type: POST_TASKS_EXECUTION
[NX v22.7.8 Daemon Client] - 2026-09-09T05:59:26.388Z - [Messenger] Message sent
[NX v22.7.8 Daemon Server] - 2026-09-09T05:59:26.397Z - Received raw message of length 20814
[NX v22.7.8 Daemon Server] - 2026-09-09T05:59:26.398Z - Received json message of type POST_TASKS_EXECUTION
[NX v22.7.8 Daemon Server] - 2026-09-09T05:59:26.401Z - Serializing response for POST_TASKS_EXECUTION message in json mode
[NX v22.7.8 Daemon Server] - 2026-09-09T05:59:26.401Z - Responding to POST_TASKS_EXECUTION message
[NX v22.7.8 Daemon Server] - 2026-09-09T05:59:26.401Z - [REQUEST]: Responding to the client. handleRunPostTasksExecution
[NX v22.7.8 Daemon Server] - 2026-09-09T05:59:26.401Z - Time taken for 'postTasksExecution' 1.6877000000094995ms
[NX v22.7.8 Daemon Client] - 2026-09-09T05:59:26.402Z - [Messenger] Received message, length: 4
[NX v22.7.8 Daemon Server] - 2026-09-09T05:59:26.406Z - Done responding to the client handleRunPostTasksExecution
[NX v22.7.8 Daemon Server] - 2026-09-09T05:59:26.406Z - Handled json message POST_TASKS_EXECUTION. Handling time: 3. Response time: 5.
[NX v22.7.8 Daemon Server] - 2026-09-09T05:59:26.439Z - Closed a connection. Number of open connections: 1
[NX v22.7.8 Daemon Server] - 2026-09-09T05:59:30.241Z - Closed a connection. Number of open connections: 0
[NX v22.7.8 Daemon Server] - 2026-09-09T06:00:27.823Z - Established a connection. Number of open connections: 1
[NX v22.7.8 Daemon Server] - 2026-09-09T06:00:27.824Z - Closed a connection. Number of open connections: 0
[NX v22.7.8 Daemon Client] - 2026-09-09T06:00:27.827Z - [Messenger] Setting up socket listeners
[NX v22.7.8 Daemon Server] - 2026-09-09T06:00:27.828Z - Established a connection. Number of open connections: 1
[NX v22.7.8 Daemon Server] - 2026-09-09T06:00:27.828Z - Established a connection. Number of open connections: 2
[NX v22.7.8 Daemon Server] - 2026-09-09T06:00:27.829Z - Closed a connection. Number of open connections: 1
[NX v22.7.8 Daemon Client] - 2026-09-09T06:00:27.837Z - [Messenger] listen() complete
[NX v22.7.8 Daemon Client] - 2026-09-09T06:00:28.986Z - [Messenger] Sending message type: REQUEST_PROJECT_GRAPH
[NX v22.7.8 Daemon Client] - 2026-09-09T06:00:28.994Z - [Messenger] Message sent
[NX v22.7.8 Daemon Server] - 2026-09-09T06:00:29.008Z - Received raw message of length 3848
[NX v22.7.8 Daemon Server] - 2026-09-09T06:00:29.009Z - Received json message of type REQUEST_PROJECT_GRAPH
[NX v22.7.8 Daemon Server] - 2026-09-09T06:00:29.009Z - Refreshing env var CHROME_CRASHPAD_PIPE_NAME from client connection.
[NX v22.7.8 Daemon Server] - 2026-09-09T06:00:29.009Z - Refreshing env var MXC_BIN_DIR from client connection.
[NX v22.7.8 Daemon Server] - 2026-09-09T06:00:29.010Z - Refreshing env var Path from client connection.
[NX v22.7.8 Daemon Server] - 2026-09-09T06:00:29.010Z - Refreshing env var PATHEXT from client connection.
[NX v22.7.8 Daemon Server] - 2026-09-09T06:00:29.010Z - Refreshing env var PSModulePath from client connection.
[NX v22.7.8 Daemon Server] - 2026-09-09T06:00:29.010Z - Refreshing env var WT_SESSION from client connection.
[NX v22.7.8 Daemon Server] - 2026-09-09T06:00:29.010Z - Graph recompute necessary due to env variable refresh
[NX v22.7.8 Daemon Server] - 2026-09-09T06:00:29.012Z - [REQUEST]: Client Request for Project Graph Received
[NX v22.7.8 Daemon Server] - 2026-09-09T06:00:29.014Z - [REQUEST]: Updated workspace context based on watched changes, recomputing project graph...
[NX v22.7.8 Daemon Server] - 2026-09-09T06:00:29.014Z - [REQUEST]: 
[NX v22.7.8 Daemon Server] - 2026-09-09T06:00:29.014Z - [REQUEST]: 
[NX v22.7.8 Daemon Server] - 2026-09-09T06:00:29.016Z - No files changed, but no in-memory cached project graph found. Recomputing it...
[NX v22.7.8 Daemon Server] - 2026-09-09T06:00:29.016Z - Streaming message to client: progress update for topic graph-construction
[NX v22.7.8 Daemon Client] - 2026-09-09T06:00:29.017Z - [Messenger] Received message, length: 47
[plugin-client] restarting worker for "nx/js/dependencies-and-lockfile"
[isolated-plugin] spawned worker for "nx/js/dependencies-and-lockfile" (pid: 29304, socket: \\.\pipe\nx\C:\Users\DHRUVM~1\AppData\Local\Temp\plugin17832-21-886611.2537.sock)
[plugin-client] restarting worker for "nx/core/package-json"
[isolated-plugin] spawned worker for "nx/core/package-json" (pid: 28048, socket: \\.\pipe\nx\C:\Users\DHRUVM~1\AppData\Local\Temp\plugin17832-22-886888.9334.sock)
[plugin-client] restarting worker for "nx/core/project-json"
[isolated-plugin] spawned worker for "nx/core/project-json" (pid: 31432, socket: \\.\pipe\nx\C:\Users\DHRUVM~1\AppData\Local\Temp\plugin17832-23-887162.5286.sock)
[NX v22.7.8 Daemon Server] - 2026-09-09T06:00:29.846Z - Time taken for 'hash changed files from watcher' 0.13809999998193234ms
[isolated-plugin] connected to worker for "nx/js/dependencies-and-lockfile" (pid: 29304)
[plugin-worker] "nx/js/dependencies-and-lockfile" (pid: 29304) listening on \\.\pipe\nx\C:\Users\DHRUVM~1\AppData\Local\Temp\plugin17832-21-886611.2537.sock
[1m[33mTime taken for 'plugin worker 29304 code loading' 406.1621ms[39m[22m
[NX v22.7.8 Daemon Server] - 2026-09-09T06:00:29.853Z - Time taken for 'start-plugin-worker:nx/js/dependencies-and-lockfile' 834.5047999999952ms
[plugin-worker] "nx/js/dependencies-and-lockfile" (pid: 29304) connected
[plugin-worker] "nx/core/package-json" (pid: 28048) listening on \\.\pipe\nx\C:\Users\DHRUVM~1\AppData\Local\Temp\plugin17832-22-886888.9334.sock
[1m[33mTime taken for 'plugin worker 28048 code loading' 401.94289999999995ms[39m[22m
[isolated-plugin] connected to worker for "nx/core/package-json" (pid: 28048)
[NX v22.7.8 Daemon Server] - 2026-09-09T06:00:30.098Z - Time taken for 'start-plugin-worker:nx/core/package-json' 802.1589999999851ms
[plugin-worker] "nx/core/package-json" (pid: 28048) connected
[plugin-worker] "nx/js/dependencies-and-lockfile" (pid: 29304) loaded successfully
[1m[33mTime taken for 'nx/js/dependencies-and-lockfile:createNodes' 5.8352000000001ms[39m[22m
[NX v22.7.8 Daemon Server] - 2026-09-09T06:00:30.113Z - Streaming message to client: progress update for topic graph-construction
[NX v22.7.8 Daemon Client] - 2026-09-09T06:00:30.114Z - [Messenger] Received message, length: 142
[plugin-worker] "nx/core/package-json" (pid: 28048) loaded successfully
[1m[33mTime taken for 'nx/core/package-json:createNodes' 6.620300000000043ms[39m[22m
[isolated-plugin] shutting down worker for "nx/core/package-json" after createNodes
[NX v22.7.8 Daemon Server] - 2026-09-09T06:00:30.283Z - Streaming message to client: progress update for topic graph-construction
[NX v22.7.8 Daemon Client] - 2026-09-09T06:00:30.284Z - [Messenger] Received message, length: 101
[plugin-worker] "nx/core/project-json" (pid: 31432) listening on \\.\pipe\nx\C:\Users\DHRUVM~1\AppData\Local\Temp\plugin17832-23-887162.5286.sock
[1m[33mTime taken for 'plugin worker 31432 code loading' 364.32550000000003ms[39m[22m
[isolated-plugin] connected to worker for "nx/core/project-json" (pid: 31432)
[NX v22.7.8 Daemon Server] - 2026-09-09T06:00:30.346Z - Time taken for 'start-plugin-worker:nx/core/project-json' 776.9138999999268ms
[plugin-worker] "nx/core/project-json" (pid: 31432) connected
[plugin-worker] "nx/core/project-json" (pid: 31432) loaded successfully
[1m[33mTime taken for 'nx/core/project-json:createNodes' 1.036299999999983ms[39m[22m
[isolated-plugin] shutting down worker for "nx/core/project-json" after createNodes
[NX v22.7.8 Daemon Server] - 2026-09-09T06:00:30.549Z - Streaming message to client: progress update for topic graph-construction
[NX v22.7.8 Daemon Client] - 2026-09-09T06:00:30.550Z - [Messenger] Received message, length: 47
[NX v22.7.8 Daemon Server] - 2026-09-09T06:00:30.563Z - Streaming message to client: progress update for topic graph-construction
[NX v22.7.8 Daemon Server] - 2026-09-09T06:00:30.564Z - Time taken for 'build-project-configs' 1535.9322000000393ms
[NX v22.7.8 Daemon Server] - 2026-09-09T06:00:30.565Z - Time taken for 'createNodes:merge' 1.8153000000165775ms
[NX v22.7.8 Daemon Server] - 2026-09-09T06:00:30.565Z - Time taken for 'get-all-workspace-files' 0.09159999992698431ms
[NX v22.7.8 Daemon Client] - 2026-09-09T06:00:30.570Z - [Messenger] Received message, length: 47
[1m[33mTime taken for 'build typescript dependencies' 0.2479000000000724ms[39m[22m
[isolated-plugin] shutting down worker for "nx/js/dependencies-and-lockfile" after createDependencies
[NX v22.7.8 Daemon Server] - 2026-09-09T06:00:30.579Z - Streaming message to client: progress update for topic graph-construction
[NX v22.7.8 Daemon Client] - 2026-09-09T06:00:30.581Z - [Messenger] Received message, length: 47
[NX v22.7.8 Daemon Server] - 2026-09-09T06:00:30.660Z - Wrote project graph cache to c:\Users\DhruvMehta\OneDrive - OmneNest Technologies Pvt Ltd\Desktop\productization-poc\.nx\workspace-data\project-graph.json
[NX v22.7.8 Daemon Server] - 2026-09-09T06:00:30.661Z - Serializing response for REQUEST_PROJECT_GRAPH message in json mode
[NX v22.7.8 Daemon Server] - 2026-09-09T06:00:30.661Z - Responding to REQUEST_PROJECT_GRAPH message
[NX v22.7.8 Daemon Server] - 2026-09-09T06:00:30.662Z - [REQUEST]: Responding to the client. project-graph
[NX v22.7.8 Daemon Server] - 2026-09-09T06:00:30.662Z - Time taken for 'total for creating and serializing project graph' 1649.340599999996ms
[NX v22.7.8 Daemon Server] - 2026-09-09T06:00:30.662Z - Time taken for 'total execution time for createProjectGraph()' 29.71530000003986ms
[NX v22.7.8 Daemon Server] - 2026-09-09T06:00:30.662Z - Time taken for 'createDependencies' 19.332200000062585ms
[NX v22.7.8 Daemon Server] - 2026-09-09T06:00:30.662Z - Time taken for 'nx/js/dependencies-and-lockfile:createDependencies' 18.661199999973178ms
[NX v22.7.8 Daemon Server] - 2026-09-09T06:00:30.662Z - Time taken for 'createMetadata' 0.03300000005401671ms
[NX v22.7.8 Daemon Server] - 2026-09-09T06:00:30.663Z - Time taken for 'serialize graph' 1.648700000019744ms
[NX v22.7.8 Daemon Server] - 2026-09-09T06:00:30.663Z - Time taken for 'write cache' 75.99910000001546ms
[NX v22.7.8 Daemon Server] - 2026-09-09T06:00:30.668Z - Done responding to the client project-graph
[NX v22.7.8 Daemon Server] - 2026-09-09T06:00:30.668Z - Handled json message REQUEST_PROJECT_GRAPH. Handling time: 1649. Response time: 7.
[NX v22.7.8 Daemon Client] - 2026-09-09T06:00:30.669Z - [Messenger] Received message, length: 186510
[NX v22.7.8 Daemon Client] - 2026-09-09T06:00:30.681Z - [Messenger] Sending message type: GET_CONTEXT_FILE_DATA
[NX v22.7.8 Daemon Client] - 2026-09-09T06:00:30.691Z - [Messenger] Message sent
[NX v22.7.8 Daemon Server] - 2026-09-09T06:00:30.701Z - Received raw message of length 32
[NX v22.7.8 Daemon Server] - 2026-09-09T06:00:30.702Z - Received json message of type GET_CONTEXT_FILE_DATA
[NX v22.7.8 Daemon Server] - 2026-09-09T06:00:30.703Z - Serializing response for GET_CONTEXT_FILE_DATA message in json mode
[NX v22.7.8 Daemon Server] - 2026-09-09T06:00:30.703Z - Responding to GET_CONTEXT_FILE_DATA message
[NX v22.7.8 Daemon Server] - 2026-09-09T06:00:30.703Z - [REQUEST]: Responding to the client. handleContextFileData
[NX v22.7.8 Daemon Server] - 2026-09-09T06:00:30.703Z - Done responding to the client handleContextFileData
[NX v22.7.8 Daemon Server] - 2026-09-09T06:00:30.703Z - Handled json message GET_CONTEXT_FILE_DATA. Handling time: 1. Response time: 0.
[NX v22.7.8 Daemon Client] - 2026-09-09T06:00:30.704Z - [Messenger] Received message, length: 1505
[NX v22.7.8 Daemon Server] - 2026-09-09T06:00:30.761Z - Established a connection. Number of open connections: 2
[NX v22.7.8 Daemon Server] - 2026-09-09T06:00:30.761Z - Closed a connection. Number of open connections: 1
[NX v22.7.8 Daemon Client] - 2026-09-09T06:00:30.762Z - [Messenger] Setting up socket listeners
[NX v22.7.8 Daemon Server] - 2026-09-09T06:00:30.766Z - Established a connection. Number of open connections: 2
[NX v22.7.8 Daemon Client] - 2026-09-09T06:00:30.772Z - [Messenger] listen() complete
[NX v22.7.8 Daemon Client] - 2026-09-09T06:00:30.780Z - [Messenger] Sending message type: REGISTER_PROJECT_GRAPH_LISTENER
[NX v22.7.8 Daemon Client] - 2026-09-09T06:00:30.789Z - [Messenger] Message sent
[NX v22.7.8 Daemon Server] - 2026-09-09T06:00:30.799Z - Received raw message of length 42
[NX v22.7.8 Daemon Server] - 2026-09-09T06:00:30.800Z - Received json message of type REGISTER_PROJECT_GRAPH_LISTENER
[NX v22.7.8 Daemon Server] - 2026-09-09T06:01:06.064Z - [WATCHER]: .gitignore was created or restored
[NX v22.7.8 Daemon Server] - 2026-09-09T06:01:06.065Z - [WATCHER]: File changes detected:
Created:
  - .gitignore
Updated:
(none)
Deleted:
(none)
[NX v22.7.8 Daemon Server] - 2026-09-09T06:01:06.065Z - [SYNC]: clearing sync generators cache due to file changes
[NX v22.7.8 Daemon Server] - 2026-09-09T06:01:06.066Z - [WATCHER]: Processing file changes in outputs
[NX v22.7.8 Daemon Client] - 2026-09-09T06:01:06.066Z - [ProjectGraphListener] Socket closed, triggering reconnection
[NX v22.7.8 Daemon Server] - 2026-09-09T06:01:06.066Z - Closed a connection. Number of open connections: 1
[NX v22.7.8 Daemon Server] - 2026-09-09T06:01:06.066Z - Closed a connection. Number of open connections: 0
[NX v22.7.8 Daemon Server] - 2026-09-09T06:01:06.067Z - [WATCHER]: Stopping the watcher for c:\Users\DhruvMehta\OneDrive - OmneNest Technologies Pvt Ltd\Desktop\productization-poc (sources)
[NX v22.7.8 Daemon Server] - 2026-09-09T06:01:06.067Z - [WATCHER]: Stopping the watcher for c:\Users\DhruvMehta\OneDrive - OmneNest Technologies Pvt Ltd\Desktop\productization-poc (outputs)
[NX v22.7.8 Daemon Server] - 2026-09-09T06:01:06.071Z - [LATEST-NX]: Cleaning up latest Nx installation from C:\Users\DHRUVM~1\AppData\Local\Temp\tmp-17832-moIY7z3i3SpY
[NX v22.7.8 Daemon Server] - 2026-09-09T06:01:06.072Z - Server stopped because: "Stopping the daemon the set of ignored files changed (native)"
[NX v22.7.8 Daemon Client] - 2026-09-09T06:01:06.077Z - [ProjectGraphListener] Starting reconnection for 1 callbacks
[NX v22.7.8 Daemon Client] - 2026-09-09T06:01:06.084Z - [Client] Waiting for server (max: 6000 attempts, 10ms interval)
